customer_id,customer_segment,customer_city,customer_state,customer_country,customer_zipcode
20755,Consumer,Caguas,PR,Puerto Rico,725.0
19492,Consumer,Caguas,PR,Puerto Rico,725.0
19491,Consumer,San Jose,CA,EE. UU.,95125.0
19490,Home Office,Los Angeles,CA,EE. UU.,90027.0
19489,Corporate,Caguas,PR,Puerto Rico,725.0
19488,Consumer,Tonawanda,NY,EE. UU.,14150.0
19487,Home Office,Caguas,PR,Puerto Rico,725.0
19486,Corporate,Miami,FL,EE. UU.,33162.0
19485,Corporate,Caguas,PR,Puerto Rico,725.0
19484,Corporate,San Ramon,CA,EE. UU.,94583.0
19483,Corporate,Caguas,PR,Puerto Rico,725.0
19482,Consumer,Freeport,NY,EE. UU.,11520.0
19481,Corporate,Salinas,CA,EE. UU.,93905.0
19480,Corporate,Caguas,PR,Puerto Rico,725.0
19479,Corporate,Peabody,MA,EE. UU.,1960.0
19478,Corporate,Caguas,PR,Puerto Rico,725.0
19477,Corporate,Canovanas,PR,Puerto Rico,729.0
19476,Corporate,Paramount,CA,EE. UU.,90723.0
19475,Consumer,Caguas,PR,Puerto Rico,725.0
19474,Consumer,Mount Prospect,IL,EE. UU.,60056.0
19473,Corporate,Long Beach,CA,EE. UU.,90813.0
19472,Corporate,Caguas,PR,Puerto Rico,725.0
19471,Corporate,Rancho Cordova,CA,EE. UU.,95670.0
19470,Corporate,Caguas,PR,Puerto Rico,725.0
19469,Corporate,Billings,MT,EE. UU.,59102.0
19468,Corporate,Caguas,PR,Puerto Rico,725.0
19467,Consumer,Wilkes Barre,PA,EE. UU.,18702.0
19466,Corporate,Caguas,PR,Puerto Rico,725.0
19465,Corporate,Roseville,MI,EE. UU.,48066.0
19464,Consumer,Bellflower,CA,EE. UU.,90706.0
19463,Consumer,Caguas,PR,Puerto Rico,725.0
19462,Consumer,Wheaton,IL,EE. UU.,60187.0
19461,Consumer,Caguas,PR,Puerto Rico,725.0
19460,Consumer,Detroit,MI,EE. UU.,48238.0
19459,Consumer,Dallas,TX,EE. UU.,75220.0
19458,Corporate,Caguas,PR,Puerto Rico,725.0
19457,Corporate,Carlisle,PA,EE. UU.,17013.0
19456,Corporate,Dallas,TX,EE. UU.,75228.0
19455,Consumer,Caguas,PR,Puerto Rico,725.0
19454,Consumer,Newark,DE,EE. UU.,19702.0
19453,Consumer,Panorama City,CA,EE. UU.,91402.0
19452,Home Office,Caguas,PR,Puerto Rico,725.0
19451,Home Office,Atlanta,GA,EE. UU.,30318.0
19450,Home Office,Caguas,PR,Puerto Rico,725.0
19449,Consumer,Fremont,CA,EE. UU.,94539.0
19448,Corporate,Caguas,PR,Puerto Rico,725.0
19447,Corporate,Rochester,NY,EE. UU.,14609.0
19446,Corporate,Dallas,TX,EE. UU.,75211.0
9083,Home Office,Bayamon,PR,Puerto Rico,957.0
4741,Home Office,Caguas,PR,Puerto Rico,725.0
639,Home Office,Caguas,PR,Puerto Rico,725.0
9702,Home Office,Caguas,PR,Puerto Rico,725.0
9114,Home Office,Caguas,PR,Puerto Rico,725.0
1362,Home Office,Caguas,PR,Puerto Rico,725.0
8011,Home Office,Caguas,PR,Puerto Rico,725.0
3296,Home Office,Caguas,PR,Puerto Rico,725.0
3182,Home Office,Caguas,PR,Puerto Rico,725.0
7864,Home Office,Caguas,PR,Puerto Rico,725.0
11169,Home Office,Caguas,PR,Puerto Rico,725.0
5197,Home Office,Caguas,PR,Puerto Rico,725.0
1535,Home Office,Caguas,PR,Puerto Rico,725.0
6122,Home Office,Caguas,PR,Puerto Rico,725.0
9451,Home Office,Caguas,PR,Puerto Rico,725.0
542,Home Office,Caguas,PR,Puerto Rico,725.0
11329,Home Office,Caguas,PR,Puerto Rico,725.0
3570,Home Office,Caguas,PR,Puerto Rico,725.0
650,Home Office,Caguas,PR,Puerto Rico,725.0
9353,Home Office,Caguas,PR,Puerto Rico,725.0
54,Home Office,Caguas,PR,Puerto Rico,725.0
12151,Home Office,Caguas,PR,Puerto Rico,725.0
10018,Home Office,Caguas,PR,Puerto Rico,725.0
4936,Home Office,Caguas,PR,Puerto Rico,725.0
8707,Home Office,Caguas,PR,Puerto Rico,725.0
1025,Home Office,Caguas,PR,Puerto Rico,725.0
8831,Home Office,Caguas,PR,Puerto Rico,725.0
10679,Home Office,Caguas,PR,Puerto Rico,725.0
5007,Home Office,Caguas,PR,Puerto Rico,725.0
9854,Home Office,Caguas,PR,Puerto Rico,725.0
376,Home Office,Caguas,PR,Puerto Rico,725.0
5417,Home Office,Caguas,PR,Puerto Rico,725.0
10759,Home Office,Caguas,PR,Puerto Rico,725.0
8541,Home Office,Caguas,PR,Puerto Rico,725.0
3752,Home Office,Caguas,PR,Puerto Rico,725.0
4673,Home Office,Caguas,PR,Puerto Rico,725.0
5367,Home Office,Caguas,PR,Puerto Rico,725.0
10485,Home Office,Caguas,PR,Puerto Rico,725.0
9272,Home Office,Caguas,PR,Puerto Rico,725.0
647,Consumer,Caguas,PR,Puerto Rico,725.0
6398,Consumer,Caguas,PR,Puerto Rico,725.0
4209,Consumer,Caguas,PR,Puerto Rico,725.0
8917,Consumer,Caguas,PR,Puerto Rico,725.0
7784,Consumer,Caguas,PR,Puerto Rico,725.0
1425,Consumer,Caguas,PR,Puerto Rico,725.0
2737,Consumer,Caguas,PR,Puerto Rico,725.0
6428,Consumer,Caguas,PR,Puerto Rico,725.0
6543,Consumer,Caguas,PR,Puerto Rico,725.0
3990,Consumer,Guayama,PR,Puerto Rico,784.0
8524,Consumer,Caguas,PR,Puerto Rico,725.0
9204,Consumer,Caguas,PR,Puerto Rico,725.0
11761,Consumer,Caguas,PR,Puerto Rico,725.0
9554,Consumer,Caguas,PR,Puerto Rico,725.0
5118,Consumer,Caguas,PR,Puerto Rico,725.0
5506,Consumer,Caguas,PR,Puerto Rico,725.0
1423,Consumer,Caguas,PR,Puerto Rico,725.0
138,Consumer,Caguas,PR,Puerto Rico,725.0
6360,Consumer,Caguas,PR,Puerto Rico,725.0
2053,Consumer,Caguas,PR,Puerto Rico,725.0
10344,Consumer,Juana Diaz,PR,Puerto Rico,795.0
3375,Consumer,Caguas,PR,Puerto Rico,725.0
1339,Consumer,Caguas,PR,Puerto Rico,725.0
7247,Consumer,Caguas,PR,Puerto Rico,725.0
1273,Consumer,Caguas,PR,Puerto Rico,725.0
6277,Consumer,Caguas,PR,Puerto Rico,725.0
7701,Consumer,Caguas,PR,Puerto Rico,725.0
4126,Consumer,Caguas,PR,Puerto Rico,725.0
9528,Consumer,Caguas,PR,Puerto Rico,725.0
1853,Consumer,Caguas,PR,Puerto Rico,725.0
11149,Consumer,Caguas,PR,Puerto Rico,725.0
5828,Consumer,Caguas,PR,Puerto Rico,725.0
6887,Consumer,Caguas,PR,Puerto Rico,725.0
4781,Consumer,Caguas,PR,Puerto Rico,725.0
10668,Consumer,Caguas,PR,Puerto Rico,725.0
5421,Consumer,Caguas,PR,Puerto Rico,725.0
10200,Consumer,Caguas,PR,Puerto Rico,725.0
11254,Consumer,Caguas,PR,Puerto Rico,725.0
11106,Consumer,Caguas,PR,Puerto Rico,725.0
8456,Consumer,Caguas,PR,Puerto Rico,725.0
6149,Consumer,Caguas,PR,Puerto Rico,725.0
1473,Consumer,Caguas,PR,Puerto Rico,725.0
1840,Consumer,Caguas,PR,Puerto Rico,725.0
6757,Consumer,Caguas,PR,Puerto Rico,725.0
3972,Consumer,Caguas,PR,Puerto Rico,725.0
9316,Consumer,Caguas,PR,Puerto Rico,725.0
11213,Consumer,Caguas,PR,Puerto Rico,725.0
3474,Consumer,Caguas,PR,Puerto Rico,725.0
14630,Consumer,Caguas,PR,Puerto Rico,725.0
13256,Consumer,Caguas,PR,Puerto Rico,725.0
14665,Consumer,Caguas,PR,Puerto Rico,725.0
13363,Consumer,Caguas,PR,Puerto Rico,725.0
14645,Consumer,Caguas,PR,Puerto Rico,725.0
13163,Consumer,Caguas,PR,Puerto Rico,725.0
14553,Consumer,Caguas,PR,Puerto Rico,725.0
14287,Consumer,Caguas,PR,Puerto Rico,725.0
13179,Consumer,Caguas,PR,Puerto Rico,725.0
13035,Consumer,Caguas,PR,Puerto Rico,725.0
14322,Consumer,Caguas,PR,Puerto Rico,725.0
13196,Consumer,Caguas,PR,Puerto Rico,725.0
14604,Consumer,Caguas,PR,Puerto Rico,725.0
12961,Consumer,Caguas,PR,Puerto Rico,725.0
14676,Consumer,Caguas,PR,Puerto Rico,725.0
14087,Consumer,Caguas,PR,Puerto Rico,725.0
13194,Consumer,Caguas,PR,Puerto Rico,725.0
14513,Consumer,Caguas,PR,Puerto Rico,725.0
13461,Consumer,Caguas,PR,Puerto Rico,725.0
14510,Consumer,Caguas,PR,Puerto Rico,725.0
13190,Consumer,Caguas,PR,Puerto Rico,725.0
14508,Consumer,Caguas,PR,Puerto Rico,725.0
14472,Consumer,Caguas,PR,Puerto Rico,725.0
14562,Consumer,Caguas,PR,Puerto Rico,725.0
13206,Consumer,Caguas,PR,Puerto Rico,725.0
13080,Consumer,Caguas,PR,Puerto Rico,725.0
14633,Consumer,Caguas,PR,Puerto Rico,725.0
14097,Consumer,Caguas,PR,Puerto Rico,725.0
13024,Consumer,Caguas,PR,Puerto Rico,725.0
778,Consumer,Caguas,PR,Puerto Rico,725.0
7146,Consumer,Caguas,PR,Puerto Rico,725.0
6365,Consumer,Caguas,PR,Puerto Rico,725.0
8422,Consumer,Caguas,PR,Puerto Rico,725.0
3784,Consumer,Caguas,PR,Puerto Rico,725.0
10519,Consumer,Caguas,PR,Puerto Rico,725.0
7132,Consumer,Caguas,PR,Puerto Rico,725.0
3709,Consumer,Caguas,PR,Puerto Rico,725.0
1509,Consumer,Freeport,NY,EE. UU.,11520.0
1636,Consumer,Fort Washington,MD,EE. UU.,20744.0
2784,Consumer,Bakersfield,CA,EE. UU.,93304.0
9174,Consumer,Corona,NY,EE. UU.,11368.0
122,Consumer,Cincinnati,OH,EE. UU.,45238.0
3800,Consumer,Germantown,MD,EE. UU.,20874.0
10029,Consumer,Carrollton,TX,EE. UU.,75006.0
2805,Consumer,Houston,TX,EE. UU.,77093.0
12253,Consumer,Carlisle,PA,EE. UU.,17013.0
3528,Consumer,Los Angeles,CA,EE. UU.,90023.0
11018,Consumer,Ewa Beach,HI,EE. UU.,96706.0
3222,Consumer,Lakewood,NJ,EE. UU.,8701.0
6246,Consumer,Rome,NY,EE. UU.,13440.0
8741,Consumer,Vista,CA,EE. UU.,92083.0
8050,Consumer,Fort Worth,TX,EE. UU.,76106.0
5474,Consumer,Fond Du Lac,WI,EE. UU.,54935.0
474,Consumer,Philadelphia,PA,EE. UU.,19139.0
12255,Consumer,Ontario,CA,EE. UU.,91764.0
10288,Consumer,Oviedo,FL,EE. UU.,32765.0
4717,Consumer,Buffalo,NY,EE. UU.,14221.0
4799,Consumer,Honolulu,HI,EE. UU.,96822.0
4533,Consumer,Oceanside,CA,EE. UU.,92056.0
12383,Consumer,North Tonawanda,NY,EE. UU.,14120.0
3518,Consumer,Clovis,CA,EE. UU.,93611.0
4674,Consumer,Jamaica,NY,EE. UU.,11434.0
8519,Consumer,Granite City,IL,EE. UU.,62040.0
5302,Consumer,Medford,MA,EE. UU.,2155.0
3594,Consumer,Pomona,CA,EE. UU.,91766.0
9890,Consumer,Tempe,AZ,EE. UU.,85281.0
1410,Consumer,Santa Ana,CA,EE. UU.,92703.0
7521,Consumer,York,PA,EE. UU.,17402.0
2106,Consumer,Aurora,CO,EE. UU.,80010.0
8144,Consumer,Simi Valley,CA,EE. UU.,93065.0
5643,Consumer,Silver Spring,MD,EE. UU.,20904.0
2041,Consumer,Saint Paul,MN,EE. UU.,55124.0
7537,Consumer,San Antonio,TX,EE. UU.,78201.0
3056,Consumer,Philadelphia,PA,EE. UU.,19143.0
7967,Consumer,Philadelphia,PA,EE. UU.,19149.0
1758,Consumer,Bronx,NY,EE. UU.,10466.0
7884,Corporate,Greenville,NC,EE. UU.,27858.0
289,Corporate,Morristown,NJ,EE. UU.,7960.0
10081,Corporate,San Diego,CA,EE. UU.,92115.0
1169,Corporate,Oxnard,CA,EE. UU.,93030.0
1182,Corporate,Miami,FL,EE. UU.,33147.0
717,Corporate,Albuquerque,NM,EE. UU.,87111.0
20423,Corporate,Amarillo,TX,EE. UU.,79109.0
5801,Corporate,Lutz,FL,EE. UU.,33549.0
702,Corporate,Bend,OR,EE. UU.,97701.0
6951,Corporate,East Brunswick,NJ,EE. UU.,8816.0
6780,Corporate,Lancaster,SC,EE. UU.,29720.0
6422,Corporate,Ontario,CA,EE. UU.,91762.0
5384,Corporate,Houston,TX,EE. UU.,77015.0
2985,Corporate,Hampton,VA,EE. UU.,23666.0
18349,Corporate,New York,NY,EE. UU.,10016.0
11286,Corporate,Porterville,CA,EE. UU.,93257.0
489,Corporate,Portland,OR,EE. UU.,97223.0
4510,Corporate,Strongsville,OH,EE. UU.,44136.0
9626,Corporate,El Paso,TX,EE. UU.,79927.0
9494,Corporate,Del Rio,TX,EE. UU.,78840.0
1718,Corporate,Buffalo,NY,EE. UU.,14221.0
5295,Corporate,Bountiful,UT,EE. UU.,84010.0
3984,Corporate,Kent,WA,EE. UU.,98031.0
5270,Corporate,Chicago,IL,EE. UU.,60620.0
10966,Corporate,Plymouth,MA,EE. UU.,2360.0
1868,Corporate,Far Rockaway,NY,EE. UU.,11691.0
17446,Corporate,Houston,TX,EE. UU.,77088.0
10071,Corporate,Philadelphia,PA,EE. UU.,19124.0
1271,Corporate,Simi Valley,CA,EE. UU.,93065.0
11930,Corporate,Detroit,MI,EE. UU.,48227.0
20529,Corporate,Garden Grove,CA,EE. UU.,92840.0
8358,Corporate,San Diego,CA,EE. UU.,92105.0
7705,Corporate,Chicago,IL,EE. UU.,60609.0
17392,Corporate,Placentia,CA,EE. UU.,92870.0
18276,Corporate,San Jose,CA,EE. UU.,95148.0
7795,Corporate,Honolulu,HI,EE. UU.,96822.0
20655,Corporate,Mentor,OH,EE. UU.,44060.0
2454,Corporate,Santa Clara,CA,EE. UU.,95051.0
150,Corporate,Union,NJ,EE. UU.,7083.0
10671,Corporate,Long Beach,CA,EE. UU.,90805.0
11924,Corporate,Westminster,CA,EE. UU.,92683.0
16086,Corporate,Pompano Beach,FL,EE. UU.,33068.0
4398,Consumer,Azusa,CA,EE. UU.,91702.0
5687,Consumer,Fort Lauderdale,FL,EE. UU.,33324.0
8534,Consumer,San Antonio,TX,EE. UU.,78201.0
3372,Consumer,Princeton,NJ,EE. UU.,8540.0
10927,Consumer,Perth Amboy,NJ,EE. UU.,8861.0
3597,Consumer,Miami,FL,EE. UU.,33162.0
2052,Consumer,Loveland,OH,EE. UU.,45140.0
4399,Consumer,Virginia Beach,VA,EE. UU.,23455.0
185,Consumer,Louisville,KY,EE. UU.,40214.0
3441,Consumer,Lockport,NY,EE. UU.,14094.0
11947,Consumer,Chicago,IL,EE. UU.,60608.0
1555,Consumer,Staten Island,NY,EE. UU.,10314.0
9399,Consumer,Tucson,AZ,EE. UU.,85719.0
2792,Consumer,Plymouth,MA,EE. UU.,2360.0
10118,Consumer,Cleveland,OH,EE. UU.,44120.0
8544,Consumer,Bronx,NY,EE. UU.,10458.0
4296,Consumer,Webster,NY,EE. UU.,14580.0
4391,Consumer,Stockton,CA,EE. UU.,95207.0
2882,Consumer,Amarillo,TX,EE. UU.,79109.0
3283,Consumer,Martinsburg,WV,EE. UU.,25401.0
397,Consumer,Cumberland,MD,EE. UU.,21502.0
4104,Consumer,Pekin,IL,EE. UU.,61554.0
12214,Consumer,Tallahassee,FL,EE. UU.,32308.0
10699,Consumer,Jacksonville,FL,EE. UU.,32225.0
2091,Consumer,Woonsocket,RI,EE. UU.,2895.0
10474,Consumer,Stockton,CA,EE. UU.,95206.0
7504,Consumer,Lithonia,GA,EE. UU.,30058.0
7518,Consumer,Oak Lawn,IL,EE. UU.,60453.0
1738,Consumer,Detroit,MI,EE. UU.,48213.0
1622,Consumer,Alhambra,CA,EE. UU.,91801.0
1325,Consumer,New Haven,CT,EE. UU.,6511.0
5505,Consumer,North Tonawanda,NY,EE. UU.,14120.0
4210,Consumer,Phoenix,AZ,EE. UU.,85029.0
11229,Consumer,Kenner,LA,EE. UU.,70065.0
9385,Consumer,Washington,PA,EE. UU.,15301.0
900,Consumer,Holland,MI,EE. UU.,49423.0
6217,Consumer,Morrisville,PA,EE. UU.,19067.0
9466,Consumer,Memphis,TN,EE. UU.,38128.0
4596,Consumer,Federal Way,WA,EE. UU.,98023.0
5206,Consumer,San Diego,CA,EE. UU.,92113.0
2823,Consumer,Chicago,IL,EE. UU.,60626.0
10408,Consumer,Los Angeles,CA,EE. UU.,90027.0
11011,Consumer,Bronx,NY,EE. UU.,10457.0
40,Consumer,Long Beach,CA,EE. UU.,90805.0
11636,Consumer,Chicago,IL,EE. UU.,60637.0
7454,Corporate,West Covina,CA,EE. UU.,91790.0
5138,Corporate,Ventura,CA,EE. UU.,93003.0
8696,Corporate,Washington,DC,EE. UU.,20009.0
2329,Corporate,Valrico,FL,EE. UU.,33594.0
12431,Corporate,Kaneohe,HI,EE. UU.,96744.0
10860,Corporate,Ventura,CA,EE. UU.,93003.0
12094,Corporate,Brooklyn,NY,EE. UU.,11218.0
5088,Corporate,Oceanside,CA,EE. UU.,92057.0
2200,Corporate,Fort Worth,TX,EE. UU.,76116.0
3997,Corporate,Brooklyn,NY,EE. UU.,11218.0
8746,Corporate,Cleveland,OH,EE. UU.,44120.0
3687,Corporate,Philadelphia,PA,EE. UU.,19145.0
9162,Corporate,Lodi,CA,EE. UU.,95240.0
8993,Corporate,Bakersfield,CA,EE. UU.,93308.0
5875,Corporate,Philadelphia,PA,EE. UU.,19143.0
2502,Corporate,Long Beach,CA,EE. UU.,90813.0
9563,Corporate,San Jose,CA,EE. UU.,95122.0
7259,Corporate,Murfreesboro,TN,EE. UU.,37130.0
3131,Corporate,Carlsbad,CA,EE. UU.,92009.0
4140,Corporate,Hamilton,OH,EE. UU.,45011.0
4539,Corporate,Houston,TX,EE. UU.,77083.0
6071,Corporate,New York,NY,EE. UU.,10031.0
8730,Corporate,Hayward,CA,EE. UU.,94541.0
9634,Corporate,Bridgeton,NJ,EE. UU.,8302.0
8010,Corporate,Martinsburg,WV,EE. UU.,25401.0
3484,Corporate,Bay Shore,NY,EE. UU.,11706.0
7307,Corporate,Palatine,IL,EE. UU.,60067.0
1975,Corporate,Smyrna,GA,EE. UU.,30080.0
629,Corporate,Van Nuys,CA,EE. UU.,91406.0
11753,Corporate,Opa Locka,FL,EE. UU.,33055.0
5375,Corporate,Los Angeles,CA,EE. UU.,90046.0
1695,Corporate,Saint Paul,MN,EE. UU.,55106.0
9884,Corporate,Edison,NJ,EE. UU.,8817.0
8498,Corporate,Baytown,TX,EE. UU.,77520.0
7534,Corporate,Sylmar,CA,EE. UU.,91342.0
123,Corporate,Bend,OR,EE. UU.,97701.0
8925,Corporate,Opa Locka,FL,EE. UU.,33055.0
5981,Corporate,Burnsville,MN,EE. UU.,55337.0
7347,Corporate,Huntington Station,NY,EE. UU.,11746.0
19445,Corporate,Caguas,PR,Puerto Rico,725.0
19444,Corporate,Sunnyvale,CA,EE. UU.,94087.0
19443,Corporate,Sugar Land,TX,EE. UU.,77478.0
19442,Corporate,Caguas,PR,Puerto Rico,725.0
19441,Corporate,Brighton,MA,EE. UU.,2135.0
19440,Corporate,Caguas,PR,Puerto Rico,725.0
19439,Corporate,Garden Grove,CA,EE. UU.,92840.0
19438,Home Office,Caguas,PR,Puerto Rico,725.0
19437,Corporate,Bismarck,ND,EE. UU.,58501.0
19436,Home Office,Caguas,PR,Puerto Rico,725.0
19435,Consumer,Gaithersburg,MD,EE. UU.,20878.0
19434,Corporate,Caguas,PR,Puerto Rico,725.0
19433,Corporate,Bismarck,ND,EE. UU.,58501.0
19432,Corporate,Honolulu,HI,EE. UU.,96817.0
19431,Corporate,Lilburn,GA,EE. UU.,30047.0
19430,Corporate,Caguas,PR,Puerto Rico,725.0
19429,Consumer,Virginia Beach,VA,EE. UU.,23455.0
19428,Consumer,Azusa,CA,EE. UU.,91702.0
19427,Corporate,Long Beach,CA,EE. UU.,90813.0
19426,Consumer,Bronx,NY,EE. UU.,10458.0
19425,Consumer,Caguas,PR,Puerto Rico,725.0
19424,Consumer,Provo,UT,EE. UU.,84604.0
19423,Consumer,Columbia,TN,EE. UU.,38401.0
19422,Consumer,Caguas,PR,Puerto Rico,725.0
19421,Consumer,Stockton,CA,EE. UU.,95207.0
19420,Home Office,Marietta,GA,EE. UU.,30062.0
19419,Home Office,Caguas,PR,Puerto Rico,725.0
19418,Consumer,Holland,MI,EE. UU.,49423.0
19417,Home Office,Rio Grande,PR,Puerto Rico,745.0
19416,Home Office,Brooklyn,NY,EE. UU.,11212.0
19415,Consumer,Caguas,PR,Puerto Rico,725.0
19414,Corporate,Denver,CO,EE. UU.,80219.0
19413,Corporate,Taylor,MI,EE. UU.,48180.0
19412,Corporate,Caguas,PR,Puerto Rico,725.0
19411,Corporate,Chicago,IL,EE. UU.,60637.0
19410,Corporate,Caguas,PR,Puerto Rico,725.0
19409,Corporate,Detroit,MI,EE. UU.,48205.0
19408,Consumer,Caguas,PR,Puerto Rico,725.0
19407,Consumer,Murfreesboro,TN,EE. UU.,37130.0
19406,Consumer,Caguas,PR,Puerto Rico,725.0
19405,Corporate,Cleveland,OH,EE. UU.,44102.0
19404,Consumer,Caguas,PR,Puerto Rico,725.0
19403,Corporate,Lockport,NY,EE. UU.,14094.0
19402,Corporate,Caguas,PR,Puerto Rico,725.0
19401,Corporate,Saint Charles,MO,EE. UU.,63301.0
19400,Corporate,Los Angeles,CA,EE. UU.,90046.0
19399,Home Office,Cupertino,CA,EE. UU.,95014.0
19398,Home Office,Caguas,PR,Puerto Rico,725.0
19397,Home Office,Springfield,MO,EE. UU.,65807.0
19396,Home Office,Caguas,PR,Puerto Rico,725.0
19395,Home Office,Mission Viejo,CA,EE. UU.,92692.0
19394,Home Office,Los Angeles,CA,EE. UU.,90042.0
19393,Home Office,Caguas,PR,Puerto Rico,725.0
19392,Home Office,Roswell,GA,EE. UU.,30075.0
19391,Corporate,Caguas,PR,Puerto Rico,725.0
19390,Home Office,Ypsilanti,MI,EE. UU.,48197.0
19389,Corporate,Brooklyn,NY,EE. UU.,11218.0
19388,Corporate,Caguas,PR,Puerto Rico,725.0
19387,Corporate,Peoria,AZ,EE. UU.,85345.0
19386,Corporate,Caguas,PR,Puerto Rico,725.0
19385,Corporate,Garden Grove,CA,EE. UU.,92843.0
19384,Home Office,Caguas,PR,Puerto Rico,725.0
19383,Corporate,Clementon,NJ,EE. UU.,8021.0
19382,Corporate,Memphis,TN,EE. UU.,38127.0
19381,Consumer,Antioch,TN,EE. UU.,37013.0
19380,Consumer,Caguas,PR,Puerto Rico,725.0
19379,Home Office,Salt Lake City,UT,EE. UU.,84118.0
19378,Consumer,Caguas,PR,Puerto Rico,725.0
19377,Consumer,Bakersfield,CA,EE. UU.,93304.0
19376,Corporate,Caguas,PR,Puerto Rico,725.0
19375,Consumer,Granada Hills,CA,EE. UU.,91344.0
19374,Consumer,Caguas,PR,Puerto Rico,725.0
19373,Home Office,Tallahassee,FL,EE. UU.,32308.0
19372,Home Office,Caguas,PR,Puerto Rico,725.0
19371,Home Office,Hempstead,NY,EE. UU.,11550.0
19370,Corporate,Caguas,PR,Puerto Rico,725.0
19369,Corporate,Astoria,NY,EE. UU.,11103.0
19368,Consumer,Gilroy,CA,EE. UU.,95020.0
19367,Consumer,Caguas,PR,Puerto Rico,725.0
19366,Consumer,Azusa,CA,EE. UU.,91702.0
19365,Consumer,Caguas,PR,Puerto Rico,725.0
19364,Consumer,Lenoir,NC,EE. UU.,28645.0
19363,Consumer,Columbus,OH,EE. UU.,43228.0
19362,Consumer,Albany,OR,EE. UU.,97321.0
19361,Consumer,Humacao,PR,Puerto Rico,791.0
19360,Corporate,Caguas,PR,Puerto Rico,725.0
19359,Corporate,Lindenhurst,NY,EE. UU.,11757.0
19358,Corporate,Elyria,OH,EE. UU.,44035.0
19357,Corporate,Caguas,PR,Puerto Rico,725.0
19356,Consumer,Riverside,CA,EE. UU.,92504.0
19355,Corporate,Caguas,PR,Puerto Rico,725.0
19354,Home Office,Carson,CA,EE. UU.,90745.0
19353,Consumer,Mesa,AZ,EE. UU.,85204.0
19352,Home Office,Caguas,PR,Puerto Rico,725.0
19351,Home Office,Honolulu,HI,EE. UU.,96818.0
19350,Consumer,Caguas,PR,Puerto Rico,725.0
12069,Home Office,Caguas,PR,Puerto Rico,725.0
9597,Home Office,Caguas,PR,Puerto Rico,725.0
9467,Home Office,Caguas,PR,Puerto Rico,725.0
2546,Home Office,Caguas,PR,Puerto Rico,725.0
2240,Home Office,Caguas,PR,Puerto Rico,725.0
11650,Home Office,Caguas,PR,Puerto Rico,725.0
10368,Home Office,Caguas,PR,Puerto Rico,725.0
6489,Home Office,Caguas,PR,Puerto Rico,725.0
10533,Home Office,Caguas,PR,Puerto Rico,725.0
11292,Home Office,Caguas,PR,Puerto Rico,725.0
47,Home Office,Caguas,PR,Puerto Rico,725.0
6405,Home Office,Caguas,PR,Puerto Rico,725.0
2426,Home Office,Caguas,PR,Puerto Rico,725.0
8133,Home Office,Caguas,PR,Puerto Rico,725.0
1429,Home Office,Caguas,PR,Puerto Rico,725.0
9120,Home Office,Caguas,PR,Puerto Rico,725.0
12221,Home Office,Caguas,PR,Puerto Rico,725.0
9415,Home Office,Caguas,PR,Puerto Rico,725.0
724,Home Office,Caguas,PR,Puerto Rico,725.0
8897,Home Office,Caguas,PR,Puerto Rico,725.0
7112,Home Office,Caguas,PR,Puerto Rico,725.0
1086,Home Office,Caguas,PR,Puerto Rico,725.0
2916,Home Office,Caguas,PR,Puerto Rico,725.0
11339,Home Office,Caguas,PR,Puerto Rico,725.0
10166,Home Office,Caguas,PR,Puerto Rico,725.0
3091,Home Office,Caguas,PR,Puerto Rico,725.0
1070,Home Office,Caguas,PR,Puerto Rico,725.0
6871,Home Office,Caguas,PR,Puerto Rico,725.0
2339,Home Office,Caguas,PR,Puerto Rico,725.0
4232,Home Office,Caguas,PR,Puerto Rico,725.0
8986,Home Office,Caguas,PR,Puerto Rico,725.0
6491,Home Office,Caguas,PR,Puerto Rico,725.0
5564,Home Office,Caguas,PR,Puerto Rico,725.0
7955,Home Office,Caguas,PR,Puerto Rico,725.0
5728,Home Office,Caguas,PR,Puerto Rico,725.0
9704,Home Office,Caguas,PR,Puerto Rico,725.0
8485,Home Office,Caguas,PR,Puerto Rico,725.0
11216,Home Office,Caguas,PR,Puerto Rico,725.0
12160,Home Office,Caguas,PR,Puerto Rico,725.0
6352,Home Office,Caguas,PR,Puerto Rico,725.0
5870,Home Office,Caguas,PR,Puerto Rico,725.0
11776,Home Office,Caguas,PR,Puerto Rico,725.0
7060,Home Office,Caguas,PR,Puerto Rico,725.0
3466,Home Office,Caguas,PR,Puerto Rico,725.0
1834,Home Office,Caguas,PR,Puerto Rico,725.0
2439,Home Office,Caguas,PR,Puerto Rico,725.0
6416,Home Office,Caguas,PR,Puerto Rico,725.0
6310,Home Office,Caguas,PR,Puerto Rico,725.0
9029,Home Office,Caguas,PR,Puerto Rico,725.0
295,Home Office,Caguas,PR,Puerto Rico,725.0
9011,Home Office,Caguas,PR,Puerto Rico,725.0
1577,Home Office,Caguas,PR,Puerto Rico,725.0
1568,Home Office,Caguas,PR,Puerto Rico,725.0
9047,Home Office,Caguas,PR,Puerto Rico,725.0
7603,Home Office,Caguas,PR,Puerto Rico,725.0
6746,Home Office,Caguas,PR,Puerto Rico,725.0
1566,Consumer,Caguas,PR,Puerto Rico,725.0
2918,Consumer,Caguas,PR,Puerto Rico,725.0
1491,Consumer,Caguas,PR,Puerto Rico,725.0
14915,Consumer,Caguas,PR,Puerto Rico,725.0
9619,Consumer,Caguas,PR,Puerto Rico,725.0
2363,Consumer,Caguas,PR,Puerto Rico,725.0
5898,Consumer,Caguas,PR,Puerto Rico,725.0
1948,Consumer,Caguas,PR,Puerto Rico,725.0
1820,Consumer,Caguas,PR,Puerto Rico,725.0
14770,Consumer,Caguas,PR,Puerto Rico,725.0
1962,Consumer,Caguas,PR,Puerto Rico,725.0
7175,Consumer,Caguas,PR,Puerto Rico,725.0
1222,Consumer,Caguas,PR,Puerto Rico,725.0
487,Consumer,Caguas,PR,Puerto Rico,725.0
2217,Consumer,Caguas,PR,Puerto Rico,725.0
14824,Consumer,Caguas,PR,Puerto Rico,725.0
2078,Consumer,San Juan,PR,Puerto Rico,921.0
10497,Consumer,Caguas,PR,Puerto Rico,725.0
4695,Consumer,Caguas,PR,Puerto Rico,725.0
9857,Consumer,Caguas,PR,Puerto Rico,725.0
2168,Consumer,Caguas,PR,Puerto Rico,725.0
4078,Consumer,Caguas,PR,Puerto Rico,725.0
11887,Consumer,Caguas,PR,Puerto Rico,725.0
6588,Consumer,Caguas,PR,Puerto Rico,725.0
7167,Consumer,Caguas,PR,Puerto Rico,725.0
1459,Consumer,Caguas,PR,Puerto Rico,725.0
548,Consumer,Caguas,PR,Puerto Rico,725.0
5224,Consumer,Caguas,PR,Puerto Rico,725.0
2686,Consumer,Caguas,PR,Puerto Rico,725.0
468,Consumer,Caguas,PR,Puerto Rico,725.0
1260,Consumer,Caguas,PR,Puerto Rico,725.0
3050,Consumer,Caguas,PR,Puerto Rico,725.0
10308,Consumer,Caguas,PR,Puerto Rico,725.0
387,Consumer,Caguas,PR,Puerto Rico,725.0
2270,Consumer,Caguas,PR,Puerto Rico,725.0
482,Consumer,Caguas,PR,Puerto Rico,725.0
1956,Consumer,Caguas,PR,Puerto Rico,725.0
7466,Consumer,Caguas,PR,Puerto Rico,725.0
8224,Consumer,Caguas,PR,Puerto Rico,725.0
3490,Consumer,Caguas,PR,Puerto Rico,725.0
1596,Consumer,Caguas,PR,Puerto Rico,725.0
3969,Consumer,Vega Baja,PR,Puerto Rico,693.0
9342,Consumer,Caguas,PR,Puerto Rico,725.0
2028,Consumer,Caguas,PR,Puerto Rico,725.0
3940,Consumer,Caguas,PR,Puerto Rico,725.0
8293,Consumer,Caguas,PR,Puerto Rico,725.0
9962,Consumer,Caguas,PR,Puerto Rico,725.0
8098,Consumer,Caguas,PR,Puerto Rico,725.0
8348,Consumer,Caguas,PR,Puerto Rico,725.0
653,Consumer,Caguas,PR,Puerto Rico,725.0
8645,Consumer,Caguas,PR,Puerto Rico,725.0
1275,Consumer,Caguas,PR,Puerto Rico,725.0
11189,Consumer,Caguas,PR,Puerto Rico,725.0
5988,Consumer,Caguas,PR,Puerto Rico,725.0
9726,Consumer,Caguas,PR,Puerto Rico,725.0
5113,Consumer,Caguas,PR,Puerto Rico,725.0
7202,Consumer,Caguas,PR,Puerto Rico,725.0
1173,Consumer,Caguas,PR,Puerto Rico,725.0
13597,Consumer,Caguas,PR,Puerto Rico,725.0
4047,Consumer,Caguas,PR,Puerto Rico,725.0
6594,Consumer,Caguas,PR,Puerto Rico,725.0
1186,Consumer,Caguas,PR,Puerto Rico,725.0
4279,Consumer,Caguas,PR,Puerto Rico,725.0
4151,Consumer,Caguas,PR,Puerto Rico,725.0
14848,Consumer,Caguas,PR,Puerto Rico,725.0
4697,Consumer,Caguas,PR,Puerto Rico,725.0
5887,Consumer,Caguas,PR,Puerto Rico,725.0
3207,Consumer,Caguas,PR,Puerto Rico,725.0
12310,Consumer,Caguas,PR,Puerto Rico,725.0
8397,Consumer,Caguas,PR,Puerto Rico,725.0
6306,Consumer,Caguas,PR,Puerto Rico,725.0
8002,Consumer,Caguas,PR,Puerto Rico,725.0
12382,Consumer,Caguas,PR,Puerto Rico,725.0
7844,Consumer,Mayaguez,PR,Puerto Rico,680.0
12291,Consumer,Caguas,PR,Puerto Rico,725.0
6523,Consumer,Caguas,PR,Puerto Rico,725.0
4867,Consumer,Caguas,PR,Puerto Rico,725.0
5301,Consumer,Caguas,PR,Puerto Rico,725.0
4784,Consumer,Caguas,PR,Puerto Rico,725.0
7446,Consumer,Caguas,PR,Puerto Rico,725.0
11455,Consumer,Caguas,PR,Puerto Rico,725.0
5364,Consumer,Caguas,PR,Puerto Rico,725.0
259,Consumer,Caguas,PR,Puerto Rico,725.0
11290,Consumer,Caguas,PR,Puerto Rico,725.0
8517,Consumer,Humacao,PR,Puerto Rico,791.0
7407,Consumer,Caguas,PR,Puerto Rico,725.0
5965,Consumer,Caguas,PR,Puerto Rico,725.0
8677,Consumer,Caguas,PR,Puerto Rico,725.0
10093,Consumer,Caguas,PR,Puerto Rico,725.0
12119,Consumer,Caguas,PR,Puerto Rico,725.0
8274,Consumer,Caguas,PR,Puerto Rico,725.0
2291,Consumer,Caguas,PR,Puerto Rico,725.0
11310,Consumer,Caguas,PR,Puerto Rico,725.0
155,Consumer,Caguas,PR,Puerto Rico,725.0
4998,Consumer,Caguas,PR,Puerto Rico,725.0
7720,Consumer,Caguas,PR,Puerto Rico,725.0
3099,Consumer,Caguas,PR,Puerto Rico,725.0
5011,Consumer,Caguas,PR,Puerto Rico,725.0
2643,Consumer,Caguas,PR,Puerto Rico,725.0
9501,Consumer,Caguas,PR,Puerto Rico,725.0
9760,Consumer,Caguas,PR,Puerto Rico,725.0
11793,Consumer,Caguas,PR,Puerto Rico,725.0
7273,Consumer,Bayamon,PR,Puerto Rico,957.0
3329,Consumer,Caguas,PR,Puerto Rico,725.0
9429,Consumer,Caguas,PR,Puerto Rico,725.0
437,Consumer,Caguas,PR,Puerto Rico,725.0
2538,Consumer,Caguas,PR,Puerto Rico,725.0
4280,Consumer,Arecibo,PR,Puerto Rico,612.0
2813,Consumer,Caguas,PR,Puerto Rico,725.0
4249,Consumer,Caguas,PR,Puerto Rico,725.0
9697,Consumer,Vega Baja,PR,Puerto Rico,693.0
27,Consumer,Caguas,PR,Puerto Rico,725.0
5274,Consumer,Caguas,PR,Puerto Rico,725.0
11273,Consumer,Caguas,PR,Puerto Rico,725.0
9495,Consumer,Caguas,PR,Puerto Rico,725.0
4841,Consumer,Caguas,PR,Puerto Rico,725.0
9803,Consumer,Caguas,PR,Puerto Rico,725.0
7391,Consumer,Caguas,PR,Puerto Rico,725.0
11426,Consumer,Caguas,PR,Puerto Rico,725.0
11664,Consumer,Caguas,PR,Puerto Rico,725.0
5339,Consumer,Caguas,PR,Puerto Rico,725.0
3204,Consumer,Caguas,PR,Puerto Rico,725.0
4438,Consumer,Caguas,PR,Puerto Rico,725.0
5243,Consumer,Caguas,PR,Puerto Rico,725.0
5089,Consumer,Caguas,PR,Puerto Rico,725.0
6073,Consumer,Caguas,PR,Puerto Rico,725.0
8992,Consumer,Caguas,PR,Puerto Rico,725.0
6466,Consumer,Caguas,PR,Puerto Rico,725.0
11438,Consumer,Caguas,PR,Puerto Rico,725.0
9524,Consumer,Caguas,PR,Puerto Rico,725.0
2464,Consumer,Caguas,PR,Puerto Rico,725.0
3770,Consumer,San Sebastian,PR,Puerto Rico,685.0
1306,Consumer,Caguas,PR,Puerto Rico,725.0
10811,Consumer,Caguas,PR,Puerto Rico,725.0
12033,Consumer,Caguas,PR,Puerto Rico,725.0
9248,Consumer,Caguas,PR,Puerto Rico,725.0
2214,Consumer,Caguas,PR,Puerto Rico,725.0
6738,Consumer,Caguas,PR,Puerto Rico,725.0
5074,Consumer,Caguas,PR,Puerto Rico,725.0
9148,Consumer,Caguas,PR,Puerto Rico,725.0
3497,Consumer,New York,NY,EE. UU.,10016.0
10066,Consumer,Phoenix,AZ,EE. UU.,85033.0
4248,Consumer,Eugene,OR,EE. UU.,97402.0
6473,Consumer,Long Beach,CA,EE. UU.,90806.0
12288,Consumer,Algonquin,IL,EE. UU.,60102.0
7764,Consumer,Indianapolis,IN,EE. UU.,46227.0
11720,Consumer,Los Angeles,CA,EE. UU.,90003.0
3935,Consumer,Buena Park,CA,EE. UU.,90620.0
8792,Consumer,Hayward,CA,EE. UU.,94541.0
10416,Consumer,Catonsville,MD,EE. UU.,21228.0
424,Consumer,Carlisle,PA,EE. UU.,17013.0
10031,Consumer,Staten Island,NY,EE. UU.,10306.0
10819,Consumer,Long Beach,CA,EE. UU.,90806.0
5418,Consumer,Marietta,GA,EE. UU.,30066.0
7272,Consumer,Jersey City,NJ,EE. UU.,7305.0
5329,Consumer,Long Beach,CA,EE. UU.,90805.0
7810,Consumer,Memphis,TN,EE. UU.,38109.0
3624,Consumer,Lutz,FL,EE. UU.,33549.0
7331,Consumer,Lombard,IL,EE. UU.,60148.0
125,Consumer,Oxnard,CA,EE. UU.,93030.0
9419,Consumer,Brooklyn,NY,EE. UU.,11207.0
1250,Consumer,New Bedford,MA,EE. UU.,2740.0
7683,Consumer,Newburgh,NY,EE. UU.,12550.0
2728,Consumer,Miami,FL,EE. UU.,33175.0
4612,Consumer,Lansdale,PA,EE. UU.,19446.0
12019,Consumer,Los Angeles,CA,EE. UU.,90037.0
10549,Consumer,Baltimore,MD,EE. UU.,21206.0
4909,Consumer,Phoenix,AZ,EE. UU.,85035.0
5854,Consumer,Fullerton,CA,EE. UU.,92833.0
3066,Consumer,Baltimore,MD,EE. UU.,21218.0
11431,Consumer,Sacramento,CA,EE. UU.,95823.0
9906,Consumer,Chicago,IL,EE. UU.,60614.0
2048,Consumer,Greensboro,NC,EE. UU.,27410.0
3071,Consumer,San Jose,CA,EE. UU.,95127.0
11065,Consumer,New York,NY,EE. UU.,10031.0
394,Consumer,Lakewood,OH,EE. UU.,44107.0
5707,Consumer,Hamilton,OH,EE. UU.,45011.0
2682,Consumer,Roseburg,OR,EE. UU.,97470.0
467,Consumer,Modesto,CA,EE. UU.,95350.0
10577,Consumer,New York,NY,EE. UU.,10003.0
3471,Consumer,New Bedford,MA,EE. UU.,2740.0
3535,Consumer,Encinitas,CA,EE. UU.,92024.0
11715,Consumer,San Jose,CA,EE. UU.,95116.0
9814,Consumer,Rome,NY,EE. UU.,13440.0
4848,Consumer,Watsonville,CA,EE. UU.,95076.0
569,Consumer,Meridian,ID,EE. UU.,83642.0
5749,Consumer,Houston,TX,EE. UU.,77084.0
4460,Consumer,Los Angeles,CA,EE. UU.,90027.0
6506,Consumer,Brooklyn,NY,EE. UU.,11229.0
6050,Consumer,Endicott,NY,EE. UU.,13760.0
3246,Consumer,San Jose,CA,EE. UU.,95148.0
2364,Consumer,Katy,TX,EE. UU.,77450.0
12216,Consumer,Visalia,CA,EE. UU.,93277.0
11388,Consumer,Lancaster,CA,EE. UU.,93535.0
1628,Consumer,Phoenix,AZ,EE. UU.,85022.0
7222,Consumer,Lompoc,CA,EE. UU.,93436.0
5929,Consumer,Miami,FL,EE. UU.,33186.0
6123,Consumer,York,PA,EE. UU.,17404.0
587,Consumer,Ogden,UT,EE. UU.,84404.0
1240,Consumer,Raleigh,NC,EE. UU.,27610.0
8806,Consumer,Virginia Beach,VA,EE. UU.,23455.0
341,Consumer,Carlsbad,CA,EE. UU.,92009.0
3064,Consumer,Hacienda Heights,CA,EE. UU.,91745.0
10614,Consumer,Union City,NJ,EE. UU.,7087.0
10563,Consumer,Hollywood,FL,EE. UU.,33023.0
11002,Consumer,Bolingbrook,IL,EE. UU.,60440.0
11486,Consumer,West Lafayette,IN,EE. UU.,47906.0
1759,Consumer,Astoria,NY,EE. UU.,11103.0
10659,Consumer,Newark,NJ,EE. UU.,7105.0
8899,Consumer,San Jose,CA,EE. UU.,95127.0
3315,Consumer,Woodbridge,VA,EE. UU.,22192.0
10051,Consumer,Weslaco,TX,EE. UU.,78596.0
6402,Consumer,Jamaica,NY,EE. UU.,11432.0
4021,Consumer,Lakewood,OH,EE. UU.,44107.0
4195,Consumer,Dallas,TX,EE. UU.,75243.0
7464,Consumer,Bell Gardens,CA,EE. UU.,90201.0
11592,Consumer,Portland,OR,EE. UU.,97223.0
10831,Consumer,San Diego,CA,EE. UU.,92109.0
7586,Consumer,La Mirada,CA,EE. UU.,90638.0
8551,Corporate,Los Angeles,CA,EE. UU.,90065.0
7163,Corporate,Detroit,MI,EE. UU.,48205.0
9163,Corporate,Billings,MT,EE. UU.,59102.0
20402,Corporate,North Bergen,NJ,EE. UU.,7047.0
4807,Corporate,Mission Viejo,CA,EE. UU.,92691.0
88,Corporate,Atlanta,GA,EE. UU.,30318.0
7697,Corporate,New York,NY,EE. UU.,10002.0
18007,Corporate,Baltimore,MD,EE. UU.,21218.0
8720,Corporate,Strongsville,OH,EE. UU.,44136.0
12100,Corporate,Chicago,IL,EE. UU.,60609.0
11979,Corporate,Madison,WI,EE. UU.,53704.0
3905,Corporate,South San Francisco,CA,EE. UU.,94080.0
8552,Corporate,Philadelphia,PA,EE. UU.,19144.0
12038,Corporate,Fort Lauderdale,FL,EE. UU.,33312.0
15995,Corporate,North Las Vegas,NV,EE. UU.,89030.0
10291,Corporate,Aurora,CO,EE. UU.,80013.0
1293,Corporate,Methuen,MA,EE. UU.,1844.0
6961,Corporate,Costa Mesa,CA,EE. UU.,92627.0
16013,Corporate,Chicago,IL,EE. UU.,60649.0
7931,Corporate,Glen Burnie,MD,EE. UU.,21061.0
20545,Corporate,Fairfield,OH,EE. UU.,45014.0
4618,Corporate,Lithonia,GA,EE. UU.,30058.0
4357,Corporate,Peoria,AZ,EE. UU.,85345.0
3029,Corporate,Winnetka,CA,EE. UU.,91306.0
9769,Corporate,Simi Valley,CA,EE. UU.,93063.0
3567,Corporate,Honolulu,HI,EE. UU.,96822.0
5582,Corporate,Chicago,IL,EE. UU.,60616.0
6855,Corporate,Philadelphia,PA,EE. UU.,19143.0
10026,Corporate,Mcallen,TX,EE. UU.,78501.0
20400,Corporate,Los Angeles,CA,EE. UU.,90032.0
6956,Corporate,Joliet,IL,EE. UU.,60435.0
10082,Corporate,Brownsville,TX,EE. UU.,78520.0
1839,Corporate,Silver Spring,MD,EE. UU.,20904.0
10155,Corporate,Pawtucket,RI,EE. UU.,2860.0
1098,Corporate,Columbia,TN,EE. UU.,38401.0
3172,Corporate,Colorado Springs,CO,EE. UU.,80918.0
5536,Corporate,Alhambra,CA,EE. UU.,91801.0
11372,Corporate,Bakersfield,CA,EE. UU.,93304.0
4005,Corporate,Quincy,MA,EE. UU.,2169.0
11632,Corporate,San Antonio,TX,EE. UU.,78227.0
10891,Corporate,Pittsfield,MA,EE. UU.,1201.0
4813,Corporate,Chino,CA,EE. UU.,91710.0
11801,Corporate,Chicago,IL,EE. UU.,60640.0
6156,Corporate,Bronx,NY,EE. UU.,10461.0
1763,Corporate,Marion,OH,EE. UU.,43302.0
6721,Corporate,North Hills,CA,EE. UU.,91343.0
12205,Corporate,Chicago,IL,EE. UU.,60617.0
10790,Corporate,Salina,KS,EE. UU.,67401.0
11922,Corporate,Hyattsville,MD,EE. UU.,20783.0
10438,Corporate,North Richland Hills,TX,EE. UU.,76180.0
17747,Corporate,Spring Valley,NY,EE. UU.,10977.0
16011,Corporate,Fort Lauderdale,FL,EE. UU.,33312.0
18004,Corporate,Chicago,IL,EE. UU.,60643.0
8,Corporate,Lawrence,MA,EE. UU.,1841.0
3275,Corporate,Fremont,CA,EE. UU.,94539.0
9023,Corporate,Cleveland,OH,EE. UU.,44130.0
8643,Corporate,Ontario,CA,EE. UU.,91761.0
11797,Corporate,West Covina,CA,EE. UU.,91790.0
4062,Corporate,Oceanside,CA,EE. UU.,92057.0
6897,Corporate,Columbus,GA,EE. UU.,31907.0
11892,Corporate,Lodi,CA,EE. UU.,95240.0
6763,Corporate,Los Angeles,CA,EE. UU.,90063.0
17459,Corporate,Newburgh,NY,EE. UU.,12550.0
8622,Corporate,Pompano Beach,FL,EE. UU.,33068.0
241,Corporate,Hamilton,OH,EE. UU.,45013.0
17746,Corporate,Milpitas,CA,EE. UU.,95035.0
822,Corporate,Rowland Heights,CA,EE. UU.,91748.0
6376,Corporate,North Tonawanda,NY,EE. UU.,14120.0
9557,Consumer,Gardena,CA,EE. UU.,90247.0
11397,Consumer,Tallahassee,FL,EE. UU.,32308.0
6999,Consumer,Cicero,IL,EE. UU.,60804.0
10534,Consumer,Eugene,OR,EE. UU.,97405.0
6815,Consumer,Los Angeles,CA,EE. UU.,90024.0
2269,Consumer,Riverside,CA,EE. UU.,92504.0
10708,Consumer,Asheboro,NC,EE. UU.,27203.0
9119,Consumer,La Crosse,WI,EE. UU.,54601.0
9500,Consumer,Florissant,MO,EE. UU.,63031.0
9910,Consumer,Encinitas,CA,EE. UU.,92024.0
5036,Consumer,Canyon Country,CA,EE. UU.,91351.0
2698,Consumer,Pomona,CA,EE. UU.,91766.0
6220,Consumer,Ithaca,NY,EE. UU.,14850.0
6947,Consumer,Los Angeles,CA,EE. UU.,90046.0
442,Consumer,Allentown,PA,EE. UU.,18103.0
9671,Consumer,Lompoc,CA,EE. UU.,93436.0
5283,Consumer,Escondido,CA,EE. UU.,92026.0
3364,Consumer,Martinez,CA,EE. UU.,94553.0
2170,Consumer,Troy,MI,EE. UU.,48098.0
11348,Consumer,Granite City,IL,EE. UU.,62040.0
10224,Consumer,North Las Vegas,NV,EE. UU.,89030.0
7006,Consumer,Arlington,VA,EE. UU.,22204.0
7363,Consumer,Tonawanda,NY,EE. UU.,14150.0
1595,Consumer,Troy,MI,EE. UU.,48098.0
7492,Consumer,Simi Valley,CA,EE. UU.,93063.0
9821,Consumer,New Bedford,MA,EE. UU.,2740.0
5246,Consumer,Tempe,AZ,EE. UU.,85281.0
558,Consumer,Carlisle,PA,EE. UU.,17013.0
1063,Consumer,Dallas,TX,EE. UU.,75227.0
2610,Consumer,Davis,CA,EE. UU.,95616.0
3964,Consumer,Brooklyn,NY,EE. UU.,11238.0
3868,Consumer,Chandler,AZ,EE. UU.,85225.0
3961,Consumer,Chandler,AZ,EE. UU.,85224.0
1261,Consumer,Fullerton,CA,EE. UU.,92833.0
9341,Consumer,Chicago,IL,EE. UU.,60613.0
2550,Consumer,Elgin,IL,EE. UU.,60123.0
12045,Consumer,Carlisle,PA,EE. UU.,17013.0
2719,Consumer,Palmdale,CA,EE. UU.,93550.0
7924,Consumer,Brooklyn,NY,EE. UU.,11218.0
3206,Consumer,North Tonawanda,NY,EE. UU.,14120.0
11945,Consumer,Honolulu,HI,EE. UU.,96822.0
3141,Consumer,Massapequa,NY,EE. UU.,11758.0
3942,Consumer,Los Angeles,CA,EE. UU.,90003.0
8065,Consumer,Los Angeles,CA,EE. UU.,90032.0
6758,Consumer,Santa Ana,CA,EE. UU.,92707.0
4842,Consumer,Pittsburg,CA,EE. UU.,94565.0
581,Consumer,West New York,NJ,EE. UU.,7093.0
4563,Consumer,Dallas,TX,EE. UU.,75217.0
9096,Consumer,Los Angeles,CA,EE. UU.,90007.0
9813,Consumer,Aurora,CO,EE. UU.,80011.0
2492,Consumer,Clementon,NJ,EE. UU.,8021.0
1445,Consumer,San Diego,CA,EE. UU.,92115.0
7327,Consumer,Orlando,FL,EE. UU.,32822.0
8701,Consumer,Troy,MI,EE. UU.,48098.0
7783,Consumer,Hanover,PA,EE. UU.,17331.0
5621,Consumer,Virginia Beach,VA,EE. UU.,23452.0
5767,Consumer,Los Angeles,CA,EE. UU.,90046.0
430,Consumer,Porterville,CA,EE. UU.,93257.0
10132,Consumer,Glendale,AZ,EE. UU.,85301.0
12350,Consumer,Chicago,IL,EE. UU.,60641.0
2256,Consumer,San Jose,CA,EE. UU.,95122.0
1045,Consumer,Huntington Station,NY,EE. UU.,11746.0
5939,Consumer,Enfield,CT,EE. UU.,6082.0
9371,Consumer,Meridian,ID,EE. UU.,83642.0
11536,Consumer,Bend,OR,EE. UU.,97701.0
10129,Consumer,Philadelphia,PA,EE. UU.,19134.0
7905,Consumer,Brownsville,TX,EE. UU.,78520.0
8674,Consumer,Baldwin Park,CA,EE. UU.,91706.0
1902,Consumer,Elyria,OH,EE. UU.,44035.0
1408,Consumer,Chicago,IL,EE. UU.,60657.0
9172,Consumer,Chino Hills,CA,EE. UU.,91709.0
3659,Consumer,Philadelphia,PA,EE. UU.,19104.0
10827,Consumer,Ventura,CA,EE. UU.,93003.0
9146,Consumer,Wheaton,IL,EE. UU.,60187.0
20,Consumer,West New York,NJ,EE. UU.,7093.0
8391,Consumer,Amarillo,TX,EE. UU.,79109.0
11510,Consumer,Encinitas,CA,EE. UU.,92024.0
10821,Consumer,Toms River,NJ,EE. UU.,8753.0
4727,Consumer,Honolulu,HI,EE. UU.,96822.0
10647,Consumer,Chicago,IL,EE. UU.,60622.0
7141,Corporate,Sacramento,CA,EE. UU.,95822.0
6172,Corporate,Fort Washington,MD,EE. UU.,20744.0
2741,Corporate,Long Beach,CA,EE. UU.,90805.0
1180,Corporate,Wyandotte,MI,EE. UU.,48192.0
6875,Corporate,Newark,NJ,EE. UU.,7104.0
10864,Corporate,Brooklyn,NY,EE. UU.,11204.0
242,Corporate,Mililani,HI,EE. UU.,96789.0
9002,Corporate,New York,NY,EE. UU.,10011.0
9145,Corporate,Brooklyn,NY,EE. UU.,11221.0
7887,Corporate,Loveland,OH,EE. UU.,45140.0
2817,Corporate,Harvey,IL,EE. UU.,60426.0
2013,Corporate,Saint Paul,MN,EE. UU.,55124.0
5920,Corporate,Chandler,AZ,EE. UU.,85224.0
5674,Corporate,Ewa Beach,HI,EE. UU.,96706.0
11012,Corporate,Fond Du Lac,WI,EE. UU.,54935.0
6508,Corporate,Hamilton,OH,EE. UU.,45011.0
8995,Corporate,Mechanicsburg,PA,EE. UU.,17055.0
9507,Corporate,Simi Valley,CA,EE. UU.,93063.0
11056,Corporate,Opelousas,LA,EE. UU.,70570.0
10558,Corporate,Kailua,HI,EE. UU.,96734.0
6707,Corporate,Norfolk,VA,EE. UU.,23503.0
4029,Corporate,Woodbridge,VA,EE. UU.,22193.0
2189,Corporate,Elmhurst,IL,EE. UU.,60126.0
1865,Corporate,Detroit,MI,EE. UU.,48205.0
9345,Corporate,Aurora,CO,EE. UU.,80013.0
9356,Corporate,Phoenix,AZ,EE. UU.,85033.0
5821,Corporate,Hyattsville,MD,EE. UU.,20783.0
532,Corporate,Sugar Land,TX,EE. UU.,77479.0
8977,Corporate,Elyria,OH,EE. UU.,44035.0
4117,Corporate,Raleigh,NC,EE. UU.,27606.0
3985,Corporate,Chillicothe,OH,EE. UU.,45601.0
3586,Corporate,Jersey City,NJ,EE. UU.,7305.0
9001,Corporate,Canoga Park,CA,EE. UU.,91304.0
10678,Corporate,Amarillo,TX,EE. UU.,79109.0
1664,Corporate,Jackson,MI,EE. UU.,49201.0
11882,Corporate,Moreno Valley,CA,EE. UU.,92553.0
4808,Corporate,Chicago,IL,EE. UU.,60624.0
10201,Corporate,New Orleans,LA,EE. UU.,70119.0
2292,Corporate,San Benito,TX,EE. UU.,78586.0
11675,Corporate,Los Angeles,CA,EE. UU.,90024.0
1144,Corporate,Brooklyn,NY,EE. UU.,11203.0
640,Corporate,New Castle,DE,EE. UU.,19720.0
8612,Corporate,Hanover,PA,EE. UU.,17331.0
4402,Corporate,Honolulu,HI,EE. UU.,96817.0
3815,Corporate,Bloomfield,NJ,EE. UU.,7003.0
10834,Corporate,Albuquerque,NM,EE. UU.,87105.0
3554,Corporate,Los Angeles,CA,EE. UU.,90001.0
10219,Corporate,Cypress,CA,EE. UU.,90630.0
11730,Corporate,New Orleans,LA,EE. UU.,70117.0
4756,Corporate,Brooklyn,NY,EE. UU.,11229.0
7229,Corporate,Newburgh,NY,EE. UU.,12550.0
7963,Corporate,New York,NY,EE. UU.,10040.0
4464,Corporate,Amarillo,TX,EE. UU.,79109.0
5429,Corporate,Jackson,MI,EE. UU.,49201.0
1383,Corporate,Marrero,LA,EE. UU.,70072.0
3153,Corporate,Grand Prairie,TX,EE. UU.,75052.0
11357,Corporate,Bronx,NY,EE. UU.,10467.0
4700,Corporate,Greeley,CO,EE. UU.,80631.0
6187,Corporate,West Covina,CA,EE. UU.,91790.0
4862,Corporate,Chicago,IL,EE. UU.,60609.0
6180,Corporate,North Richland Hills,TX,EE. UU.,76180.0
11977,Corporate,Riverside,CA,EE. UU.,92504.0
10126,Corporate,San Diego,CA,EE. UU.,92111.0
1880,Corporate,Miami,FL,EE. UU.,33165.0
8747,Corporate,Wyandotte,MI,EE. UU.,48192.0
11252,Corporate,Cleveland,OH,EE. UU.,44109.0
5598,Corporate,Houston,TX,EE. UU.,77093.0
1067,Corporate,Littleton,CO,EE. UU.,80126.0
8681,Corporate,Longmont,CO,EE. UU.,80501.0
10884,Corporate,Sacramento,CA,EE. UU.,95822.0
8850,Corporate,Brooklyn,NY,EE. UU.,11207.0
5316,Corporate,Chesapeake,VA,EE. UU.,23320.0
1801,Corporate,Englewood,CO,EE. UU.,80110.0
4627,Corporate,Arlington Heights,IL,EE. UU.,60004.0
19349,Home Office,Tampa,FL,EE. UU.,33624.0
19348,Corporate,San Benito,TX,EE. UU.,78586.0
19347,Corporate,Caguas,PR,Puerto Rico,725.0
19346,Corporate,Indianapolis,IN,EE. UU.,46226.0
19345,Consumer,Caguas,PR,Puerto Rico,725.0
19344,Consumer,Enfield,CT,EE. UU.,6082.0
19343,Corporate,Caguas,PR,Puerto Rico,725.0
19342,Corporate,Los Angeles,CA,EE. UU.,90043.0
19341,Corporate,Caguas,PR,Puerto Rico,725.0
19340,Corporate,Modesto,CA,EE. UU.,95351.0
19339,Consumer,Caguas,PR,Puerto Rico,725.0
19338,Corporate,Irvington,NJ,EE. UU.,7111.0
19337,Corporate,Caguas,PR,Puerto Rico,725.0
19336,Corporate,Norfolk,VA,EE. UU.,23503.0
19335,Corporate,Gardena,CA,EE. UU.,90247.0
19334,Consumer,Caguas,PR,Puerto Rico,725.0
19333,Consumer,Honolulu,HI,EE. UU.,96818.0
19332,Consumer,Caguas,PR,Puerto Rico,725.0
19331,Home Office,Newark,DE,EE. UU.,19711.0
19330,Consumer,Forest Hills,NY,EE. UU.,11375.0
19329,Corporate,Caguas,PR,Puerto Rico,725.0
19328,Corporate,Ontario,CA,EE. UU.,91764.0
19327,Corporate,Caguas,PR,Puerto Rico,725.0
19326,Consumer,Webster,NY,EE. UU.,14580.0
19325,Consumer,New York,NY,EE. UU.,10029.0
19324,Consumer,Brownsville,TX,EE. UU.,78521.0
19323,Consumer,Caguas,PR,Puerto Rico,725.0
19322,Consumer,Dearborn,MI,EE. UU.,48126.0
19321,Consumer,Corona,NY,EE. UU.,11368.0
19320,Consumer,Caguas,PR,Puerto Rico,725.0
19319,Consumer,New York,NY,EE. UU.,10040.0
19318,Consumer,Carrollton,TX,EE. UU.,75007.0
19317,Corporate,Bakersfield,CA,EE. UU.,93307.0
19316,Corporate,Caguas,PR,Puerto Rico,725.0
19315,Consumer,Compton,CA,EE. UU.,90221.0
19314,Consumer,Simi Valley,CA,EE. UU.,93065.0
19313,Consumer,Caguas,PR,Puerto Rico,725.0
19312,Consumer,Lancaster,PA,EE. UU.,17601.0
19311,Consumer,Garland,TX,EE. UU.,75043.0
19310,Consumer,Arecibo,PR,Puerto Rico,612.0
19309,Consumer,Caguas,PR,Puerto Rico,725.0
19308,Corporate,Opelousas,LA,EE. UU.,70570.0
19307,Consumer,Caguas,PR,Puerto Rico,725.0
19306,Consumer,Riverside,CA,EE. UU.,92507.0
19305,Consumer,Waipahu,HI,EE. UU.,96797.0
19304,Home Office,Caguas,PR,Puerto Rico,725.0
19303,Consumer,Tucson,AZ,EE. UU.,85713.0
19302,Consumer,Los Angeles,CA,EE. UU.,90001.0
19301,Home Office,Carmichael,CA,EE. UU.,95608.0
19300,Consumer,Caguas,PR,Puerto Rico,725.0
19299,Corporate,Tustin,CA,EE. UU.,92780.0
19298,Corporate,Caguas,PR,Puerto Rico,725.0
19297,Corporate,Loveland,OH,EE. UU.,45140.0
19296,Consumer,Miami,FL,EE. UU.,33165.0
19295,Consumer,Anaheim,CA,EE. UU.,92805.0
19294,Consumer,Chicago,IL,EE. UU.,60651.0
19293,Corporate,Caguas,PR,Puerto Rico,725.0
19292,Corporate,Detroit,MI,EE. UU.,48238.0
19291,Corporate,Canton,MI,EE. UU.,48187.0
19290,Corporate,Stafford,VA,EE. UU.,22554.0
19289,Corporate,Caguas,PR,Puerto Rico,725.0
19288,Corporate,San Diego,CA,EE. UU.,92126.0
19287,Consumer,Caguas,PR,Puerto Rico,725.0
19286,Consumer,Bronx,NY,EE. UU.,10466.0
19285,Consumer,Caguas,PR,Puerto Rico,725.0
19284,Corporate,South Richmond Hill,NY,EE. UU.,11419.0
19283,Consumer,Caguas,PR,Puerto Rico,725.0
19282,Corporate,Middletown,OH,EE. UU.,45044.0
16774,Consumer,Gilroy,CA,EE. UU.,95020.0
16773,Consumer,Caguas,PR,Puerto Rico,725.0
16772,Corporate,Azusa,CA,EE. UU.,91702.0
16771,Corporate,Caguas,PR,Puerto Rico,725.0
16770,Consumer,Lenoir,NC,EE. UU.,28645.0
16769,Consumer,Columbus,OH,EE. UU.,43228.0
16768,Consumer,Albany,OR,EE. UU.,97321.0
16767,Consumer,Humacao,PR,Puerto Rico,791.0
16766,Home Office,Caguas,PR,Puerto Rico,725.0
16765,Home Office,Lindenhurst,NY,EE. UU.,11757.0
16764,Consumer,Elyria,OH,EE. UU.,44035.0
16763,Corporate,Caguas,PR,Puerto Rico,725.0
16762,Consumer,Riverside,CA,EE. UU.,92504.0
16761,Consumer,Caguas,PR,Puerto Rico,725.0
16760,Consumer,Carson,CA,EE. UU.,90745.0
16759,Consumer,Mesa,AZ,EE. UU.,85204.0
16758,Consumer,Caguas,PR,Puerto Rico,725.0
16757,Corporate,Honolulu,HI,EE. UU.,96818.0
16756,Consumer,Caguas,PR,Puerto Rico,725.0
16755,Consumer,Tampa,FL,EE. UU.,33624.0
16754,Consumer,San Benito,TX,EE. UU.,78586.0
16753,Home Office,Caguas,PR,Puerto Rico,725.0
16752,Home Office,Indianapolis,IN,EE. UU.,46226.0
16751,Home Office,Caguas,PR,Puerto Rico,725.0
16750,Corporate,Enfield,CT,EE. UU.,6082.0
16749,Corporate,Caguas,PR,Puerto Rico,725.0
16748,Corporate,Los Angeles,CA,EE. UU.,90043.0
16747,Corporate,Caguas,PR,Puerto Rico,725.0
16746,Corporate,Modesto,CA,EE. UU.,95351.0
16745,Corporate,Caguas,PR,Puerto Rico,725.0
16744,Consumer,Irvington,NJ,EE. UU.,7111.0
16743,Consumer,Caguas,PR,Puerto Rico,725.0
16742,Consumer,Norfolk,VA,EE. UU.,23503.0
16741,Consumer,Gardena,CA,EE. UU.,90247.0
16740,Consumer,Caguas,PR,Puerto Rico,725.0
16739,Consumer,Honolulu,HI,EE. UU.,96818.0
16738,Consumer,Caguas,PR,Puerto Rico,725.0
16737,Consumer,Newark,DE,EE. UU.,19711.0
16736,Consumer,Forest Hills,NY,EE. UU.,11375.0
16735,Consumer,Caguas,PR,Puerto Rico,725.0
16734,Corporate,Ontario,CA,EE. UU.,91764.0
16733,Corporate,Caguas,PR,Puerto Rico,725.0
16732,Corporate,Webster,NY,EE. UU.,14580.0
16731,Corporate,New York,NY,EE. UU.,10029.0
16730,Corporate,Brownsville,TX,EE. UU.,78521.0
16729,Consumer,Caguas,PR,Puerto Rico,725.0
16728,Consumer,Dearborn,MI,EE. UU.,48126.0
16727,Consumer,Corona,NY,EE. UU.,11368.0
16726,Corporate,Caguas,PR,Puerto Rico,725.0
16725,Corporate,New York,NY,EE. UU.,10040.0
16724,Corporate,Carrollton,TX,EE. UU.,75007.0
16723,Consumer,Bakersfield,CA,EE. UU.,93307.0
16722,Consumer,Caguas,PR,Puerto Rico,725.0
16721,Corporate,Compton,CA,EE. UU.,90221.0
16720,Corporate,Simi Valley,CA,EE. UU.,93065.0
16719,Consumer,Caguas,PR,Puerto Rico,725.0
16718,Consumer,Lancaster,PA,EE. UU.,17601.0
16717,Consumer,Garland,TX,EE. UU.,75043.0
16716,Consumer,Arecibo,PR,Puerto Rico,612.0
16715,Consumer,Caguas,PR,Puerto Rico,725.0
16714,Consumer,Opelousas,LA,EE. UU.,70570.0
16713,Consumer,Caguas,PR,Puerto Rico,725.0
16712,Home Office,Riverside,CA,EE. UU.,92507.0
16711,Corporate,Waipahu,HI,EE. UU.,96797.0
16710,Corporate,Caguas,PR,Puerto Rico,725.0
16709,Home Office,Tucson,AZ,EE. UU.,85713.0
16708,Corporate,Los Angeles,CA,EE. UU.,90001.0
16707,Corporate,Carmichael,CA,EE. UU.,95608.0
16706,Consumer,Caguas,PR,Puerto Rico,725.0
16705,Consumer,Tustin,CA,EE. UU.,92780.0
16704,Consumer,Caguas,PR,Puerto Rico,725.0
16703,Consumer,Loveland,OH,EE. UU.,45140.0
16702,Consumer,Miami,FL,EE. UU.,33165.0
16701,Consumer,Anaheim,CA,EE. UU.,92805.0
16700,Consumer,Chicago,IL,EE. UU.,60651.0
16699,Corporate,Caguas,PR,Puerto Rico,725.0
16698,Consumer,Detroit,MI,EE. UU.,48238.0
16697,Consumer,Canton,MI,EE. UU.,48187.0
16696,Consumer,Stafford,VA,EE. UU.,22554.0
16695,Consumer,Caguas,PR,Puerto Rico,725.0
16694,Consumer,San Diego,CA,EE. UU.,92126.0
16693,Consumer,Caguas,PR,Puerto Rico,725.0
16692,Corporate,Bronx,NY,EE. UU.,10466.0
16691,Consumer,Caguas,PR,Puerto Rico,725.0
16690,Corporate,South Richmond Hill,NY,EE. UU.,11419.0
16689,Consumer,Caguas,PR,Puerto Rico,725.0
16688,Consumer,Middletown,OH,EE. UU.,45044.0
16687,Home Office,Caguas,PR,Puerto Rico,725.0
16686,Consumer,Dallas,TX,EE. UU.,75240.0
16685,Consumer,Caguas,PR,Puerto Rico,725.0
16684,Consumer,Eugene,OR,EE. UU.,97402.0
16683,Consumer,Chino Hills,CA,EE. UU.,91709.0
16682,Corporate,Caguas,PR,Puerto Rico,725.0
16681,Corporate,Columbia,TN,EE. UU.,38401.0
16680,Home Office,Glendale,AZ,EE. UU.,85308.0
16679,Home Office,Caguas,PR,Puerto Rico,725.0
16678,Consumer,West Orange,NJ,EE. UU.,7052.0
16677,Consumer,Daly City,CA,EE. UU.,94015.0
16676,Consumer,Caguas,PR,Puerto Rico,725.0
16675,Consumer,Houston,TX,EE. UU.,77083.0
16674,Consumer,Caguas,PR,Puerto Rico,725.0
16673,Consumer,Strongsville,OH,EE. UU.,44136.0
16672,Consumer,Caguas,PR,Puerto Rico,725.0
16671,Corporate,Powder Springs,GA,EE. UU.,30127.0
16670,Corporate,Lilburn,GA,EE. UU.,30047.0
16669,Home Office,Parkville,MD,EE. UU.,21234.0
16668,Consumer,Caguas,PR,Puerto Rico,725.0
16667,Consumer,Saint Paul,MN,EE. UU.,55106.0
16666,Corporate,Caguas,PR,Puerto Rico,725.0
16665,Corporate,Lockport,NY,EE. UU.,14094.0
16664,Corporate,Detroit,MI,EE. UU.,48224.0
16663,Corporate,Caguas,PR,Puerto Rico,725.0
16662,Home Office,Hialeah,FL,EE. UU.,33010.0
16661,Home Office,Los Angeles,CA,EE. UU.,90022.0
16660,Home Office,Brooklyn,NY,EE. UU.,11236.0
16659,Home Office,Caguas,PR,Puerto Rico,725.0
16658,Home Office,Beloit,WI,EE. UU.,53511.0
16657,Consumer,Los Angeles,CA,EE. UU.,90003.0
16656,Consumer,Caguas,PR,Puerto Rico,725.0
16655,Consumer,Hamilton,OH,EE. UU.,45011.0
16654,Home Office,Caguas,PR,Puerto Rico,725.0
16653,Corporate,Greenville,NC,EE. UU.,27834.0
16652,Corporate,Dallas,TX,EE. UU.,75287.0
16651,Consumer,Miami,FL,EE. UU.,33175.0
16650,Corporate,Caguas,PR,Puerto Rico,725.0
10041,Home Office,Caguas,PR,Puerto Rico,725.0
6268,Home Office,Caguas,PR,Puerto Rico,725.0
6636,Home Office,Caguas,PR,Puerto Rico,725.0
7468,Home Office,Caguas,PR,Puerto Rico,725.0
10588,Home Office,Caguas,PR,Puerto Rico,725.0
6280,Home Office,Caguas,PR,Puerto Rico,725.0
1989,Home Office,Caguas,PR,Puerto Rico,725.0
633,Home Office,Caguas,PR,Puerto Rico,725.0
146,Home Office,Caguas,PR,Puerto Rico,725.0
10013,Home Office,Caguas,PR,Puerto Rico,725.0
12223,Home Office,Caguas,PR,Puerto Rico,725.0
4497,Home Office,Caguas,PR,Puerto Rico,725.0
1575,Home Office,Caguas,PR,Puerto Rico,725.0
5820,Home Office,Caguas,PR,Puerto Rico,725.0
8608,Home Office,Caguas,PR,Puerto Rico,725.0
3104,Home Office,Caguas,PR,Puerto Rico,725.0
6408,Home Office,Caguas,PR,Puerto Rico,725.0
2431,Home Office,Caguas,PR,Puerto Rico,725.0
6497,Home Office,Aguadilla,PR,Puerto Rico,603.0
716,Home Office,Caguas,PR,Puerto Rico,725.0
7393,Home Office,Caguas,PR,Puerto Rico,725.0
3405,Home Office,Caguas,PR,Puerto Rico,725.0
3150,Home Office,Caguas,PR,Puerto Rico,725.0
7687,Home Office,Caguas,PR,Puerto Rico,725.0
2324,Home Office,Caguas,PR,Puerto Rico,725.0
4594,Home Office,Caguas,PR,Puerto Rico,725.0
1171,Home Office,Caguas,PR,Puerto Rico,725.0
2851,Home Office,Caguas,PR,Puerto Rico,725.0
223,Home Office,Caguas,PR,Puerto Rico,725.0
9189,Home Office,Caguas,PR,Puerto Rico,725.0
6827,Home Office,Caguas,PR,Puerto Rico,725.0
6944,Home Office,Caguas,PR,Puerto Rico,725.0
2924,Home Office,Caguas,PR,Puerto Rico,725.0
3546,Home Office,Caguas,PR,Puerto Rico,725.0
9082,Home Office,Caguas,PR,Puerto Rico,725.0
11782,Home Office,Carolina,PR,Puerto Rico,983.0
8511,Home Office,Caguas,PR,Puerto Rico,725.0
14170,Home Office,Caguas,PR,Puerto Rico,725.0
10366,Home Office,Caguas,PR,Puerto Rico,725.0
5576,Home Office,Caguas,PR,Puerto Rico,725.0
412,Home Office,Caguas,PR,Puerto Rico,725.0
8697,Home Office,Caguas,PR,Puerto Rico,725.0
12713,Home Office,Caguas,PR,Puerto Rico,725.0
13383,Home Office,Caguas,PR,Puerto Rico,725.0
14684,Home Office,Caguas,PR,Puerto Rico,725.0
13112,Home Office,Caguas,PR,Puerto Rico,725.0
13238,Home Office,Caguas,PR,Puerto Rico,725.0
13236,Home Office,Caguas,PR,Puerto Rico,725.0
13394,Home Office,Caguas,PR,Puerto Rico,725.0
14531,Home Office,Caguas,PR,Puerto Rico,725.0
13031,Home Office,Caguas,PR,Puerto Rico,725.0
13264,Home Office,Caguas,PR,Puerto Rico,725.0
14299,Home Office,Caguas,PR,Puerto Rico,725.0
13029,Home Office,Caguas,PR,Puerto Rico,725.0
13496,Home Office,Caguas,PR,Puerto Rico,725.0
13370,Home Office,Caguas,PR,Puerto Rico,725.0
13208,Home Office,Caguas,PR,Puerto Rico,725.0
14297,Home Office,Caguas,PR,Puerto Rico,725.0
1673,Home Office,Caguas,PR,Puerto Rico,725.0
450,Home Office,Caguas,PR,Puerto Rico,725.0
3605,Home Office,Caguas,PR,Puerto Rico,725.0
6980,Home Office,Caguas,PR,Puerto Rico,725.0
2927,Home Office,Caguas,PR,Puerto Rico,725.0
9876,Home Office,Caguas,PR,Puerto Rico,725.0
11784,Home Office,Caguas,PR,Puerto Rico,725.0
5447,Home Office,Caguas,PR,Puerto Rico,725.0
8380,Home Office,Caguas,PR,Puerto Rico,725.0
5456,Home Office,Caguas,PR,Puerto Rico,725.0
13933,Home Office,Caguas,PR,Puerto Rico,725.0
14717,Home Office,Caguas,PR,Puerto Rico,725.0
10492,Home Office,Caguas,PR,Puerto Rico,725.0
13986,Home Office,Caguas,PR,Puerto Rico,725.0
11288,Home Office,Caguas,PR,Puerto Rico,725.0
127,Home Office,Caguas,PR,Puerto Rico,725.0
5256,Home Office,Caguas,PR,Puerto Rico,725.0
9818,Home Office,Caguas,PR,Puerto Rico,725.0
4354,Home Office,Caguas,PR,Puerto Rico,725.0
11848,Home Office,Caguas,PR,Puerto Rico,725.0
4631,Home Office,Caguas,PR,Puerto Rico,725.0
12432,Home Office,Caguas,PR,Puerto Rico,725.0
11327,Home Office,Caguas,PR,Puerto Rico,725.0
7576,Home Office,Caguas,PR,Puerto Rico,725.0
9091,Home Office,Caguas,PR,Puerto Rico,725.0
4366,Home Office,Caguas,PR,Puerto Rico,725.0
5382,Home Office,Caguas,PR,Puerto Rico,725.0
10057,Home Office,Caguas,PR,Puerto Rico,725.0
6611,Home Office,Caguas,PR,Puerto Rico,725.0
10863,Home Office,Caguas,PR,Puerto Rico,725.0
10208,Home Office,Caguas,PR,Puerto Rico,725.0
19,Home Office,Caguas,PR,Puerto Rico,725.0
14748,Home Office,Caguas,PR,Puerto Rico,725.0
6426,Home Office,Caguas,PR,Puerto Rico,725.0
6411,Home Office,Caguas,PR,Puerto Rico,725.0
10121,Home Office,Caguas,PR,Puerto Rico,725.0
13639,Home Office,Caguas,PR,Puerto Rico,725.0
3738,Home Office,Caguas,PR,Puerto Rico,725.0
1294,Home Office,Caguas,PR,Puerto Rico,725.0
12117,Home Office,Caguas,PR,Puerto Rico,725.0
823,Home Office,Caguas,PR,Puerto Rico,725.0
6316,Home Office,Caguas,PR,Puerto Rico,725.0
9349,Home Office,Caguas,PR,Puerto Rico,725.0
11423,Home Office,Caguas,PR,Puerto Rico,725.0
11395,Home Office,Caguas,PR,Puerto Rico,725.0
11034,Home Office,Caguas,PR,Puerto Rico,725.0
4238,Home Office,Caguas,PR,Puerto Rico,725.0
14742,Home Office,Caguas,PR,Puerto Rico,725.0
471,Home Office,Caguas,PR,Puerto Rico,725.0
10992,Home Office,Caguas,PR,Puerto Rico,725.0
2881,Home Office,Caguas,PR,Puerto Rico,725.0
2379,Home Office,Caguas,PR,Puerto Rico,725.0
7531,Home Office,Caguas,PR,Puerto Rico,725.0
6233,Home Office,Caguas,PR,Puerto Rico,725.0
11153,Consumer,Caguas,PR,Puerto Rico,725.0
5091,Consumer,Caguas,PR,Puerto Rico,725.0
6255,Consumer,Caguas,PR,Puerto Rico,725.0
1399,Consumer,Caguas,PR,Puerto Rico,725.0
9251,Consumer,Caguas,PR,Puerto Rico,725.0
12370,Consumer,Caguas,PR,Puerto Rico,725.0
13702,Consumer,Caguas,PR,Puerto Rico,725.0
13990,Consumer,Caguas,PR,Puerto Rico,725.0
1516,Consumer,Caguas,PR,Puerto Rico,725.0
7158,Consumer,Caguas,PR,Puerto Rico,725.0
9556,Consumer,Caguas,PR,Puerto Rico,725.0
275,Consumer,Caguas,PR,Puerto Rico,725.0
6010,Consumer,Caguas,PR,Puerto Rico,725.0
13665,Consumer,Caguas,PR,Puerto Rico,725.0
785,Consumer,Caguas,PR,Puerto Rico,725.0
13611,Consumer,Caguas,PR,Puerto Rico,725.0
10603,Consumer,Caguas,PR,Puerto Rico,725.0
870,Consumer,Caguas,PR,Puerto Rico,725.0
609,Consumer,Caguas,PR,Puerto Rico,725.0
951,Consumer,Caguas,PR,Puerto Rico,725.0
7177,Consumer,Caguas,PR,Puerto Rico,725.0
2574,Consumer,Caguas,PR,Puerto Rico,725.0
9699,Consumer,Caguas,PR,Puerto Rico,725.0
1785,Consumer,Caguas,PR,Puerto Rico,725.0
4114,Consumer,Caguas,PR,Puerto Rico,725.0
11361,Consumer,Caguas,PR,Puerto Rico,725.0
2590,Consumer,Caguas,PR,Puerto Rico,725.0
4293,Consumer,Caguas,PR,Puerto Rico,725.0
5480,Consumer,Caguas,PR,Puerto Rico,725.0
6320,Consumer,Caguas,PR,Puerto Rico,725.0
3311,Consumer,Caguas,PR,Puerto Rico,725.0
9265,Consumer,Yauco,PR,Puerto Rico,698.0
9,Consumer,Caguas,PR,Puerto Rico,725.0
1158,Consumer,Caguas,PR,Puerto Rico,725.0
11604,Consumer,Caguas,PR,Puerto Rico,725.0
4186,Consumer,Caguas,PR,Puerto Rico,725.0
1851,Consumer,Caguas,PR,Puerto Rico,725.0
11466,Consumer,Caguas,PR,Puerto Rico,725.0
7357,Consumer,Caguas,PR,Puerto Rico,725.0
4033,Consumer,Caguas,PR,Puerto Rico,725.0
7367,Consumer,Caguas,PR,Puerto Rico,725.0
2123,Consumer,Caguas,PR,Puerto Rico,725.0
9957,Consumer,Caguas,PR,Puerto Rico,725.0
11900,Consumer,Caguas,PR,Puerto Rico,725.0
3012,Consumer,Caguas,PR,Puerto Rico,725.0
6477,Consumer,Caguas,PR,Puerto Rico,725.0
4838,Consumer,Caguas,PR,Puerto Rico,725.0
12415,Consumer,Caguas,PR,Puerto Rico,725.0
2152,Consumer,Caguas,PR,Puerto Rico,725.0
899,Consumer,Caguas,PR,Puerto Rico,725.0
4337,Consumer,Caguas,PR,Puerto Rico,725.0
8302,Consumer,Caguas,PR,Puerto Rico,725.0
7003,Consumer,Caguas,PR,Puerto Rico,725.0
5120,Consumer,Caguas,PR,Puerto Rico,725.0
8103,Consumer,Caguas,PR,Puerto Rico,725.0
328,Consumer,Caguas,PR,Puerto Rico,725.0
11225,Consumer,Caguas,PR,Puerto Rico,725.0
9628,Consumer,Caguas,PR,Puerto Rico,725.0
10928,Consumer,Caguas,PR,Puerto Rico,725.0
12610,Consumer,Caguas,PR,Puerto Rico,725.0
12549,Consumer,Caguas,PR,Puerto Rico,725.0
12530,Consumer,Caguas,PR,Puerto Rico,725.0
12723,Consumer,Caguas,PR,Puerto Rico,725.0
15070,Consumer,Caguas,PR,Puerto Rico,725.0
15086,Consumer,Caguas,PR,Puerto Rico,725.0
15068,Consumer,Caguas,PR,Puerto Rico,725.0
15026,Consumer,Caguas,PR,Puerto Rico,725.0
15024,Consumer,Caguas,PR,Puerto Rico,725.0
12838,Consumer,Caguas,PR,Puerto Rico,725.0
12855,Consumer,Caguas,PR,Puerto Rico,725.0
15003,Consumer,Caguas,PR,Puerto Rico,725.0
14591,Consumer,Caguas,PR,Puerto Rico,725.0
14348,Consumer,Caguas,PR,Puerto Rico,725.0
4943,Consumer,Caguas,PR,Puerto Rico,725.0
1900,Consumer,Caguas,PR,Puerto Rico,725.0
5670,Consumer,Caguas,PR,Puerto Rico,725.0
1464,Consumer,Caguas,PR,Puerto Rico,725.0
5292,Consumer,Caguas,PR,Puerto Rico,725.0
14768,Consumer,Caguas,PR,Puerto Rico,725.0
10327,Consumer,Caguas,PR,Puerto Rico,725.0
10070,Consumer,Caguas,PR,Puerto Rico,725.0
8760,Consumer,Caguas,PR,Puerto Rico,725.0
3975,Consumer,Caguas,PR,Puerto Rico,725.0
2907,Consumer,Caguas,PR,Puerto Rico,725.0
509,Consumer,Caguas,PR,Puerto Rico,725.0
882,Consumer,Caguas,PR,Puerto Rico,725.0
13832,Consumer,Caguas,PR,Puerto Rico,725.0
10099,Consumer,Caguas,PR,Puerto Rico,725.0
1146,Consumer,Caguas,PR,Puerto Rico,725.0
12005,Consumer,Caguas,PR,Puerto Rico,725.0
1461,Consumer,Caguas,PR,Puerto Rico,725.0
11674,Consumer,Caguas,PR,Puerto Rico,725.0
11597,Consumer,Caguas,PR,Puerto Rico,725.0
1928,Consumer,Caguas,PR,Puerto Rico,725.0
6388,Consumer,Caguas,PR,Puerto Rico,725.0
9918,Consumer,Caguas,PR,Puerto Rico,725.0
6517,Consumer,Caguas,PR,Puerto Rico,725.0
8398,Consumer,Bayamon,PR,Puerto Rico,957.0
8360,Consumer,Caguas,PR,Puerto Rico,725.0
3125,Consumer,Caguas,PR,Puerto Rico,725.0
4899,Consumer,Caguas,PR,Puerto Rico,725.0
5326,Consumer,Los Angeles,CA,EE. UU.,90066.0
494,Consumer,Greeley,CO,EE. UU.,80631.0
928,Consumer,Brooklyn,NY,EE. UU.,11226.0
4960,Consumer,Roseburg,OR,EE. UU.,97470.0
7762,Consumer,Brooklyn,NY,EE. UU.,11209.0
10316,Consumer,Saint Peters,MO,EE. UU.,63376.0
4306,Consumer,Norfolk,VA,EE. UU.,23503.0
4161,Consumer,Chicago,IL,EE. UU.,60617.0
6034,Consumer,San Diego,CA,EE. UU.,92114.0
9247,Consumer,Chicago,IL,EE. UU.,60615.0
960,Consumer,New Bedford,MA,EE. UU.,2740.0
9989,Consumer,Augusta,GA,EE. UU.,30906.0
10165,Consumer,Bakersfield,CA,EE. UU.,93308.0
8245,Consumer,San Antonio,TX,EE. UU.,78223.0
7465,Consumer,Albuquerque,NM,EE. UU.,87120.0
1107,Consumer,Waipahu,HI,EE. UU.,96797.0
2284,Consumer,Philadelphia,PA,EE. UU.,19140.0
636,Consumer,Long Beach,CA,EE. UU.,90806.0
5584,Consumer,New York,NY,EE. UU.,10021.0
3340,Consumer,Chapel Hill,NC,EE. UU.,27514.0
1576,Consumer,San Diego,CA,EE. UU.,92113.0
9640,Consumer,Detroit,MI,EE. UU.,48213.0
9663,Consumer,Ypsilanti,MI,EE. UU.,48197.0
9867,Consumer,Phoenix,AZ,EE. UU.,85033.0
9220,Consumer,San Diego,CA,EE. UU.,92115.0
3921,Consumer,East Lansing,MI,EE. UU.,48823.0
1564,Consumer,Brooklyn,NY,EE. UU.,11218.0
7231,Consumer,Stamford,CT,EE. UU.,6902.0
9008,Consumer,Hanover,PA,EE. UU.,17331.0
5158,Consumer,Bronx,NY,EE. UU.,10467.0
2465,Consumer,Diamond Bar,CA,EE. UU.,91765.0
3138,Consumer,Houston,TX,EE. UU.,77036.0
777,Consumer,Los Angeles,CA,EE. UU.,90023.0
2947,Consumer,Hayward,CA,EE. UU.,94544.0
4839,Consumer,Milwaukee,WI,EE. UU.,53215.0
1443,Consumer,West Orange,NJ,EE. UU.,7052.0
1449,Consumer,Lawrenceville,GA,EE. UU.,30044.0
3914,Consumer,Manchester,CT,EE. UU.,6040.0
134,Consumer,Brooklyn,NY,EE. UU.,11224.0
4896,Consumer,La Puente,CA,EE. UU.,91744.0
3444,Consumer,Los Angeles,CA,EE. UU.,90027.0
6005,Consumer,Victorville,CA,EE. UU.,92392.0
12332,Consumer,Richmond,VA,EE. UU.,23223.0
6049,Consumer,Florissant,MO,EE. UU.,63033.0
12286,Consumer,Baltimore,MD,EE. UU.,21224.0
4552,Consumer,Jacksonville,FL,EE. UU.,32244.0
4215,Consumer,Miami,FL,EE. UU.,33175.0
8115,Consumer,Cupertino,CA,EE. UU.,95014.0
8853,Consumer,Littleton,CO,EE. UU.,80126.0
8196,Consumer,Eagle Pass,TX,EE. UU.,78852.0
11686,Consumer,Carlsbad,CA,EE. UU.,92009.0
8712,Consumer,Riverside,CA,EE. UU.,92504.0
8470,Consumer,Escondido,CA,EE. UU.,92026.0
9608,Consumer,Fontana,CA,EE. UU.,92335.0
11760,Consumer,Ballwin,MO,EE. UU.,63021.0
1996,Consumer,Brooklyn,NY,EE. UU.,11220.0
8703,Consumer,Carlisle,PA,EE. UU.,17013.0
11078,Consumer,New Braunfels,TX,EE. UU.,78130.0
7766,Consumer,Saint Charles,MO,EE. UU.,63301.0
2717,Consumer,Spring Valley,NY,EE. UU.,10977.0
9324,Consumer,Madison,WI,EE. UU.,53704.0
8188,Consumer,Las Vegas,NV,EE. UU.,89121.0
3938,Consumer,Albuquerque,NM,EE. UU.,87105.0
11700,Consumer,Goose Creek,SC,EE. UU.,29445.0
8148,Consumer,Tampa,FL,EE. UU.,33624.0
4308,Consumer,Irvington,NJ,EE. UU.,7111.0
2553,Consumer,Ontario,CA,EE. UU.,91764.0
12416,Consumer,Bronx,NY,EE. UU.,10467.0
1733,Consumer,Pharr,TX,EE. UU.,78577.0
245,Consumer,Yonkers,NY,EE. UU.,10701.0
7457,Consumer,El Monte,CA,EE. UU.,91732.0
2861,Consumer,Honolulu,HI,EE. UU.,96816.0
6168,Consumer,Pharr,TX,EE. UU.,78577.0
3980,Consumer,Winnetka,CA,EE. UU.,91306.0
8488,Consumer,Pompano Beach,FL,EE. UU.,33064.0
2278,Consumer,Reynoldsburg,OH,EE. UU.,43068.0
10823,Consumer,Hamtramck,MI,EE. UU.,48212.0
11928,Consumer,Bolingbrook,IL,EE. UU.,60440.0
6248,Consumer,Union City,CA,EE. UU.,94587.0
4789,Consumer,Medina,OH,EE. UU.,44256.0
9253,Consumer,Fort Lauderdale,FL,EE. UU.,33313.0
10961,Consumer,Highland,CA,EE. UU.,92346.0
188,Consumer,Los Angeles,CA,EE. UU.,90019.0
11741,Consumer,Roseville,MI,EE. UU.,48066.0
3971,Consumer,Jonesboro,AR,EE. UU.,72401.0
2141,Consumer,Elk Grove,CA,EE. UU.,95758.0
12280,Consumer,Tallahassee,FL,EE. UU.,32308.0
4742,Consumer,Oceanside,CA,EE. UU.,92057.0
3559,Consumer,North Las Vegas,NV,EE. UU.,89030.0
638,Consumer,Bridgeton,NJ,EE. UU.,8302.0
2110,Consumer,Fullerton,CA,EE. UU.,92833.0
11731,Consumer,Encinitas,CA,EE. UU.,92024.0
5977,Consumer,Montebello,CA,EE. UU.,90640.0
9459,Consumer,San Francisco,CA,EE. UU.,94109.0
4187,Consumer,Augusta,GA,EE. UU.,30907.0
1015,Consumer,Glenview,IL,EE. UU.,60025.0
9252,Consumer,Chicago,IL,EE. UU.,60647.0
2975,Consumer,Tempe,AZ,EE. UU.,85282.0
4452,Consumer,Freeport,NY,EE. UU.,11520.0
6652,Consumer,San Jose,CA,EE. UU.,95111.0
3365,Consumer,Rock Hill,SC,EE. UU.,29730.0
3369,Consumer,Rome,NY,EE. UU.,13440.0
895,Consumer,Chicago,IL,EE. UU.,60660.0
7390,Consumer,New Bedford,MA,EE. UU.,2740.0
2149,Consumer,Tucson,AZ,EE. UU.,85746.0
6075,Consumer,Austin,TX,EE. UU.,78753.0
5481,Consumer,Scottsdale,AZ,EE. UU.,85254.0
10731,Consumer,Riverside,CA,EE. UU.,92507.0
11654,Consumer,Santa Cruz,CA,EE. UU.,95060.0
6397,Consumer,Oregon City,OR,EE. UU.,97045.0
6906,Consumer,Dallas,TX,EE. UU.,75217.0
6600,Consumer,Escondido,CA,EE. UU.,92026.0
11073,Consumer,Tonawanda,NY,EE. UU.,14150.0
1191,Consumer,Annandale,VA,EE. UU.,22003.0
8102,Consumer,Memphis,TN,EE. UU.,38118.0
7051,Consumer,Wheaton,IL,EE. UU.,60187.0
4044,Consumer,Plano,TX,EE. UU.,75023.0
235,Consumer,Piscataway,NJ,EE. UU.,8854.0
703,Consumer,Miami,FL,EE. UU.,33155.0
5289,Consumer,Bismarck,ND,EE. UU.,58501.0
3916,Consumer,Chesapeake,VA,EE. UU.,23322.0
9600,Consumer,Toms River,NJ,EE. UU.,8753.0
9107,Consumer,Los Angeles,CA,EE. UU.,90063.0
5979,Consumer,Vista,CA,EE. UU.,92084.0
3934,Consumer,Algonquin,IL,EE. UU.,60102.0
9426,Consumer,Aurora,CO,EE. UU.,80013.0
2513,Consumer,Philadelphia,PA,EE. UU.,19144.0
10632,Consumer,Escondido,CA,EE. UU.,92025.0
9154,Consumer,Detroit,MI,EE. UU.,48224.0
9897,Consumer,San Jose,CA,EE. UU.,95127.0
11198,Consumer,Marietta,GA,EE. UU.,30067.0
1753,Consumer,Pekin,IL,EE. UU.,61554.0
2790,Consumer,Santa Ana,CA,EE. UU.,92705.0
1756,Consumer,Dallas,TX,EE. UU.,75227.0
10042,Consumer,Canyon Country,CA,EE. UU.,91351.0
9698,Consumer,Indianapolis,IN,EE. UU.,46226.0
1448,Consumer,Caguas,PR,Puerto Rico,725.0
9072,Consumer,Caguas,PR,Puerto Rico,725.0
2569,Consumer,Caguas,PR,Puerto Rico,725.0
5038,Consumer,Caguas,PR,Puerto Rico,725.0
2683,Consumer,Caguas,PR,Puerto Rico,725.0
197,Consumer,Caguas,PR,Puerto Rico,725.0
7200,Consumer,Caguas,PR,Puerto Rico,725.0
12018,Consumer,Caguas,PR,Puerto Rico,725.0
12240,Consumer,Caguas,PR,Puerto Rico,725.0
10311,Consumer,Caguas,PR,Puerto Rico,725.0
8203,Consumer,Caguas,PR,Puerto Rico,725.0
3948,Consumer,Caguas,PR,Puerto Rico,725.0
10969,Consumer,Caguas,PR,Puerto Rico,725.0
10461,Consumer,Caguas,PR,Puerto Rico,725.0
11344,Consumer,Caguas,PR,Puerto Rico,725.0
10852,Consumer,Caguas,PR,Puerto Rico,725.0
2095,Consumer,Caguas,PR,Puerto Rico,725.0
6145,Consumer,Caguas,PR,Puerto Rico,725.0
7101,Consumer,Caguas,PR,Puerto Rico,725.0
10053,Consumer,Caguas,PR,Puerto Rico,725.0
1234,Consumer,Caguas,PR,Puerto Rico,725.0
6900,Consumer,Caguas,PR,Puerto Rico,725.0
7614,Consumer,Caguas,PR,Puerto Rico,725.0
9177,Consumer,Caguas,PR,Puerto Rico,725.0
346,Consumer,Caguas,PR,Puerto Rico,725.0
10240,Consumer,Caguas,PR,Puerto Rico,725.0
3767,Consumer,Caguas,PR,Puerto Rico,725.0
3230,Consumer,Caguas,PR,Puerto Rico,725.0
9531,Consumer,Caguas,PR,Puerto Rico,725.0
5361,Consumer,Caguas,PR,Puerto Rico,725.0
4565,Consumer,Caguas,PR,Puerto Rico,725.0
3047,Consumer,Caguas,PR,Puerto Rico,725.0
12319,Consumer,Caguas,PR,Puerto Rico,725.0
1326,Consumer,Caguas,PR,Puerto Rico,725.0
4528,Consumer,Caguas,PR,Puerto Rico,725.0
6706,Consumer,Caguas,PR,Puerto Rico,725.0
4350,Consumer,Caguas,PR,Puerto Rico,725.0
5971,Consumer,Caguas,PR,Puerto Rico,725.0
9285,Consumer,Caguas,PR,Puerto Rico,725.0
7757,Consumer,Caguas,PR,Puerto Rico,725.0
9604,Consumer,Caguas,PR,Puerto Rico,725.0
2402,Consumer,Caguas,PR,Puerto Rico,725.0
1117,Consumer,Caguas,PR,Puerto Rico,725.0
6165,Consumer,Caguas,PR,Puerto Rico,725.0
1916,Consumer,Caguas,PR,Puerto Rico,725.0
2796,Consumer,Caguas,PR,Puerto Rico,725.0
39,Consumer,Caguas,PR,Puerto Rico,725.0
5533,Consumer,Caguas,PR,Puerto Rico,725.0
11129,Consumer,Caguas,PR,Puerto Rico,725.0
8845,Consumer,San Juan,PR,Puerto Rico,921.0
9304,Consumer,Caguas,PR,Puerto Rico,725.0
3677,Consumer,Caguas,PR,Puerto Rico,725.0
10517,Consumer,Caguas,PR,Puerto Rico,725.0
10548,Consumer,Caguas,PR,Puerto Rico,725.0
7270,Consumer,Caguas,PR,Puerto Rico,725.0
4622,Consumer,Caguas,PR,Puerto Rico,725.0
1748,Consumer,Caguas,PR,Puerto Rico,725.0
4775,Consumer,Caguas,PR,Puerto Rico,725.0
7948,Consumer,Caguas,PR,Puerto Rico,725.0
1627,Consumer,Caguas,PR,Puerto Rico,725.0
1243,Consumer,Caguas,PR,Puerto Rico,725.0
7635,Consumer,Caguas,PR,Puerto Rico,725.0
3142,Consumer,Caguas,PR,Puerto Rico,725.0
8024,Consumer,Caguas,PR,Puerto Rico,725.0
5023,Consumer,Caguas,PR,Puerto Rico,725.0
9581,Consumer,Caguas,PR,Puerto Rico,725.0
9294,Consumer,Caguas,PR,Puerto Rico,725.0
3797,Consumer,Caguas,PR,Puerto Rico,725.0
11999,Consumer,Caguas,PR,Puerto Rico,725.0
3715,Consumer,Caguas,PR,Puerto Rico,725.0
2922,Consumer,Caguas,PR,Puerto Rico,725.0
967,Consumer,Caguas,PR,Puerto Rico,725.0
8481,Consumer,Caguas,PR,Puerto Rico,725.0
8205,Consumer,Caguas,PR,Puerto Rico,725.0
11380,Consumer,Caguas,PR,Puerto Rico,725.0
12052,Consumer,Caguas,PR,Puerto Rico,725.0
3915,Consumer,Caguas,PR,Puerto Rico,725.0
8051,Consumer,Caguas,PR,Puerto Rico,725.0
3249,Consumer,Caguas,PR,Puerto Rico,725.0
7894,Consumer,Caguas,PR,Puerto Rico,725.0
9197,Consumer,Caguas,PR,Puerto Rico,725.0
5855,Consumer,Caguas,PR,Puerto Rico,725.0
4611,Consumer,Caguas,PR,Puerto Rico,725.0
1657,Consumer,Caguas,PR,Puerto Rico,725.0
9202,Consumer,Caguas,PR,Puerto Rico,725.0
9368,Consumer,Caguas,PR,Puerto Rico,725.0
712,Consumer,Vega Baja,PR,Puerto Rico,693.0
12279,Consumer,Caguas,PR,Puerto Rico,725.0
8520,Consumer,Caguas,PR,Puerto Rico,725.0
3373,Consumer,Caguas,PR,Puerto Rico,725.0
8587,Consumer,San Juan,PR,Puerto Rico,921.0
288,Consumer,San Juan,PR,Puerto Rico,921.0
8004,Consumer,Caguas,PR,Puerto Rico,725.0
1507,Consumer,Caguas,PR,Puerto Rico,725.0
228,Consumer,Caguas,PR,Puerto Rico,725.0
10753,Consumer,Caguas,PR,Puerto Rico,725.0
2368,Consumer,Caguas,PR,Puerto Rico,725.0
9484,Consumer,Caguas,PR,Puerto Rico,725.0
7005,Consumer,Caguas,PR,Puerto Rico,725.0
9164,Consumer,Caguas,PR,Puerto Rico,725.0
10500,Consumer,Caguas,PR,Puerto Rico,725.0
3814,Consumer,Caguas,PR,Puerto Rico,725.0
4346,Consumer,Caguas,PR,Puerto Rico,725.0
2233,Consumer,Caguas,PR,Puerto Rico,725.0
7045,Consumer,Caguas,PR,Puerto Rico,725.0
7330,Consumer,Caguas,PR,Puerto Rico,725.0
2136,Consumer,Caguas,PR,Puerto Rico,725.0
12333,Consumer,Caguas,PR,Puerto Rico,725.0
2062,Consumer,Caguas,PR,Puerto Rico,725.0
2518,Consumer,Caguas,PR,Puerto Rico,725.0
7007,Consumer,Caguas,PR,Puerto Rico,725.0
11743,Consumer,Caguas,PR,Puerto Rico,725.0
5001,Consumer,Caguas,PR,Puerto Rico,725.0
6162,Consumer,Caguas,PR,Puerto Rico,725.0
4045,Consumer,Caguas,PR,Puerto Rico,725.0
11197,Consumer,Caguas,PR,Puerto Rico,725.0
10610,Corporate,Caguas,PR,Puerto Rico,725.0
10046,Corporate,Caguas,PR,Puerto Rico,725.0
13443,Corporate,Caguas,PR,Puerto Rico,725.0
3636,Corporate,Caguas,PR,Puerto Rico,725.0
1001,Corporate,Caguas,PR,Puerto Rico,725.0
5082,Corporate,Caguas,PR,Puerto Rico,725.0
934,Corporate,Caguas,PR,Puerto Rico,725.0
10735,Corporate,Caguas,PR,Puerto Rico,725.0
6346,Corporate,Caguas,PR,Puerto Rico,725.0
12128,Corporate,Caguas,PR,Puerto Rico,725.0
14745,Corporate,Caguas,PR,Puerto Rico,725.0
11507,Corporate,Caguas,PR,Puerto Rico,725.0
11365,Corporate,Caguas,PR,Puerto Rico,725.0
2860,Corporate,Caguas,PR,Puerto Rico,725.0
614,Corporate,Caguas,PR,Puerto Rico,725.0
3433,Corporate,Caguas,PR,Puerto Rico,725.0
8502,Corporate,Caguas,PR,Puerto Rico,725.0
9210,Corporate,Caguas,PR,Puerto Rico,725.0
13575,Corporate,Caguas,PR,Puerto Rico,725.0
4744,Corporate,Caguas,PR,Puerto Rico,725.0
6735,Corporate,Caguas,PR,Puerto Rico,725.0
6524,Consumer,Bronx,NY,EE. UU.,10458.0
5209,Consumer,Detroit,MI,EE. UU.,48205.0
5518,Consumer,Princeton,NJ,EE. UU.,8540.0
9955,Consumer,Chandler,AZ,EE. UU.,85225.0
10672,Consumer,Los Angeles,CA,EE. UU.,90043.0
2129,Consumer,El Cajon,CA,EE. UU.,92021.0
1450,Consumer,Saint Paul,MN,EE. UU.,55106.0
2289,Consumer,Hilliard,OH,EE. UU.,43026.0
9555,Consumer,Orange Park,FL,EE. UU.,32073.0
323,Consumer,New York,NY,EE. UU.,10025.0
3046,Consumer,Hyattsville,MD,EE. UU.,20783.0
10307,Consumer,Tustin,CA,EE. UU.,92780.0
2630,Consumer,Chicago,IL,EE. UU.,60625.0
5268,Consumer,Tonawanda,NY,EE. UU.,14150.0
8802,Consumer,Amarillo,TX,EE. UU.,79109.0
3544,Consumer,Bismarck,ND,EE. UU.,58501.0
6011,Consumer,Decatur,GA,EE. UU.,30032.0
9662,Consumer,San Pablo,CA,EE. UU.,94806.0
3370,Consumer,Hialeah,FL,EE. UU.,33016.0
12245,Consumer,Anaheim,CA,EE. UU.,92804.0
1562,Consumer,Orlando,FL,EE. UU.,32808.0
1508,Consumer,Brooklyn,NY,EE. UU.,11220.0
7523,Consumer,San Antonio,TX,EE. UU.,78228.0
5671,Consumer,Philadelphia,PA,EE. UU.,19120.0
7748,Consumer,Long Beach,CA,EE. UU.,90804.0
4794,Consumer,Simi Valley,CA,EE. UU.,93063.0
971,Consumer,Douglasville,GA,EE. UU.,30135.0
3420,Consumer,Catonsville,MD,EE. UU.,21228.0
2742,Consumer,Henderson,NV,EE. UU.,89015.0
7803,Consumer,Lompoc,CA,EE. UU.,93436.0
3939,Consumer,North Las Vegas,NV,EE. UU.,89030.0
8118,Consumer,Cumberland,MD,EE. UU.,21502.0
4561,Consumer,Jonesboro,AR,EE. UU.,72401.0
12218,Consumer,Lakewood,OH,EE. UU.,44107.0
3146,Consumer,Opa Locka,FL,EE. UU.,33055.0
9005,Consumer,Elgin,IL,EE. UU.,60120.0
775,Consumer,College Station,TX,EE. UU.,77840.0
8860,Consumer,Hamtramck,MI,EE. UU.,48212.0
6948,Consumer,Round Rock,TX,EE. UU.,78664.0
2497,Consumer,Mesquite,TX,EE. UU.,75150.0
137,Consumer,Broken Arrow,OK,EE. UU.,74012.0
2716,Consumer,Milpitas,CA,EE. UU.,95035.0
3226,Consumer,Memphis,TN,EE. UU.,38118.0
173,Consumer,Lombard,IL,EE. UU.,60148.0
10869,Consumer,Brooklyn,NY,EE. UU.,11220.0
2495,Consumer,Webster,NY,EE. UU.,14580.0
4064,Consumer,Pawtucket,RI,EE. UU.,2860.0
3788,Consumer,Memphis,TN,EE. UU.,38128.0
10560,Consumer,Redmond,WA,EE. UU.,98052.0
2387,Consumer,Cypress,CA,EE. UU.,90630.0
336,Consumer,New York,NY,EE. UU.,10029.0
6936,Consumer,Findlay,OH,EE. UU.,45840.0
5839,Consumer,Bend,OR,EE. UU.,97701.0
6366,Consumer,La Habra,CA,EE. UU.,90631.0
7052,Consumer,Albany,OR,EE. UU.,97321.0
6776,Consumer,San Diego,CA,EE. UU.,92105.0
10385,Consumer,West Covina,CA,EE. UU.,91790.0
4648,Consumer,Jersey City,NJ,EE. UU.,7305.0
7288,Consumer,Laguna Hills,CA,EE. UU.,92653.0
5048,Consumer,Buffalo,NY,EE. UU.,14215.0
8638,Consumer,Los Angeles,CA,EE. UU.,90057.0
11658,Consumer,Portland,OR,EE. UU.,97223.0
4164,Consumer,Panorama City,CA,EE. UU.,91402.0
7945,Consumer,Baltimore,MD,EE. UU.,21215.0
7567,Consumer,Roseburg,OR,EE. UU.,97470.0
12066,Consumer,Union City,NJ,EE. UU.,7087.0
7554,Consumer,Baltimore,MD,EE. UU.,21224.0
9381,Consumer,Loveland,OH,EE. UU.,45140.0
5606,Consumer,New York,NY,EE. UU.,10011.0
4323,Consumer,Mesa,AZ,EE. UU.,85204.0
12000,Consumer,Oceanside,CA,EE. UU.,92057.0
5360,Consumer,Asheboro,NC,EE. UU.,27203.0
2037,Consumer,Rancho Cordova,CA,EE. UU.,95670.0
10116,Consumer,El Paso,TX,EE. UU.,79912.0
10043,Consumer,Columbus,OH,EE. UU.,43230.0
8340,Consumer,Oceanside,CA,EE. UU.,92057.0
2786,Consumer,Chicago,IL,EE. UU.,60622.0
6295,Consumer,Brooklyn,NY,EE. UU.,11207.0
3749,Consumer,San Bernardino,CA,EE. UU.,92407.0
10079,Consumer,Apex,NC,EE. UU.,27502.0
4174,Consumer,San Francisco,CA,EE. UU.,94110.0
6056,Consumer,Virginia Beach,VA,EE. UU.,23464.0
11212,Consumer,Bakersfield,CA,EE. UU.,93304.0
7216,Consumer,Highland,CA,EE. UU.,92346.0
6064,Consumer,South El Monte,CA,EE. UU.,91733.0
12235,Consumer,Winnetka,CA,EE. UU.,91306.0
12072,Consumer,Denver,CO,EE. UU.,80231.0
3932,Consumer,Asheboro,NC,EE. UU.,27203.0
8294,Consumer,Las Vegas,NV,EE. UU.,89103.0
6143,Consumer,Irving,TX,EE. UU.,75061.0
874,Consumer,Phoenix,AZ,EE. UU.,85033.0
7612,Consumer,Brooklyn,NY,EE. UU.,11234.0
2133,Consumer,Brooklyn,NY,EE. UU.,11203.0
4079,Consumer,Tonawanda,NY,EE. UU.,14150.0
8854,Consumer,Blacksburg,VA,EE. UU.,24060.0
2398,Consumer,Dorchester Center,MA,EE. UU.,2124.0
7439,Consumer,York,PA,EE. UU.,17402.0
11641,Consumer,Woonsocket,RI,EE. UU.,2895.0
7326,Consumer,Aurora,IL,EE. UU.,60505.0
4908,Consumer,Fontana,CA,EE. UU.,92336.0
8202,Consumer,Brighton,MA,EE. UU.,2135.0
10425,Consumer,Jersey City,NJ,EE. UU.,7307.0
1249,Consumer,San Antonio,TX,EE. UU.,78207.0
4524,Consumer,Potomac,MD,EE. UU.,20854.0
386,Consumer,Richmond,TX,EE. UU.,77469.0
9585,Consumer,Sugar Land,TX,EE. UU.,77479.0
3758,Consumer,Salt Lake City,UT,EE. UU.,84119.0
5408,Consumer,Fremont,CA,EE. UU.,94539.0
12095,Consumer,Greenville,NC,EE. UU.,27858.0
8435,Consumer,Los Angeles,CA,EE. UU.,90002.0
5402,Consumer,Fort Lauderdale,FL,EE. UU.,33312.0
507,Consumer,Simi Valley,CA,EE. UU.,93065.0
11840,Consumer,Hayward,CA,EE. UU.,94541.0
9675,Consumer,Mission Viejo,CA,EE. UU.,92691.0
355,Consumer,Carmichael,CA,EE. UU.,95608.0
7926,Consumer,Freeport,NY,EE. UU.,11520.0
8283,Consumer,Baltimore,MD,EE. UU.,21218.0
1335,Consumer,Winter Park,FL,EE. UU.,32792.0
12309,Consumer,Chicago,IL,EE. UU.,60610.0
4543,Consumer,Stone Mountain,GA,EE. UU.,30083.0
5625,Consumer,Goleta,CA,EE. UU.,93117.0
5492,Consumer,Bronx,NY,EE. UU.,10467.0
1097,Consumer,Hagerstown,MD,EE. UU.,21740.0
9201,Consumer,Martinsburg,WV,EE. UU.,25401.0
10681,Consumer,Alameda,CA,EE. UU.,94501.0
7018,Consumer,Fontana,CA,EE. UU.,92335.0
7022,Corporate,Miami,FL,EE. UU.,33161.0
1002,Corporate,Milpitas,CA,EE. UU.,95035.0
20722,Corporate,Morristown,NJ,EE. UU.,7960.0
6213,Corporate,Rock Hill,SC,EE. UU.,29730.0
8290,Corporate,Santa Ana,CA,EE. UU.,92701.0
5222,Corporate,Saint Louis,MO,EE. UU.,63136.0
15955,Corporate,San Antonio,TX,EE. UU.,78240.0
18020,Corporate,Los Angeles,CA,EE. UU.,90002.0
18002,Corporate,Memphis,TN,EE. UU.,38127.0
14,Corporate,Pico Rivera,CA,EE. UU.,90660.0
11706,Corporate,Chula Vista,CA,EE. UU.,91910.0
7437,Corporate,Corona,CA,EE. UU.,92882.0
3603,Corporate,Longmont,CO,EE. UU.,80501.0
1131,Corporate,Saint Louis,MO,EE. UU.,63116.0
4657,Corporate,Chicago,IL,EE. UU.,60619.0
3121,Corporate,Los Angeles,CA,EE. UU.,90065.0
18521,Corporate,San Diego,CA,EE. UU.,92126.0
1615,Corporate,Martinez,CA,EE. UU.,94553.0
17349,Corporate,Jackson,MI,EE. UU.,49201.0
18323,Corporate,San Jose,CA,EE. UU.,95124.0
940,Corporate,El Paso,TX,EE. UU.,79924.0
17947,Corporate,San Jose,CA,EE. UU.,95125.0
10087,Corporate,Fullerton,CA,EE. UU.,92833.0
4435,Corporate,Roseville,MI,EE. UU.,48066.0
167,Corporate,Columbus,OH,EE. UU.,43228.0
5185,Corporate,Baltimore,MD,EE. UU.,21218.0
5689,Corporate,El Cajon,CA,EE. UU.,92020.0
2752,Corporate,Phoenix,AZ,EE. UU.,85032.0
3122,Corporate,Augusta,GA,EE. UU.,30907.0
5033,Corporate,Canton,MI,EE. UU.,48187.0
18322,Corporate,Arlington,TX,EE. UU.,76010.0
15971,Corporate,Encinitas,CA,EE. UU.,92024.0
5282,Corporate,Lawrenceville,GA,EE. UU.,30044.0
7540,Corporate,Lancaster,PA,EE. UU.,17603.0
8279,Corporate,Fort Worth,TX,EE. UU.,76133.0
3695,Corporate,Portland,OR,EE. UU.,97223.0
9875,Corporate,Salt Lake City,UT,EE. UU.,84119.0
4811,Corporate,Hollister,CA,EE. UU.,95023.0
4226,Corporate,Hialeah,FL,EE. UU.,33010.0
3017,Corporate,Edison,NJ,EE. UU.,8817.0
11447,Corporate,Beloit,WI,EE. UU.,53511.0
6557,Corporate,Tempe,AZ,EE. UU.,85281.0
8927,Corporate,North Hollywood,CA,EE. UU.,91605.0
8478,Corporate,Rowland Heights,CA,EE. UU.,91748.0
17347,Corporate,Santa Cruz,CA,EE. UU.,95060.0
20664,Corporate,Saint Paul,MN,EE. UU.,55104.0
18519,Corporate,Austin,TX,EE. UU.,78704.0
1849,Corporate,Salinas,CA,EE. UU.,93905.0
9539,Corporate,Lenoir,NC,EE. UU.,28645.0
6101,Corporate,Los Angeles,CA,EE. UU.,90033.0
20592,Corporate,San Francisco,CA,EE. UU.,94122.0
345,Corporate,Chicago,IL,EE. UU.,60638.0
1747,Corporate,Burnsville,MN,EE. UU.,55337.0
17687,Corporate,Allentown,PA,EE. UU.,18103.0
11693,Corporate,Philadelphia,PA,EE. UU.,19144.0
5200,Corporate,Hyattsville,MD,EE. UU.,20783.0
20699,Corporate,Brooklyn,NY,EE. UU.,11235.0
9573,Corporate,Quincy,IL,EE. UU.,62301.0
8314,Corporate,Detroit,MI,EE. UU.,48213.0
730,Corporate,Bronx,NY,EE. UU.,10472.0
8204,Corporate,Bronx,NY,EE. UU.,10473.0
20663,Corporate,York,PA,EE. UU.,17404.0
10148,Corporate,New Brunswick,NJ,EE. UU.,8901.0
9800,Corporate,Beaverton,OR,EE. UU.,97007.0
18392,Corporate,Denver,CO,EE. UU.,80219.0
12007,Corporate,Washington,DC,EE. UU.,20020.0
9181,Corporate,Chicago Heights,IL,EE. UU.,60411.0
9858,Corporate,Oceanside,CA,EE. UU.,92054.0
351,Corporate,Stockton,CA,EE. UU.,95206.0
95,Corporate,Hyattsville,MD,EE. UU.,20783.0
11725,Corporate,Corona,CA,EE. UU.,92882.0
8275,Corporate,Panorama City,CA,EE. UU.,91402.0
1415,Corporate,Long Beach,CA,EE. UU.,90813.0
11462,Corporate,Colorado Springs,CO,EE. UU.,80918.0
4688,Corporate,Hesperia,CA,EE. UU.,92345.0
4825,Corporate,Riverside,CA,EE. UU.,92503.0
10800,Corporate,Arlington,TX,EE. UU.,76010.0
1244,Corporate,Fond Du Lac,WI,EE. UU.,54935.0
8676,Corporate,North Las Vegas,NV,EE. UU.,89030.0
11063,Corporate,Cary,NC,EE. UU.,27511.0
10510,Corporate,Virginia Beach,VA,EE. UU.,23455.0
12169,Corporate,Mesquite,TX,EE. UU.,75150.0
11828,Corporate,Cleveland,OH,EE. UU.,44109.0
2919,Corporate,Raleigh,NC,EE. UU.,27610.0
7036,Corporate,Sanford,NC,EE. UU.,27330.0
8264,Corporate,Cicero,IL,EE. UU.,60804.0
2035,Corporate,Lockport,NY,EE. UU.,14094.0
4642,Corporate,New York,NY,EE. UU.,10002.0
7675,Corporate,Laredo,TX,EE. UU.,78040.0
12054,Corporate,Westland,MI,EE. UU.,48185.0
5208,Corporate,Bronx,NY,EE. UU.,10453.0
673,Corporate,Chula Vista,CA,EE. UU.,91911.0
4758,Corporate,Stockbridge,GA,EE. UU.,30281.0
11217,Corporate,Brooklyn,NY,EE. UU.,11220.0
9902,Corporate,Escondido,CA,EE. UU.,92026.0
4157,Corporate,Garden Grove,CA,EE. UU.,92840.0
222,Corporate,Carol Stream,IL,EE. UU.,60188.0
11973,Corporate,Brooklyn,NY,EE. UU.,11237.0
8556,Corporate,Bronx,NY,EE. UU.,10469.0
1118,Corporate,Paramount,CA,EE. UU.,90723.0
8714,Corporate,Germantown,MD,EE. UU.,20874.0
8678,Corporate,Hialeah,FL,EE. UU.,33012.0
5511,Corporate,Detroit,MI,EE. UU.,48205.0
7306,Corporate,Chicago,IL,EE. UU.,60634.0
15539,Corporate,Spring Valley,NY,EE. UU.,10977.0
10172,Corporate,San Jose,CA,EE. UU.,95127.0
15447,Corporate,Wichita,KS,EE. UU.,67212.0
6635,Corporate,Los Angeles,CA,EE. UU.,90057.0
15500,Corporate,Hacienda Heights,CA,EE. UU.,91745.0
15374,Corporate,Antioch,CA,EE. UU.,94509.0
15660,Corporate,Las Vegas,NV,EE. UU.,89110.0
15498,Corporate,Columbus,OH,EE. UU.,43228.0
15606,Corporate,Woodbridge,VA,EE. UU.,22192.0
15426,Corporate,Los Angeles,CA,EE. UU.,90002.0
18659,Corporate,North Tonawanda,NY,EE. UU.,14120.0
15497,Corporate,Los Angeles,CA,EE. UU.,90004.0
15569,Corporate,Freeport,NY,EE. UU.,11520.0
15675,Corporate,Olathe,KS,EE. UU.,66062.0
15458,Corporate,Dallas,TX,EE. UU.,75216.0
15457,Corporate,Flushing,NY,EE. UU.,11354.0
15367,Corporate,New Braunfels,TX,EE. UU.,78130.0
10008,Corporate,Staten Island,NY,EE. UU.,10312.0
15475,Corporate,Sunnyvale,CA,EE. UU.,94087.0
4200,Corporate,Eugene,OR,EE. UU.,97405.0
15490,Corporate,Compton,CA,EE. UU.,90220.0
15364,Corporate,Saint Paul,MN,EE. UU.,55124.0
3993,Corporate,Valrico,FL,EE. UU.,33594.0
3148,Corporate,Lynwood,CA,EE. UU.,90262.0
15489,Corporate,Kent,WA,EE. UU.,98031.0
9514,Corporate,Laguna Hills,CA,EE. UU.,92653.0
18669,Corporate,Tempe,AZ,EE. UU.,85282.0
296,Corporate,Detroit,MI,EE. UU.,48213.0
18722,Corporate,Los Angeles,CA,EE. UU.,90034.0
7643,Corporate,Buffalo,NY,EE. UU.,14215.0
6083,Corporate,Lompoc,CA,EE. UU.,93436.0
8772,Corporate,Norfolk,VA,EE. UU.,23503.0
10666,Corporate,Anaheim,CA,EE. UU.,92802.0
496,Corporate,Revere,MA,EE. UU.,2151.0
4298,Corporate,Ontario,CA,EE. UU.,91764.0
3396,Corporate,San Bernardino,CA,EE. UU.,92410.0
8996,Corporate,Augusta,GA,EE. UU.,30907.0
2383,Corporate,Westerville,OH,EE. UU.,43081.0
4120,Corporate,Cordova,TN,EE. UU.,38018.0
1394,Corporate,North Las Vegas,NV,EE. UU.,89030.0
5934,Corporate,Newburgh,NY,EE. UU.,12550.0
3352,Corporate,Chicago,IL,EE. UU.,60623.0
5614,Corporate,Aurora,IL,EE. UU.,60506.0
5819,Corporate,New Brunswick,NJ,EE. UU.,8901.0
6223,Corporate,Columbus,OH,EE. UU.,43230.0
9674,Corporate,Taylor,MI,EE. UU.,48180.0
11957,Corporate,Cincinnati,OH,EE. UU.,45238.0
2153,Corporate,Bakersfield,CA,EE. UU.,93307.0
6736,Corporate,San Diego,CA,EE. UU.,92129.0
552,Corporate,Los Angeles,CA,EE. UU.,90011.0
7733,Corporate,Hanford,CA,EE. UU.,93230.0
3424,Corporate,Clementon,NJ,EE. UU.,8021.0
1263,Corporate,Ontario,CA,EE. UU.,91764.0
5271,Corporate,North Hills,CA,EE. UU.,91343.0
7707,Corporate,Brooklyn,NY,EE. UU.,11216.0
12055,Corporate,Orlando,FL,EE. UU.,32825.0
10365,Corporate,Winnetka,CA,EE. UU.,91306.0
1618,Corporate,Philadelphia,PA,EE. UU.,19139.0
11573,Corporate,Brooklyn,NY,EE. UU.,11213.0
1331,Corporate,Panorama City,CA,EE. UU.,91402.0
5097,Corporate,Martinez,CA,EE. UU.,94553.0
7178,Corporate,Greenville,NC,EE. UU.,27858.0
8404,Corporate,Troy,NY,EE. UU.,12180.0
10518,Corporate,Rialto,CA,EE. UU.,92376.0
1342,Corporate,Saint Peters,MO,EE. UU.,63376.0
2511,Corporate,Apex,NC,EE. UU.,27502.0
248,Corporate,Houston,TX,EE. UU.,77083.0
5917,Corporate,Mchenry,IL,EE. UU.,60050.0
10983,Corporate,Fontana,CA,EE. UU.,92335.0
11114,Corporate,Columbus,OH,EE. UU.,43230.0
5902,Corporate,Mission,TX,EE. UU.,78572.0
1219,Corporate,Detroit,MI,EE. UU.,48205.0
4269,Corporate,Tustin,CA,EE. UU.,92780.0
6725,Corporate,Philadelphia,PA,EE. UU.,19134.0
5054,Corporate,Brooklyn,NY,EE. UU.,11214.0
10648,Corporate,Los Angeles,CA,EE. UU.,90007.0
4986,Corporate,Santa Ana,CA,EE. UU.,92707.0
6708,Corporate,Virginia Beach,VA,EE. UU.,23455.0
6872,Corporate,Azusa,CA,EE. UU.,91702.0
11170,Corporate,Philadelphia,PA,EE. UU.,19149.0
4707,Corporate,Harvey,IL,EE. UU.,60426.0
3085,Corporate,Cleveland,OH,EE. UU.,44102.0
2319,Corporate,Jackson,MI,EE. UU.,49201.0
3302,Corporate,Salem,OR,EE. UU.,97301.0
10226,Corporate,Murfreesboro,TN,EE. UU.,37130.0
2456,Corporate,York,PA,EE. UU.,17402.0
4477,Corporate,Duluth,GA,EE. UU.,30096.0
4427,Corporate,Carlisle,PA,EE. UU.,17013.0
3628,Corporate,Elgin,IL,EE. UU.,60120.0
11791,Corporate,Riverside,CA,EE. UU.,92509.0
5935,Corporate,Philadelphia,PA,EE. UU.,19148.0
12381,Corporate,Austin,TX,EE. UU.,78704.0
6227,Corporate,New Brunswick,NJ,EE. UU.,8901.0
1899,Corporate,Norfolk,VA,EE. UU.,23503.0
11337,Corporate,Danbury,CT,EE. UU.,6810.0
5941,Corporate,Newark,OH,EE. UU.,43055.0
2871,Corporate,Marietta,GA,EE. UU.,30066.0
11586,Corporate,New Orleans,LA,EE. UU.,70122.0
4070,Corporate,Bridgeton,NJ,EE. UU.,8302.0
10591,Corporate,Plymouth,MA,EE. UU.,2360.0
7268,Corporate,Davis,CA,EE. UU.,95616.0
3598,Corporate,Tucson,AZ,EE. UU.,85719.0
1958,Corporate,Lancaster,PA,EE. UU.,17601.0
9307,Corporate,Stone Mountain,GA,EE. UU.,30083.0
3995,Corporate,North Las Vegas,NV,EE. UU.,89030.0
3485,Corporate,San Bernardino,CA,EE. UU.,92410.0
5732,Corporate,Frankfort,KY,EE. UU.,40601.0
8100,Corporate,Upland,CA,EE. UU.,91786.0
1475,Corporate,Rosemead,CA,EE. UU.,91770.0
7113,Corporate,North Richland Hills,TX,EE. UU.,76180.0
10667,Corporate,Methuen,MA,EE. UU.,1844.0
10643,Corporate,Escondido,CA,EE. UU.,92025.0
2571,Corporate,Mount Pleasant,MI,EE. UU.,48858.0
8650,Corporate,Buffalo,NY,EE. UU.,14221.0
4429,Corporate,Dallas,TX,EE. UU.,75220.0
8037,Corporate,Salem,OR,EE. UU.,97303.0
9352,Corporate,South El Monte,CA,EE. UU.,91733.0
9432,Corporate,Sugar Land,TX,EE. UU.,77479.0
695,Corporate,Roswell,NM,EE. UU.,88201.0
9511,Corporate,Harvey,IL,EE. UU.,60426.0
6492,Corporate,Provo,UT,EE. UU.,84604.0
9112,Corporate,Bay Shore,NY,EE. UU.,11706.0
7532,Corporate,Philadelphia,PA,EE. UU.,19104.0
6950,Corporate,Marrero,LA,EE. UU.,70072.0
4830,Corporate,Philadelphia,PA,EE. UU.,19131.0
6967,Corporate,Oceanside,CA,EE. UU.,92054.0
2891,Corporate,Lake Forest,CA,EE. UU.,92630.0
3306,Corporate,New York,NY,EE. UU.,10023.0
6670,Corporate,West Chester,PA,EE. UU.,19380.0
9723,Corporate,Los Angeles,CA,EE. UU.,90024.0
1662,Corporate,Bronx,NY,EE. UU.,10460.0
2709,Corporate,New York,NY,EE. UU.,10128.0
12101,Corporate,Highland,CA,EE. UU.,92346.0
8078,Corporate,Brooklyn,NY,EE. UU.,11220.0
2540,Corporate,Indianapolis,IN,EE. UU.,46227.0
4329,Corporate,Lindenhurst,NY,EE. UU.,11757.0
8841,Corporate,Los Angeles,CA,EE. UU.,90037.0
11822,Corporate,Stamford,CT,EE. UU.,6902.0
2386,Corporate,San Bernardino,CA,EE. UU.,92404.0
2228,Corporate,Aurora,CO,EE. UU.,80015.0
4911,Corporate,Greenville,NC,EE. UU.,27834.0
5214,Corporate,New York,NY,EE. UU.,10033.0
2504,Corporate,West Chester,PA,EE. UU.,19380.0
6741,Corporate,Winter Park,FL,EE. UU.,32792.0
8508,Corporate,New Orleans,LA,EE. UU.,70117.0
8652,Corporate,Woodside,NY,EE. UU.,11377.0
7401,Corporate,Santa Clara,CA,EE. UU.,95051.0
5698,Corporate,Fremont,CA,EE. UU.,94536.0
4328,Corporate,Elyria,OH,EE. UU.,44035.0
12341,Corporate,Norcross,GA,EE. UU.,30093.0
8507,Corporate,Milpitas,CA,EE. UU.,95035.0
7882,Corporate,Round Rock,TX,EE. UU.,78664.0
8281,Corporate,Bakersfield,CA,EE. UU.,93306.0
10930,Corporate,San Jose,CA,EE. UU.,95124.0
603,Corporate,Fresno,CA,EE. UU.,93722.0
3884,Corporate,North Bergen,NJ,EE. UU.,7047.0
4708,Corporate,Roseburg,OR,EE. UU.,97470.0
11419,Corporate,York,PA,EE. UU.,17402.0
4668,Corporate,Mechanicsburg,PA,EE. UU.,17055.0
6740,Corporate,Zanesville,OH,EE. UU.,43701.0
3262,Corporate,Aurora,IL,EE. UU.,60504.0
10957,Corporate,Brooklyn,NY,EE. UU.,11204.0
11634,Corporate,San Diego,CA,EE. UU.,92102.0
505,Corporate,Scottsdale,AZ,EE. UU.,85254.0
8026,Corporate,Middletown,OH,EE. UU.,45044.0
4991,Corporate,Greensboro,NC,EE. UU.,27406.0
7830,Corporate,East Lansing,MI,EE. UU.,48823.0
12034,Corporate,Simi Valley,CA,EE. UU.,93063.0
619,Corporate,Houston,TX,EE. UU.,77015.0
10137,Corporate,Los Angeles,CA,EE. UU.,90024.0
8640,Corporate,Diamond Bar,CA,EE. UU.,91765.0
9636,Corporate,San Francisco,CA,EE. UU.,94122.0
4316,Corporate,Indianapolis,IN,EE. UU.,46226.0
791,Corporate,Canton,MI,EE. UU.,48187.0
2772,Corporate,San Bernardino,CA,EE. UU.,92410.0
2385,Corporate,Costa Mesa,CA,EE. UU.,92627.0
1891,Corporate,Painesville,OH,EE. UU.,44077.0
16649,Corporate,Spring Valley,CA,EE. UU.,91977.0
16648,Consumer,Fresno,CA,EE. UU.,93722.0
16647,Consumer,Caguas,PR,Puerto Rico,725.0
16646,Consumer,Phoenix,AZ,EE. UU.,85029.0
16645,Consumer,Caguas,PR,Puerto Rico,725.0
16644,Consumer,Atlanta,GA,EE. UU.,30331.0
16643,Corporate,Caguas,PR,Puerto Rico,725.0
16642,Corporate,Strongsville,OH,EE. UU.,44136.0
16641,Consumer,Brooklyn,NY,EE. UU.,11218.0
16640,Consumer,Caguas,PR,Puerto Rico,725.0
16639,Home Office,Portland,OR,EE. UU.,97229.0
16638,Home Office,Catonsville,MD,EE. UU.,21228.0
16637,Home Office,Caguas,PR,Puerto Rico,725.0
16636,Corporate,Eugene,OR,EE. UU.,97405.0
16635,Home Office,Hayward,CA,EE. UU.,94544.0
16634,Home Office,Los Angeles,CA,EE. UU.,90011.0
16633,Home Office,Caguas,PR,Puerto Rico,725.0
16632,Home Office,Lynnwood,WA,EE. UU.,98037.0
16631,Consumer,Dallas,TX,EE. UU.,75243.0
16630,Home Office,Caguas,PR,Puerto Rico,725.0
4768,Home Office,Caguas,PR,Puerto Rico,725.0
9037,Consumer,Bellflower,CA,EE. UU.,90706.0
5783,Consumer,Indianapolis,IN,EE. UU.,46227.0
9532,Corporate,Amarillo,TX,EE. UU.,79109.0
7279,Consumer,Massillon,OH,EE. UU.,44646.0
3851,Consumer,Caguas,PR,Puerto Rico,725.0
8372,Corporate,Caguas,PR,Puerto Rico,725.0
7580,Consumer,Caguas,PR,Puerto Rico,725.0
4376,Home Office,Caguas,PR,Puerto Rico,725.0
8549,Consumer,Hollywood,FL,EE. UU.,33021.0
1921,Home Office,Longmont,CO,EE. UU.,80501.0
11208,Consumer,Caguas,PR,Puerto Rico,725.0
6247,Consumer,Caguas,PR,Puerto Rico,725.0
11017,Home Office,Caguas,PR,Puerto Rico,725.0
3649,Corporate,Union City,CA,EE. UU.,94587.0
10076,Consumer,Caguas,PR,Puerto Rico,725.0
2137,Corporate,Moreno Valley,CA,EE. UU.,92553.0
3686,Consumer,Caguas,PR,Puerto Rico,725.0
5186,Corporate,Alhambra,CA,EE. UU.,91801.0
6778,Consumer,Caguas,PR,Puerto Rico,725.0
263,Consumer,Caguas,PR,Puerto Rico,725.0
1444,Corporate,Caguas,PR,Puerto Rico,725.0
1092,Corporate,Caguas,PR,Puerto Rico,725.0
7103,Consumer,Chicago,IL,EE. UU.,60644.0
6141,Consumer,Caguas,PR,Puerto Rico,725.0
577,Consumer,Caguas,PR,Puerto Rico,725.0
7832,Corporate,Chicago,IL,EE. UU.,60610.0
1944,Home Office,Crystal Lake,IL,EE. UU.,60014.0
5976,Home Office,Glendale,AZ,EE. UU.,85308.0
12146,Corporate,Houston,TX,EE. UU.,77093.0
1873,Consumer,Caguas,PR,Puerto Rico,725.0
1788,Consumer,Fort Lauderdale,FL,EE. UU.,33324.0
8480,Consumer,Rego Park,NY,EE. UU.,11374.0
3241,Consumer,Caguas,PR,Puerto Rico,725.0
10173,Consumer,Philadelphia,PA,EE. UU.,19111.0
2247,Home Office,Laredo,TX,EE. UU.,78040.0
251,Corporate,Saint Paul,MN,EE. UU.,55112.0
3754,Home Office,Columbus,GA,EE. UU.,31907.0
6370,Corporate,Provo,UT,EE. UU.,84604.0
6374,Corporate,Caguas,PR,Puerto Rico,725.0
3438,Consumer,Mililani,HI,EE. UU.,96789.0
12355,Consumer,Lombard,IL,EE. UU.,60148.0
3045,Consumer,Caguas,PR,Puerto Rico,725.0
9727,Home Office,Chicago,IL,EE. UU.,60626.0
3469,Home Office,Waipahu,HI,EE. UU.,96797.0
2615,Consumer,Garden Grove,CA,EE. UU.,92843.0
415,Corporate,San Diego,CA,EE. UU.,92113.0
7621,Consumer,College Station,TX,EE. UU.,77840.0
321,Consumer,Ann Arbor,MI,EE. UU.,48103.0
7269,Consumer,San Jose,CA,EE. UU.,95111.0
10802,Corporate,Caguas,PR,Puerto Rico,725.0
210,Corporate,Caguas,PR,Puerto Rico,725.0
2588,Consumer,Caguas,PR,Puerto Rico,725.0
1495,Consumer,Caguas,PR,Puerto Rico,725.0
11204,Consumer,Longmont,CO,EE. UU.,80501.0
11412,Corporate,Santa Ana,CA,EE. UU.,92701.0
8400,Consumer,Smyrna,GA,EE. UU.,30080.0
3565,Corporate,Caguas,PR,Puerto Rico,725.0
1490,Consumer,Portland,OR,EE. UU.,97206.0
10428,Consumer,Caguas,PR,Puerto Rico,725.0
8663,Consumer,Chicago,IL,EE. UU.,60647.0
7114,Corporate,Cleveland,OH,EE. UU.,44109.0
6450,Consumer,Fresno,CA,EE. UU.,93727.0
1153,Consumer,Woodbridge,VA,EE. UU.,22192.0
10499,Corporate,Princeton,NJ,EE. UU.,8540.0
11187,Consumer,Caguas,PR,Puerto Rico,725.0
9742,Home Office,New York,NY,EE. UU.,10021.0
10582,Consumer,Caguas,PR,Puerto Rico,725.0
10893,Corporate,Riverside,CA,EE. UU.,92503.0
8744,Consumer,Salinas,CA,EE. UU.,93905.0
8807,Consumer,Caguas,PR,Puerto Rico,725.0
11616,Home Office,Wyoming,MI,EE. UU.,49509.0
711,Corporate,Caguas,PR,Puerto Rico,725.0
6499,Home Office,Denver,CO,EE. UU.,80219.0
8572,Consumer,Caguas,PR,Puerto Rico,725.0
7994,Corporate,Caguas,PR,Puerto Rico,725.0
5845,Home Office,La Mesa,CA,EE. UU.,91941.0
9807,Consumer,Vista,CA,EE. UU.,92084.0
11757,Consumer,Caguas,PR,Puerto Rico,725.0
5785,Home Office,Caguas,PR,Puerto Rico,725.0
9129,Corporate,Caguas,PR,Puerto Rico,725.0
9326,Consumer,Portland,OR,EE. UU.,97206.0
2641,Consumer,Carrollton,TX,EE. UU.,75006.0
10245,Corporate,Dallas,TX,EE. UU.,75217.0
1168,Corporate,Edinburg,TX,EE. UU.,78539.0
12363,Consumer,Caguas,PR,Puerto Rico,725.0
7512,Consumer,Caguas,PR,Puerto Rico,725.0
11044,Consumer,Memphis,TN,EE. UU.,38127.0
1826,Corporate,Caguas,PR,Puerto Rico,725.0
1804,Corporate,Howell,MI,EE. UU.,48843.0
11551,Consumer,Caguas,PR,Puerto Rico,725.0
2353,Consumer,Dallas,TX,EE. UU.,75240.0
7735,Consumer,Caguas,PR,Puerto Rico,725.0
6199,Consumer,Corona,NY,EE. UU.,11368.0
6817,Consumer,Zanesville,OH,EE. UU.,43701.0
7226,Home Office,Michigan City,IN,EE. UU.,46360.0
4061,Consumer,Caguas,PR,Puerto Rico,725.0
12418,Consumer,Caguas,PR,Puerto Rico,725.0
12142,Consumer,Encinitas,CA,EE. UU.,92024.0
8810,Corporate,Caguas,PR,Puerto Rico,725.0
10341,Home Office,Long Beach,CA,EE. UU.,90805.0
11338,Consumer,Sheboygan,WI,EE. UU.,53081.0
6301,Corporate,Moline,IL,EE. UU.,61265.0
1812,Home Office,Elgin,IL,EE. UU.,60123.0
9872,Corporate,Caguas,PR,Puerto Rico,725.0
757,Consumer,Tempe,AZ,EE. UU.,85283.0
8370,Corporate,Caguas,PR,Puerto Rico,725.0
2938,Consumer,Antioch,CA,EE. UU.,94509.0
312,Consumer,Houston,TX,EE. UU.,77055.0
2485,Consumer,Caguas,PR,Puerto Rico,725.0
9337,Consumer,Chicago,IL,EE. UU.,60643.0
11413,Home Office,Norcross,GA,EE. UU.,30093.0
11318,Consumer,Caguas,PR,Puerto Rico,725.0
2097,Corporate,Atlanta,GA,EE. UU.,30318.0
2583,Consumer,Mchenry,IL,EE. UU.,60050.0
9602,Home Office,Caguas,PR,Puerto Rico,725.0
12289,Consumer,Caguas,PR,Puerto Rico,725.0
10154,Home Office,Chicago,IL,EE. UU.,60617.0
7329,Consumer,Las Vegas,NV,EE. UU.,89101.0
7365,Consumer,Elmhurst,NY,EE. UU.,11373.0
1393,Corporate,Caguas,PR,Puerto Rico,725.0
1725,Corporate,Brooklyn,NY,EE. UU.,11208.0
9713,Home Office,Bolingbrook,IL,EE. UU.,60440.0
8184,Corporate,Brooklyn,NY,EE. UU.,11229.0
6700,Consumer,Eagle Pass,TX,EE. UU.,78852.0
511,Consumer,Caguas,PR,Puerto Rico,725.0
10469,Consumer,Los Angeles,CA,EE. UU.,90034.0
1152,Consumer,Bronx,NY,EE. UU.,10456.0
7481,Corporate,Caguas,PR,Puerto Rico,725.0
12232,Corporate,Brooklyn,NY,EE. UU.,11216.0
7377,Consumer,Caguas,PR,Puerto Rico,725.0
3577,Home Office,Chicago,IL,EE. UU.,60649.0
7960,Corporate,Caguas,PR,Puerto Rico,725.0
12192,Consumer,San Diego,CA,EE. UU.,92114.0
5415,Home Office,Yuma,AZ,EE. UU.,85364.0
4012,Corporate,Roswell,GA,EE. UU.,30075.0
51,Home Office,Caguas,PR,Puerto Rico,725.0
1906,Consumer,Lutz,FL,EE. UU.,33549.0
1542,Consumer,New Orleans,LA,EE. UU.,70117.0
8753,Consumer,Hagerstown,MD,EE. UU.,21740.0
2345,Consumer,New York,NY,EE. UU.,10024.0
9264,Consumer,Caguas,PR,Puerto Rico,725.0
9913,Corporate,Caguas,PR,Puerto Rico,725.0
11326,Consumer,Los Angeles,CA,EE. UU.,90023.0
1811,Home Office,Detroit,MI,EE. UU.,48205.0
8928,Consumer,Eugene,OR,EE. UU.,97405.0
8661,Home Office,Las Vegas,NV,EE. UU.,89108.0
9502,Home Office,El Paso,TX,EE. UU.,79924.0
3282,Consumer,Dallas,TX,EE. UU.,75217.0
635,Consumer,Caguas,PR,Puerto Rico,725.0
8660,Home Office,Caguas,PR,Puerto Rico,725.0
10125,Consumer,Fremont,CA,EE. UU.,94536.0
6658,Consumer,Plano,TX,EE. UU.,75023.0
5385,Corporate,Caguas,PR,Puerto Rico,725.0
1042,Consumer,Caguas,PR,Puerto Rico,725.0
8282,Corporate,Caguas,PR,Puerto Rico,725.0
964,Corporate,New York,NY,EE. UU.,10027.0
10862,Consumer,Stockton,CA,EE. UU.,95207.0
7423,Consumer,Cleveland,OH,EE. UU.,44102.0
9603,Consumer,Campbell,CA,EE. UU.,95008.0
11917,Corporate,Caguas,PR,Puerto Rico,725.0
7186,Consumer,Caguas,PR,Puerto Rico,725.0
8835,Corporate,Richmond,TX,EE. UU.,77469.0
4474,Consumer,Caguas,PR,Puerto Rico,725.0
7881,Corporate,Saint Louis,MO,EE. UU.,63116.0
2229,Corporate,Caguas,PR,Puerto Rico,725.0
793,Consumer,San Antonio,TX,EE. UU.,78228.0
913,Consumer,Caguas,PR,Puerto Rico,725.0
2608,Consumer,Philadelphia,PA,EE. UU.,19131.0
217,Corporate,Caguas,PR,Puerto Rico,725.0
6766,Consumer,Fort Washington,MD,EE. UU.,20744.0
3503,Corporate,Philadelphia,PA,EE. UU.,19148.0
204,Consumer,Las Vegas,NV,EE. UU.,89123.0
7010,Home Office,Caguas,PR,Puerto Rico,725.0
5495,Home Office,Caguas,PR,Puerto Rico,725.0
6645,Consumer,Caguas,PR,Puerto Rico,725.0
9933,Home Office,Canovanas,PR,Puerto Rico,729.0
2552,Consumer,Mount Prospect,IL,EE. UU.,60056.0
2313,Consumer,Scottsdale,AZ,EE. UU.,85254.0
10334,Consumer,Findlay,OH,EE. UU.,45840.0
4564,Consumer,Charlotte,NC,EE. UU.,28205.0
1553,Consumer,Oakland,CA,EE. UU.,94601.0
102,Corporate,Caguas,PR,Puerto Rico,725.0
434,Consumer,Caguas,PR,Puerto Rico,725.0
2199,Corporate,Caguas,PR,Puerto Rico,725.0
6828,Home Office,Jersey City,NJ,EE. UU.,7305.0
5943,Corporate,Caguas,PR,Puerto Rico,725.0
7651,Consumer,Elk Grove,CA,EE. UU.,95758.0
8862,Consumer,Zanesville,OH,EE. UU.,43701.0
11090,Consumer,Roseburg,OR,EE. UU.,97470.0
12178,Consumer,Irving,TX,EE. UU.,75061.0
151,Consumer,Richmond,TX,EE. UU.,77469.0
5543,Corporate,Far Rockaway,NY,EE. UU.,11691.0
6616,Corporate,San Marcos,CA,EE. UU.,92069.0
5921,Corporate,Caguas,PR,Puerto Rico,725.0
10808,Consumer,Walnut,CA,EE. UU.,91789.0
809,Consumer,Caguas,PR,Puerto Rico,725.0
7913,Consumer,Caguas,PR,Puerto Rico,725.0
12183,Corporate,Caguas,PR,Puerto Rico,725.0
11921,Corporate,Newark,NJ,EE. UU.,7104.0
12102,Corporate,Caguas,PR,Puerto Rico,725.0
6576,Consumer,Caguas,PR,Puerto Rico,725.0
8889,Consumer,Caguas,PR,Puerto Rico,725.0
10797,Corporate,Salt Lake City,UT,EE. UU.,84120.0
1950,Home Office,New Bedford,MA,EE. UU.,2740.0
12340,Corporate,Caguas,PR,Puerto Rico,725.0
2710,Consumer,Albuquerque,NM,EE. UU.,87111.0
2775,Consumer,Caguas,PR,Puerto Rico,725.0
11983,Consumer,Chicago,IL,EE. UU.,60643.0
10734,Corporate,Flushing,NY,EE. UU.,11354.0
6231,Home Office,Harlingen,TX,EE. UU.,78550.0
11352,Consumer,Caguas,PR,Puerto Rico,725.0
8755,Consumer,Caguas,PR,Puerto Rico,725.0
12366,Consumer,Saint Paul,MN,EE. UU.,55106.0
5805,Corporate,Caguas,PR,Puerto Rico,725.0
6486,Consumer,Aurora,CO,EE. UU.,80012.0
12209,Home Office,Rio Rancho,NM,EE. UU.,87124.0
12267,Home Office,Nashville,TN,EE. UU.,37211.0
8484,Home Office,Saint Louis,MO,EE. UU.,63116.0
1827,Home Office,Buffalo,NY,EE. UU.,14221.0
5142,Consumer,Annapolis,MD,EE. UU.,21401.0
354,Home Office,Caguas,PR,Puerto Rico,725.0
7108,Home Office,Chicago,IL,EE. UU.,60618.0
6194,Consumer,Caguas,PR,Puerto Rico,725.0
1056,Home Office,Caguas,PR,Puerto Rico,725.0
11306,Corporate,Miami,FL,EE. UU.,33177.0
11697,Corporate,Laguna Niguel,CA,EE. UU.,92677.0
582,Corporate,Garland,TX,EE. UU.,75043.0
2307,Consumer,Atlanta,GA,EE. UU.,30331.0
6560,Corporate,Caguas,PR,Puerto Rico,725.0
800,Consumer,Caguas,PR,Puerto Rico,725.0
10850,Home Office,Caguas,PR,Puerto Rico,725.0
12352,Consumer,Caguas,PR,Puerto Rico,725.0
957,Corporate,Stockton,CA,EE. UU.,95206.0
2462,Consumer,Long Beach,CA,EE. UU.,90806.0
10719,Corporate,Caguas,PR,Puerto Rico,725.0
10890,Consumer,Caguas,PR,Puerto Rico,725.0
6970,Corporate,Strongsville,OH,EE. UU.,44136.0
9078,Home Office,Glen Burnie,MD,EE. UU.,21061.0
11643,Consumer,Dorchester Center,MA,EE. UU.,2124.0
58,Consumer,Caguas,PR,Puerto Rico,725.0
8763,Home Office,Santee,CA,EE. UU.,92071.0
9303,Consumer,Dallas,TX,EE. UU.,75240.0
11781,Home Office,Marietta,GA,EE. UU.,30062.0
6035,Consumer,Caguas,PR,Puerto Rico,725.0
4623,Consumer,Arecibo,PR,Puerto Rico,612.0
221,Consumer,Columbus,OH,EE. UU.,43230.0
3240,Consumer,West Jordan,UT,EE. UU.,84084.0
3259,Consumer,New York,NY,EE. UU.,10025.0
10783,Home Office,Caguas,PR,Puerto Rico,725.0
4542,Corporate,Irvington,NJ,EE. UU.,7111.0
258,Corporate,Philadelphia,PA,EE. UU.,19131.0
6434,Consumer,Caguas,PR,Puerto Rico,725.0
11307,Corporate,Caguas,PR,Puerto Rico,725.0
820,Corporate,Caguas,PR,Puerto Rico,725.0
7715,Home Office,Lancaster,PA,EE. UU.,17601.0
2334,Consumer,Caguas,PR,Puerto Rico,725.0
17,Consumer,Taylor,MI,EE. UU.,48180.0
6550,Consumer,Brooklyn,NY,EE. UU.,11213.0
9390,Consumer,Caguas,PR,Puerto Rico,725.0
5884,Consumer,Portland,OR,EE. UU.,97229.0
10349,Consumer,Riverside,CA,EE. UU.,92509.0
3760,Consumer,Pico Rivera,CA,EE. UU.,90660.0
4580,Consumer,Astoria,NY,EE. UU.,11103.0
11696,Corporate,Brooklyn,NY,EE. UU.,11206.0
7680,Consumer,Freeport,NY,EE. UU.,11520.0
3682,Consumer,Philadelphia,PA,EE. UU.,19131.0
9402,Consumer,Caguas,PR,Puerto Rico,725.0
6429,Consumer,Chicago,IL,EE. UU.,60615.0
10454,Home Office,Milpitas,CA,EE. UU.,95035.0
11075,Consumer,Ann Arbor,MI,EE. UU.,48103.0
10794,Consumer,Lenoir,NC,EE. UU.,28645.0
234,Consumer,Miami,FL,EE. UU.,33157.0
7302,Corporate,Brooklyn,NY,EE. UU.,11208.0
3144,Home Office,Hialeah,FL,EE. UU.,33016.0
2467,Consumer,Houston,TX,EE. UU.,77083.0
2192,Consumer,Caguas,PR,Puerto Rico,725.0
4098,Consumer,Caguas,PR,Puerto Rico,725.0
8922,Corporate,Chicago,IL,EE. UU.,60625.0
11667,Corporate,Hickory,NC,EE. UU.,28601.0
4942,Corporate,Salt Lake City,UT,EE. UU.,84119.0
4521,Home Office,Caguas,PR,Puerto Rico,725.0
7629,Home Office,Caguas,PR,Puerto Rico,725.0
301,Home Office,Caguas,PR,Puerto Rico,725.0
4459,Home Office,Caguas,PR,Puerto Rico,725.0
5455,Home Office,San Sebastian,PR,Puerto Rico,685.0
2088,Home Office,Caguas,PR,Puerto Rico,725.0
3509,Home Office,Caguas,PR,Puerto Rico,725.0
13592,Home Office,Caguas,PR,Puerto Rico,725.0
743,Home Office,Caguas,PR,Puerto Rico,725.0
5516,Home Office,Caguas,PR,Puerto Rico,725.0
5110,Home Office,Caguas,PR,Puerto Rico,725.0
6275,Home Office,Caguas,PR,Puerto Rico,725.0
10348,Home Office,Caguas,PR,Puerto Rico,725.0
7083,Home Office,Caguas,PR,Puerto Rico,725.0
6498,Home Office,Caguas,PR,Puerto Rico,725.0
192,Home Office,Caguas,PR,Puerto Rico,725.0
5450,Home Office,Caguas,PR,Puerto Rico,725.0
3235,Home Office,Caguas,PR,Puerto Rico,725.0
5731,Home Office,Caguas,PR,Puerto Rico,725.0
8836,Home Office,Caguas,PR,Puerto Rico,725.0
2000,Home Office,Caguas,PR,Puerto Rico,725.0
10982,Home Office,Caguas,PR,Puerto Rico,725.0
11846,Home Office,Caguas,PR,Puerto Rico,725.0
9868,Home Office,Caguas,PR,Puerto Rico,725.0
4330,Home Office,Caguas,PR,Puerto Rico,725.0
7988,Home Office,Caguas,PR,Puerto Rico,725.0
8128,Home Office,San Sebastian,PR,Puerto Rico,685.0
2824,Home Office,Caguas,PR,Puerto Rico,725.0
7104,Home Office,Caguas,PR,Puerto Rico,725.0
6348,Home Office,Caguas,PR,Puerto Rico,725.0
8072,Home Office,Caguas,PR,Puerto Rico,725.0
5306,Home Office,Caguas,PR,Puerto Rico,725.0
7309,Home Office,Caguas,PR,Puerto Rico,725.0
9562,Home Office,Caguas,PR,Puerto Rico,725.0
12203,Home Office,Caguas,PR,Puerto Rico,725.0
513,Home Office,Caguas,PR,Puerto Rico,725.0
1266,Home Office,Caguas,PR,Puerto Rico,725.0
9830,Home Office,Caguas,PR,Puerto Rico,725.0
12468,Home Office,Caguas,PR,Puerto Rico,725.0
12555,Home Office,Caguas,PR,Puerto Rico,725.0
12679,Home Office,Caguas,PR,Puerto Rico,725.0
12445,Home Office,Caguas,PR,Puerto Rico,725.0
12711,Home Office,Caguas,PR,Puerto Rico,725.0
12494,Home Office,Caguas,PR,Puerto Rico,725.0
12600,Home Office,Caguas,PR,Puerto Rico,725.0
12708,Home Office,Caguas,PR,Puerto Rico,725.0
12563,Home Office,Caguas,PR,Puerto Rico,725.0
15052,Home Office,Caguas,PR,Puerto Rico,725.0
10067,Home Office,Caguas,PR,Puerto Rico,725.0
5484,Home Office,Caguas,PR,Puerto Rico,725.0
8559,Home Office,Caguas,PR,Puerto Rico,725.0
2958,Home Office,Caguas,PR,Puerto Rico,725.0
5396,Home Office,Caguas,PR,Puerto Rico,725.0
9879,Home Office,Caguas,PR,Puerto Rico,725.0
11522,Home Office,Manati,PR,Puerto Rico,674.0
5787,Home Office,Caguas,PR,Puerto Rico,725.0
9187,Home Office,Caguas,PR,Puerto Rico,725.0
9706,Home Office,Caguas,PR,Puerto Rico,725.0
10820,Home Office,Caguas,PR,Puerto Rico,725.0
7563,Home Office,Caguas,PR,Puerto Rico,725.0
2244,Home Office,Caguas,PR,Puerto Rico,725.0
11166,Home Office,Caguas,PR,Puerto Rico,725.0
8602,Home Office,Caguas,PR,Puerto Rico,725.0
11424,Home Office,Mayaguez,PR,Puerto Rico,680.0
11332,Home Office,Caguas,PR,Puerto Rico,725.0
1601,Home Office,Caguas,PR,Puerto Rico,725.0
12037,Home Office,Caguas,PR,Puerto Rico,725.0
92,Home Office,Caguas,PR,Puerto Rico,725.0
9049,Home Office,Caguas,PR,Puerto Rico,725.0
4274,Home Office,Caguas,PR,Puerto Rico,725.0
7633,Home Office,Caguas,PR,Puerto Rico,725.0
12394,Home Office,Caguas,PR,Puerto Rico,725.0
10048,Home Office,Caguas,PR,Puerto Rico,725.0
3265,Home Office,Caguas,PR,Puerto Rico,725.0
9133,Home Office,Caguas,PR,Puerto Rico,725.0
6661,Home Office,Caguas,PR,Puerto Rico,725.0
10845,Home Office,Caguas,PR,Puerto Rico,725.0
5844,Home Office,Caguas,PR,Puerto Rico,725.0
6106,Home Office,Caguas,PR,Puerto Rico,725.0
2706,Home Office,Caguas,PR,Puerto Rico,725.0
4420,Home Office,Caguas,PR,Puerto Rico,725.0
9070,Home Office,Caguas,PR,Puerto Rico,725.0
3188,Home Office,Caguas,PR,Puerto Rico,725.0
4440,Home Office,Caguas,PR,Puerto Rico,725.0
2914,Home Office,Caguas,PR,Puerto Rico,725.0
4311,Home Office,Caguas,PR,Puerto Rico,725.0
8957,Home Office,Caguas,PR,Puerto Rico,725.0
357,Home Office,Caguas,PR,Puerto Rico,725.0
9213,Home Office,Rio Grande,PR,Puerto Rico,745.0
6459,Home Office,Caguas,PR,Puerto Rico,725.0
342,Home Office,Caguas,PR,Puerto Rico,725.0
2312,Home Office,Caguas,PR,Puerto Rico,725.0
3414,Home Office,Caguas,PR,Puerto Rico,725.0
199,Home Office,Caguas,PR,Puerto Rico,725.0
5425,Home Office,Caguas,PR,Puerto Rico,725.0
8984,Home Office,Caguas,PR,Puerto Rico,725.0
5622,Home Office,Caguas,PR,Puerto Rico,725.0
6918,Home Office,Caguas,PR,Puerto Rico,725.0
1533,Home Office,Caguas,PR,Puerto Rico,725.0
4144,Home Office,Caguas,PR,Puerto Rico,725.0
5352,Home Office,Caguas,PR,Puerto Rico,725.0
116,Home Office,Caguas,PR,Puerto Rico,725.0
6692,Home Office,Caguas,PR,Puerto Rico,725.0
1780,Home Office,Caguas,PR,Puerto Rico,725.0
2582,Home Office,Caguas,PR,Puerto Rico,725.0
6994,Home Office,Caguas,PR,Puerto Rico,725.0
10570,Home Office,Caguas,PR,Puerto Rico,725.0
9461,Home Office,Caguas,PR,Puerto Rico,725.0
11876,Home Office,Caguas,PR,Puerto Rico,725.0
9068,Home Office,Caguas,PR,Puerto Rico,725.0
9270,Home Office,Caguas,PR,Puerto Rico,725.0
7519,Home Office,Caguas,PR,Puerto Rico,725.0
4257,Home Office,Caguas,PR,Puerto Rico,725.0
8859,Home Office,Caguas,PR,Puerto Rico,725.0
9241,Home Office,Caguas,PR,Puerto Rico,725.0
7789,Home Office,Caguas,PR,Puerto Rico,725.0
4675,Home Office,Caguas,PR,Puerto Rico,725.0
10453,Home Office,Caguas,PR,Puerto Rico,725.0
2743,Home Office,Caguas,PR,Puerto Rico,725.0
9243,Home Office,Caguas,PR,Puerto Rico,725.0
5438,Home Office,Caguas,PR,Puerto Rico,725.0
5128,Home Office,Caguas,PR,Puerto Rico,725.0
12056,Home Office,Caguas,PR,Puerto Rico,725.0
11470,Home Office,Caguas,PR,Puerto Rico,725.0
10262,Home Office,Caguas,PR,Puerto Rico,725.0
282,Home Office,Caguas,PR,Puerto Rico,725.0
18077,Home Office,Caguas,PR,Puerto Rico,725.0
19106,Home Office,Trujillo Alto,PR,Puerto Rico,976.0
19206,Home Office,Caguas,PR,Puerto Rico,725.0
16469,Home Office,Caguas,PR,Puerto Rico,725.0
15752,Home Office,Caguas,PR,Puerto Rico,725.0
15779,Home Office,Caguas,PR,Puerto Rico,725.0
1920,Home Office,Caguas,PR,Puerto Rico,725.0
5890,Home Office,Caguas,PR,Puerto Rico,725.0
11500,Home Office,Caguas,PR,Puerto Rico,725.0
12420,Home Office,Caguas,PR,Puerto Rico,725.0
5187,Home Office,Caguas,PR,Puerto Rico,725.0
174,Home Office,Caguas,PR,Puerto Rico,725.0
1809,Home Office,Caguas,PR,Puerto Rico,725.0
18408,Home Office,Caguas,PR,Puerto Rico,725.0
2753,Home Office,Caguas,PR,Puerto Rico,725.0
4560,Home Office,Caguas,PR,Puerto Rico,725.0
2876,Home Office,Caguas,PR,Puerto Rico,725.0
9191,Home Office,Caguas,PR,Puerto Rico,725.0
10372,Home Office,Caguas,PR,Puerto Rico,725.0
8027,Home Office,Caguas,PR,Puerto Rico,725.0
10559,Home Office,Caguas,PR,Puerto Rico,725.0
2381,Home Office,Caguas,PR,Puerto Rico,725.0
1824,Home Office,Caguas,PR,Puerto Rico,725.0
4670,Home Office,Caguas,PR,Puerto Rico,725.0
6363,Home Office,Caguas,PR,Puerto Rico,725.0
3702,Home Office,Caguas,PR,Puerto Rico,725.0
1027,Home Office,Caguas,PR,Puerto Rico,725.0
20491,Home Office,Caguas,PR,Puerto Rico,725.0
7866,Home Office,Caguas,PR,Puerto Rico,725.0
685,Home Office,Caguas,PR,Puerto Rico,725.0
18506,Home Office,Caguas,PR,Puerto Rico,725.0
10658,Home Office,Caguas,PR,Puerto Rico,725.0
30,Home Office,Caguas,PR,Puerto Rico,725.0
10451,Home Office,Caguas,PR,Puerto Rico,725.0
9057,Home Office,Caguas,PR,Puerto Rico,725.0
10747,Home Office,Caguas,PR,Puerto Rico,725.0
732,Home Office,Caguas,PR,Puerto Rico,725.0
1558,Home Office,Caguas,PR,Puerto Rico,725.0
6085,Home Office,Caguas,PR,Puerto Rico,725.0
20486,Home Office,Caguas,PR,Puerto Rico,725.0
2982,Home Office,Caguas,PR,Puerto Rico,725.0
4415,Home Office,Caguas,PR,Puerto Rico,725.0
7652,Consumer,Caguas,PR,Puerto Rico,725.0
4160,Consumer,Caguas,PR,Puerto Rico,725.0
7927,Consumer,Caguas,PR,Puerto Rico,725.0
1786,Consumer,Yauco,PR,Puerto Rico,698.0
8357,Consumer,Caguas,PR,Puerto Rico,725.0
8932,Consumer,Caguas,PR,Puerto Rico,725.0
5125,Consumer,Caguas,PR,Puerto Rico,725.0
12342,Consumer,Caguas,PR,Puerto Rico,725.0
4340,Consumer,Caguas,PR,Puerto Rico,725.0
12014,Consumer,Manati,PR,Puerto Rico,674.0
5143,Consumer,Caguas,PR,Puerto Rico,725.0
3010,Consumer,Caguas,PR,Puerto Rico,725.0
1251,Consumer,Caguas,PR,Puerto Rico,725.0
4851,Consumer,Caguas,PR,Puerto Rico,725.0
8020,Consumer,Caguas,PR,Puerto Rico,725.0
7749,Consumer,Caguas,PR,Puerto Rico,725.0
3202,Consumer,Caguas,PR,Puerto Rico,725.0
942,Consumer,Caguas,PR,Puerto Rico,725.0
5992,Consumer,Caguas,PR,Puerto Rico,725.0
4490,Consumer,Caguas,PR,Puerto Rico,725.0
4001,Consumer,Caguas,PR,Puerto Rico,725.0
8386,Consumer,Caguas,PR,Puerto Rico,725.0
2183,Consumer,Caguas,PR,Puerto Rico,725.0
7765,Consumer,Caguas,PR,Puerto Rico,725.0
2662,Consumer,Caguas,PR,Puerto Rico,725.0
9995,Consumer,Caguas,PR,Puerto Rico,725.0
7461,Consumer,Caguas,PR,Puerto Rico,725.0
11657,Consumer,Caguas,PR,Puerto Rico,725.0
4718,Consumer,Caguas,PR,Puerto Rico,725.0
2412,Consumer,Caguas,PR,Puerto Rico,725.0
279,Consumer,Bayamon,PR,Puerto Rico,957.0
704,Consumer,Caguas,PR,Puerto Rico,725.0
3395,Consumer,Caguas,PR,Puerto Rico,725.0
6421,Consumer,Caguas,PR,Puerto Rico,725.0
4121,Consumer,Caguas,PR,Puerto Rico,725.0
11151,Consumer,Caguas,PR,Puerto Rico,725.0
4875,Consumer,Caguas,PR,Puerto Rico,725.0
11283,Consumer,Caguas,PR,Puerto Rico,725.0
4653,Consumer,Caguas,PR,Puerto Rico,725.0
5885,Consumer,Caguas,PR,Puerto Rico,725.0
846,Consumer,Caguas,PR,Puerto Rico,725.0
432,Consumer,Caguas,PR,Puerto Rico,725.0
4557,Consumer,Caguas,PR,Puerto Rico,725.0
4387,Consumer,Rio Grande,PR,Puerto Rico,745.0
7215,Consumer,Caguas,PR,Puerto Rico,725.0
4755,Consumer,Caguas,PR,Puerto Rico,725.0
3561,Consumer,Caguas,PR,Puerto Rico,725.0
4836,Consumer,Caguas,PR,Puerto Rico,725.0
3951,Consumer,Caguas,PR,Puerto Rico,725.0
3498,Consumer,Caguas,PR,Puerto Rico,725.0
11622,Consumer,Caguas,PR,Puerto Rico,725.0
9526,Consumer,Caguas,PR,Puerto Rico,725.0
5751,Consumer,Caguas,PR,Puerto Rico,725.0
8433,Consumer,Ponce,PR,Puerto Rico,728.0
11726,Consumer,Caguas,PR,Puerto Rico,725.0
11991,Consumer,Caguas,PR,Puerto Rico,725.0
3520,Consumer,Caguas,PR,Puerto Rico,725.0
7857,Consumer,Caguas,PR,Puerto Rico,725.0
2979,Consumer,Caguas,PR,Puerto Rico,725.0
10403,Consumer,Caguas,PR,Puerto Rico,725.0
5913,Consumer,Caguas,PR,Puerto Rico,725.0
1292,Consumer,Caguas,PR,Puerto Rico,725.0
8233,Consumer,Caguas,PR,Puerto Rico,725.0
1629,Consumer,Caguas,PR,Puerto Rico,725.0
9004,Consumer,Caguas,PR,Puerto Rico,725.0
7676,Consumer,Caguas,PR,Puerto Rico,725.0
6811,Consumer,Caguas,PR,Puerto Rico,725.0
3134,Consumer,Caguas,PR,Puerto Rico,725.0
1330,Consumer,Caguas,PR,Puerto Rico,725.0
3055,Consumer,Caguas,PR,Puerto Rico,725.0
5713,Consumer,Caguas,PR,Puerto Rico,725.0
5328,Consumer,Caguas,PR,Puerto Rico,725.0
5147,Consumer,Caguas,PR,Puerto Rico,725.0
8617,Consumer,Caguas,PR,Puerto Rico,725.0
11112,Consumer,Caguas,PR,Puerto Rico,725.0
2680,Consumer,Caguas,PR,Puerto Rico,725.0
7223,Consumer,Caguas,PR,Puerto Rico,725.0
11534,Consumer,Caguas,PR,Puerto Rico,725.0
10434,Consumer,Caguas,PR,Puerto Rico,725.0
7485,Consumer,Caguas,PR,Puerto Rico,725.0
5556,Consumer,Caguas,PR,Puerto Rico,725.0
5626,Consumer,Caguas,PR,Puerto Rico,725.0
8769,Consumer,Caguas,PR,Puerto Rico,725.0
7415,Consumer,Caguas,PR,Puerto Rico,725.0
7424,Consumer,Caguas,PR,Puerto Rico,725.0
1100,Consumer,Caguas,PR,Puerto Rico,725.0
6159,Consumer,Caguas,PR,Puerto Rico,725.0
2514,Consumer,Caguas,PR,Puerto Rico,725.0
9283,Consumer,Caguas,PR,Puerto Rico,725.0
8401,Consumer,Caguas,PR,Puerto Rico,725.0
11222,Consumer,Caguas,PR,Puerto Rico,725.0
410,Consumer,Caguas,PR,Puerto Rico,725.0
4907,Consumer,Caguas,PR,Puerto Rico,725.0
11553,Consumer,Caguas,PR,Puerto Rico,725.0
1946,Consumer,Caguas,PR,Puerto Rico,725.0
6625,Consumer,Caguas,PR,Puerto Rico,725.0
7761,Consumer,Caguas,PR,Puerto Rico,725.0
1554,Consumer,Caguas,PR,Puerto Rico,725.0
10793,Consumer,Caguas,PR,Puerto Rico,725.0
5565,Consumer,Carolina,PR,Puerto Rico,983.0
8625,Consumer,Caguas,PR,Puerto Rico,725.0
2493,Consumer,Caguas,PR,Puerto Rico,725.0
9097,Consumer,Caguas,PR,Puerto Rico,725.0
2173,Consumer,Caguas,PR,Puerto Rico,725.0
305,Consumer,Caguas,PR,Puerto Rico,725.0
11245,Consumer,Caguas,PR,Puerto Rico,725.0
2166,Consumer,Caguas,PR,Puerto Rico,725.0
1367,Consumer,Caguas,PR,Puerto Rico,725.0
3558,Consumer,Caguas,PR,Puerto Rico,725.0
10397,Consumer,Caguas,PR,Puerto Rico,725.0
5865,Consumer,Caguas,PR,Puerto Rico,725.0
18089,Consumer,Caguas,PR,Puerto Rico,725.0
18123,Consumer,Caguas,PR,Puerto Rico,725.0
16447,Consumer,Caguas,PR,Puerto Rico,725.0
19266,Consumer,Caguas,PR,Puerto Rico,725.0
19190,Consumer,Caguas,PR,Puerto Rico,725.0
16568,Consumer,Caguas,PR,Puerto Rico,725.0
16460,Consumer,Caguas,PR,Puerto Rico,725.0
16582,Consumer,Caguas,PR,Puerto Rico,725.0
19270,Consumer,Caguas,PR,Puerto Rico,725.0
18810,Consumer,Caguas,PR,Puerto Rico,725.0
15699,Consumer,Caguas,PR,Puerto Rico,725.0
15741,Consumer,Caguas,PR,Puerto Rico,725.0
1858,Consumer,Caguas,PR,Puerto Rico,725.0
2197,Consumer,Caguas,PR,Puerto Rico,725.0
12176,Consumer,Caguas,PR,Puerto Rico,725.0
6998,Consumer,Caguas,PR,Puerto Rico,725.0
3127,Consumer,Caguas,PR,Puerto Rico,725.0
10903,Consumer,San Juan,PR,Puerto Rico,921.0
5927,Consumer,Caguas,PR,Puerto Rico,725.0
2265,Consumer,Caguas,PR,Puerto Rico,725.0
3272,Consumer,Caguas,PR,Puerto Rico,725.0
1987,Consumer,Caguas,PR,Puerto Rico,725.0
8468,Consumer,Caguas,PR,Puerto Rico,725.0
7942,Consumer,Caguas,PR,Puerto Rico,725.0
16020,Consumer,Caguas,PR,Puerto Rico,725.0
18335,Consumer,Caguas,PR,Puerto Rico,725.0
17523,Consumer,Caguas,PR,Puerto Rico,725.0
10807,Consumer,Caguas,PR,Puerto Rico,725.0
10386,Consumer,Caguas,PR,Puerto Rico,725.0
11884,Consumer,Caguas,PR,Puerto Rico,725.0
5954,Consumer,Caguas,PR,Puerto Rico,725.0
17682,Consumer,Caguas,PR,Puerto Rico,725.0
10529,Consumer,Caguas,PR,Puerto Rico,725.0
6368,Consumer,Caguas,PR,Puerto Rico,725.0
10788,Consumer,Caguas,PR,Puerto Rico,725.0
17680,Consumer,Caguas,PR,Puerto Rico,725.0
4320,Consumer,Caguas,PR,Puerto Rico,725.0
5537,Consumer,Caguas,PR,Puerto Rico,725.0
9032,Consumer,Caguas,PR,Puerto Rico,725.0
4553,Consumer,Caguas,PR,Puerto Rico,725.0
676,Consumer,Caguas,PR,Puerto Rico,725.0
2521,Consumer,Caguas,PR,Puerto Rico,725.0
3179,Consumer,Caguas,PR,Puerto Rico,725.0
3223,Consumer,Caguas,PR,Puerto Rico,725.0
12211,Consumer,Caguas,PR,Puerto Rico,725.0
16050,Consumer,Caguas,PR,Puerto Rico,725.0
10556,Consumer,Caguas,PR,Puerto Rico,725.0
2320,Consumer,Caguas,PR,Puerto Rico,725.0
2529,Consumer,Caguas,PR,Puerto Rico,725.0
17336,Consumer,Caguas,PR,Puerto Rico,725.0
7356,Consumer,Caguas,PR,Puerto Rico,725.0
20706,Consumer,Caguas,PR,Puerto Rico,725.0
17317,Consumer,Caguas,PR,Puerto Rico,725.0
10417,Consumer,Caguas,PR,Puerto Rico,725.0
17442,Consumer,Caguas,PR,Puerto Rico,725.0
17334,Consumer,Caguas,PR,Puerto Rico,725.0
287,Consumer,Caguas,PR,Puerto Rico,725.0
20543,Consumer,Caguas,PR,Puerto Rico,725.0
17710,Consumer,Caguas,PR,Puerto Rico,725.0
1210,Consumer,Caguas,PR,Puerto Rico,725.0
18396,Consumer,Caguas,PR,Puerto Rico,725.0
17422,Consumer,Caguas,PR,Puerto Rico,725.0
20594,Consumer,Caguas,PR,Puerto Rico,725.0
17911,Consumer,Caguas,PR,Puerto Rico,725.0
11367,Consumer,Caguas,PR,Puerto Rico,725.0
12262,Consumer,Caguas,PR,Puerto Rico,725.0
10935,Consumer,Caguas,PR,Puerto Rico,725.0
20719,Consumer,Caguas,PR,Puerto Rico,725.0
3318,Consumer,Caguas,PR,Puerto Rico,725.0
10412,Consumer,Vega Baja,PR,Puerto Rico,693.0
12393,Consumer,Manati,PR,Puerto Rico,674.0
18881,Consumer,Caguas,PR,Puerto Rico,725.0
17909,Consumer,Caguas,PR,Puerto Rico,725.0
18429,Consumer,Caguas,PR,Puerto Rico,725.0
18285,Consumer,Caguas,PR,Puerto Rico,725.0
10990,Consumer,Caguas,PR,Puerto Rico,725.0
20682,Consumer,Caguas,PR,Puerto Rico,725.0
5624,Consumer,Caguas,PR,Puerto Rico,725.0
16023,Consumer,Caguas,PR,Puerto Rico,725.0
6617,Consumer,Caguas,PR,Puerto Rico,725.0
10721,Consumer,Caguas,PR,Puerto Rico,725.0
18302,Consumer,Caguas,PR,Puerto Rico,725.0
16041,Consumer,Caguas,PR,Puerto Rico,725.0
100,Consumer,Caguas,PR,Puerto Rico,725.0
11526,Consumer,Caguas,PR,Puerto Rico,725.0
439,Consumer,Caguas,PR,Puerto Rico,725.0
11591,Consumer,Caguas,PR,Puerto Rico,725.0
12185,Consumer,Caguas,PR,Puerto Rico,725.0
7274,Consumer,Caguas,PR,Puerto Rico,725.0
12244,Consumer,Caguas,PR,Puerto Rico,725.0
6910,Consumer,Caguas,PR,Puerto Rico,725.0
18697,Consumer,Caguas,PR,Puerto Rico,725.0
6007,Consumer,Caguas,PR,Puerto Rico,725.0
18684,Consumer,Caguas,PR,Puerto Rico,725.0
18702,Consumer,Caguas,PR,Puerto Rico,725.0
7473,Consumer,Caguas,PR,Puerto Rico,725.0
10036,Consumer,Caguas,PR,Puerto Rico,725.0
2008,Consumer,Caguas,PR,Puerto Rico,725.0
1560,Consumer,Caguas,PR,Puerto Rico,725.0
7802,Consumer,Caguas,PR,Puerto Rico,725.0
981,Consumer,Caguas,PR,Puerto Rico,725.0
8473,Corporate,Caguas,PR,Puerto Rico,725.0
5513,Corporate,Caguas,PR,Puerto Rico,725.0
10096,Corporate,Caguas,PR,Puerto Rico,725.0
2300,Corporate,Caguas,PR,Puerto Rico,725.0
10009,Corporate,Caguas,PR,Puerto Rico,725.0
2703,Corporate,Caguas,PR,Puerto Rico,725.0
6242,Corporate,Caguas,PR,Puerto Rico,725.0
12626,Corporate,Caguas,PR,Puerto Rico,725.0
12659,Corporate,Caguas,PR,Puerto Rico,725.0
12907,Corporate,Caguas,PR,Puerto Rico,725.0
11048,Corporate,Caguas,PR,Puerto Rico,725.0
10546,Corporate,Caguas,PR,Puerto Rico,725.0
9232,Corporate,Caguas,PR,Puerto Rico,725.0
908,Corporate,Caguas,PR,Puerto Rico,725.0
9992,Corporate,Caguas,PR,Puerto Rico,725.0
7779,Corporate,Caguas,PR,Puerto Rico,725.0
4902,Corporate,Caguas,PR,Puerto Rico,725.0
7296,Corporate,Caguas,PR,Puerto Rico,725.0
8910,Corporate,Caguas,PR,Puerto Rico,725.0
3456,Corporate,Caguas,PR,Puerto Rico,725.0
2856,Corporate,Caguas,PR,Puerto Rico,725.0
7964,Corporate,Caguas,PR,Puerto Rico,725.0
4651,Corporate,Caguas,PR,Puerto Rico,725.0
12234,Corporate,Caguas,PR,Puerto Rico,725.0
4422,Corporate,Caguas,PR,Puerto Rico,725.0
5047,Corporate,Caguas,PR,Puerto Rico,725.0
5134,Corporate,Caguas,PR,Puerto Rico,725.0
11031,Corporate,Caguas,PR,Puerto Rico,725.0
9327,Corporate,Caguas,PR,Puerto Rico,725.0
1417,Corporate,Caguas,PR,Puerto Rico,725.0
10255,Corporate,Caguas,PR,Puerto Rico,725.0
5071,Corporate,Caguas,PR,Puerto Rico,725.0
8499,Corporate,Caguas,PR,Puerto Rico,725.0
11014,Corporate,Caguas,PR,Puerto Rico,725.0
5824,Corporate,Caguas,PR,Puerto Rico,725.0
15778,Corporate,Rio Grande,PR,Puerto Rico,745.0
5691,Corporate,Humacao,PR,Puerto Rico,791.0
7662,Corporate,Caguas,PR,Puerto Rico,725.0
7369,Corporate,Caguas,PR,Puerto Rico,725.0
1525,Corporate,Caguas,PR,Puerto Rico,725.0
5182,Corporate,Caguas,PR,Puerto Rico,725.0
1764,Corporate,Caguas,PR,Puerto Rico,725.0
6634,Corporate,Toa Alta,PR,Puerto Rico,953.0
5562,Corporate,Caguas,PR,Puerto Rico,725.0
12008,Corporate,Caguas,PR,Puerto Rico,725.0
6474,Corporate,Caguas,PR,Puerto Rico,725.0
8127,Corporate,Caguas,PR,Puerto Rico,725.0
6648,Corporate,Vega Baja,PR,Puerto Rico,693.0
10933,Corporate,Caguas,PR,Puerto Rico,725.0
10651,Corporate,Caguas,PR,Puerto Rico,725.0
4406,Corporate,Caguas,PR,Puerto Rico,725.0
8844,Corporate,Caguas,PR,Puerto Rico,725.0
1653,Corporate,Caguas,PR,Puerto Rico,725.0
6898,Corporate,Caguas,PR,Puerto Rico,725.0
7918,Corporate,Caguas,PR,Puerto Rico,725.0
9970,Corporate,Caguas,PR,Puerto Rico,725.0
238,Corporate,Caguas,PR,Puerto Rico,725.0
3513,Corporate,Caguas,PR,Puerto Rico,725.0
3817,Corporate,Toa Alta,PR,Puerto Rico,953.0
17829,Corporate,Caguas,PR,Puerto Rico,725.0
16176,Corporate,Caguas,PR,Puerto Rico,725.0
9442,Corporate,Caguas,PR,Puerto Rico,725.0
3298,Corporate,Caguas,PR,Puerto Rico,725.0
2768,Corporate,Caguas,PR,Puerto Rico,725.0
309,Corporate,Caguas,PR,Puerto Rico,725.0
11041,Corporate,Caguas,PR,Puerto Rico,725.0
5600,Corporate,Caguas,PR,Puerto Rico,725.0
8771,Corporate,Caguas,PR,Puerto Rico,725.0
2636,Corporate,Caguas,PR,Puerto Rico,725.0
6448,Corporate,Caguas,PR,Puerto Rico,725.0
12044,Corporate,Caguas,PR,Puerto Rico,725.0
205,Corporate,Caguas,PR,Puerto Rico,725.0
2984,Corporate,Caguas,PR,Puerto Rico,725.0
8309,Corporate,Caguas,PR,Puerto Rico,725.0
770,Corporate,Caguas,PR,Puerto Rico,725.0
8368,Corporate,Caguas,PR,Puerto Rico,725.0
9689,Corporate,Caguas,PR,Puerto Rico,725.0
10764,Corporate,Caguas,PR,Puerto Rico,725.0
6989,Corporate,Caguas,PR,Puerto Rico,725.0
904,Corporate,Caguas,PR,Puerto Rico,725.0
2854,Corporate,Caguas,PR,Puerto Rico,725.0
8539,Corporate,Caguas,PR,Puerto Rico,725.0
3625,Corporate,Caguas,PR,Puerto Rico,725.0
3488,Corporate,Caguas,PR,Puerto Rico,725.0
2911,Corporate,Caguas,PR,Puerto Rico,725.0
9236,Corporate,Caguas,PR,Puerto Rico,725.0
5030,Corporate,Caguas,PR,Puerto Rico,725.0
1212,Corporate,Caguas,PR,Puerto Rico,725.0
6102,Corporate,Caguas,PR,Puerto Rico,725.0
983,Corporate,Caguas,PR,Puerto Rico,725.0
4726,Corporate,Caguas,PR,Puerto Rico,725.0
6032,Corporate,Caguas,PR,Puerto Rico,725.0
443,Corporate,Caguas,PR,Puerto Rico,725.0
6987,Corporate,Caguas,PR,Puerto Rico,725.0
6742,Corporate,Caguas,PR,Puerto Rico,725.0
7667,Corporate,Caguas,PR,Puerto Rico,725.0
6384,Corporate,Caguas,PR,Puerto Rico,725.0
7237,Corporate,Caguas,PR,Puerto Rico,725.0
6125,Corporate,Caguas,PR,Puerto Rico,725.0
4764,Corporate,Caguas,PR,Puerto Rico,725.0
14496,Corporate,Caguas,PR,Puerto Rico,725.0
7731,Corporate,Caguas,PR,Puerto Rico,725.0
5098,Corporate,Caguas,PR,Puerto Rico,725.0
806,Corporate,Caguas,PR,Puerto Rico,725.0
11346,Corporate,Caguas,PR,Puerto Rico,725.0
6955,Corporate,Caguas,PR,Puerto Rico,725.0
6113,Corporate,Caguas,PR,Puerto Rico,725.0
12536,Corporate,Caguas,PR,Puerto Rico,725.0
9900,Corporate,Caguas,PR,Puerto Rico,725.0
7985,Corporate,Caguas,PR,Puerto Rico,725.0
12064,Corporate,Caguas,PR,Puerto Rico,725.0
5332,Corporate,Caguas,PR,Puerto Rico,725.0
8668,Corporate,Caguas,PR,Puerto Rico,725.0
16564,Corporate,Caguas,PR,Puerto Rico,725.0
19239,Corporate,Caguas,PR,Puerto Rico,725.0
6726,Corporate,Caguas,PR,Puerto Rico,725.0
11582,Corporate,Caguas,PR,Puerto Rico,725.0
7660,Corporate,Caguas,PR,Puerto Rico,725.0
15332,Corporate,Caguas,PR,Puerto Rico,725.0
10080,Corporate,Caguas,PR,Puerto Rico,725.0
17597,Corporate,Caguas,PR,Puerto Rico,725.0
20330,Corporate,Caguas,PR,Puerto Rico,725.0
16218,Corporate,Caguas,PR,Puerto Rico,725.0
5936,Corporate,Caguas,PR,Puerto Rico,725.0
8087,Corporate,Caguas,PR,Puerto Rico,725.0
9909,Corporate,Caguas,PR,Puerto Rico,725.0
12195,Corporate,Caguas,PR,Puerto Rico,725.0
1661,Corporate,Caguas,PR,Puerto Rico,725.0
5909,Corporate,Caguas,PR,Puerto Rico,725.0
1651,Corporate,Caguas,PR,Puerto Rico,725.0
698,Corporate,Caguas,PR,Puerto Rico,725.0
7739,Corporate,Caguas,PR,Puerto Rico,725.0
9278,Corporate,Caguas,PR,Puerto Rico,725.0
792,Corporate,Caguas,PR,Puerto Rico,725.0
3731,Corporate,Caguas,PR,Puerto Rico,725.0
2205,Corporate,Caguas,PR,Puerto Rico,725.0
2773,Corporate,Caguas,PR,Puerto Rico,725.0
8766,Corporate,Caguas,PR,Puerto Rico,725.0
10948,Corporate,Caguas,PR,Puerto Rico,725.0
14303,Corporate,Caguas,PR,Puerto Rico,725.0
7816,Corporate,Caguas,PR,Puerto Rico,725.0
2827,Corporate,Caguas,PR,Puerto Rico,725.0
4356,Corporate,Caguas,PR,Puerto Rico,725.0
5815,Corporate,Caguas,PR,Puerto Rico,725.0
8654,Corporate,Caguas,PR,Puerto Rico,725.0
2708,Corporate,Caguas,PR,Puerto Rico,725.0
12231,Corporate,Caguas,PR,Puerto Rico,725.0
1936,Corporate,Caguas,PR,Puerto Rico,725.0
11733,Corporate,Yauco,PR,Puerto Rico,698.0
10091,Corporate,Caguas,PR,Puerto Rico,725.0
3648,Corporate,Caguas,PR,Puerto Rico,725.0
13620,Corporate,Caguas,PR,Puerto Rico,725.0
5066,Corporate,Caguas,PR,Puerto Rico,725.0
8637,Corporate,Caguas,PR,Puerto Rico,725.0
14815,Corporate,Caguas,PR,Puerto Rico,725.0
8962,Corporate,Caguas,PR,Puerto Rico,725.0
36,Corporate,Caguas,PR,Puerto Rico,725.0
13794,Corporate,Caguas,PR,Puerto Rico,725.0
9801,Corporate,Caguas,PR,Puerto Rico,725.0
5817,Corporate,Caguas,PR,Puerto Rico,725.0
5184,Corporate,Caguas,PR,Puerto Rico,725.0
5015,Corporate,Caguas,PR,Puerto Rico,725.0
6788,Corporate,Lake Forest,CA,EE. UU.,92630.0
5333,Corporate,Brooklyn,NY,EE. UU.,11221.0
4974,Corporate,Salt Lake City,UT,EE. UU.,84118.0
9980,Corporate,Escondido,CA,EE. UU.,92025.0
5084,Corporate,Irwin,PA,EE. UU.,15642.0
7240,Corporate,Brooklyn,NY,EE. UU.,11216.0
11531,Corporate,Los Angeles,CA,EE. UU.,90004.0
11954,Corporate,Davis,CA,EE. UU.,95616.0
9039,Corporate,Miami,FL,EE. UU.,33186.0
10689,Corporate,Las Vegas,NV,EE. UU.,89108.0
7668,Corporate,South Ozone Park,NY,EE. UU.,11420.0
1806,Corporate,El Paso,TX,EE. UU.,79927.0
9610,Corporate,Lancaster,CA,EE. UU.,93536.0
8642,Corporate,Chicago,IL,EE. UU.,60614.0
6992,Corporate,Oxnard,CA,EE. UU.,93030.0
9375,Corporate,Mission Viejo,CA,EE. UU.,92691.0
6303,Corporate,Elgin,IL,EE. UU.,60120.0
10896,Corporate,Glendale,AZ,EE. UU.,85301.0
1782,Corporate,Fort Worth,TX,EE. UU.,76106.0
10345,Corporate,Richmond,TX,EE. UU.,77469.0
5267,Corporate,Brooklyn,NY,EE. UU.,11215.0
11223,Corporate,Azusa,CA,EE. UU.,91702.0
3590,Corporate,Colorado Springs,CO,EE. UU.,80906.0
4806,Corporate,Ridgewood,NY,EE. UU.,11385.0
8911,Corporate,Stockbridge,GA,EE. UU.,30281.0
12113,Corporate,Baltimore,MD,EE. UU.,21215.0
3755,Corporate,Los Angeles,CA,EE. UU.,90063.0
514,Corporate,La Habra,CA,EE. UU.,90631.0
12093,Corporate,Rialto,CA,EE. UU.,92376.0
1937,Corporate,El Paso,TX,EE. UU.,79936.0
10204,Corporate,Modesto,CA,EE. UU.,95355.0
11133,Corporate,West Covina,CA,EE. UU.,91790.0
2157,Corporate,Tustin,CA,EE. UU.,92780.0
11492,Corporate,Bowling Green,KY,EE. UU.,42101.0
11321,Corporate,San Diego,CA,EE. UU.,92104.0
11806,Corporate,West Lafayette,IN,EE. UU.,47906.0
2750,Corporate,Bowling Green,KY,EE. UU.,42101.0
8998,Corporate,Chicago,IL,EE. UU.,60649.0
252,Corporate,Richardson,TX,EE. UU.,75080.0
10017,Corporate,Burnsville,MN,EE. UU.,55337.0
7063,Corporate,Brownsville,TX,EE. UU.,78521.0
4370,Corporate,Los Angeles,CA,EE. UU.,90046.0
433,Corporate,Las Vegas,NV,EE. UU.,89115.0
7825,Corporate,San Diego,CA,EE. UU.,92126.0
912,Corporate,Las Vegas,NV,EE. UU.,89119.0
8624,Corporate,Miami,FL,EE. UU.,33126.0
2653,Corporate,Atlanta,GA,EE. UU.,30331.0
12265,Corporate,Sacramento,CA,EE. UU.,95822.0
5648,Corporate,Memphis,TN,EE. UU.,38111.0
10001,Corporate,Washington,DC,EE. UU.,20020.0
1136,Corporate,Ballwin,MO,EE. UU.,63021.0
4177,Corporate,Chesapeake,VA,EE. UU.,23322.0
4072,Corporate,Eugene,OR,EE. UU.,97402.0
5446,Corporate,Douglasville,GA,EE. UU.,30135.0
9656,Corporate,Rochester,NY,EE. UU.,14609.0
7160,Corporate,Diamond Bar,CA,EE. UU.,91765.0
2780,Corporate,Tallahassee,FL,EE. UU.,32308.0
6561,Corporate,San Benito,TX,EE. UU.,78586.0
4119,Corporate,Santa Ana,CA,EE. UU.,92704.0
615,Corporate,El Paso,TX,EE. UU.,79907.0
10583,Corporate,Tustin,CA,EE. UU.,92780.0
10949,Corporate,Lockport,NY,EE. UU.,14094.0
4686,Corporate,Reynoldsburg,OH,EE. UU.,43068.0
3391,Corporate,Carson,CA,EE. UU.,90745.0
3355,Corporate,New Orleans,LA,EE. UU.,70122.0
1660,Corporate,Sun Valley,CA,EE. UU.,91352.0
17575,Corporate,Richardson,TX,EE. UU.,75080.0
17573,Corporate,Tempe,AZ,EE. UU.,85282.0
17623,Corporate,Piscataway,NJ,EE. UU.,8854.0
16224,Corporate,Memphis,TN,EE. UU.,38128.0
18594,Corporate,North Las Vegas,NV,EE. UU.,89030.0
16223,Corporate,Columbia,MO,EE. UU.,65203.0
20026,Corporate,Philadelphia,PA,EE. UU.,19139.0
17818,Corporate,Las Vegas,NV,EE. UU.,89103.0
15212,Corporate,Las Vegas,NV,EE. UU.,89103.0
19935,Corporate,Huntington Beach,CA,EE. UU.,92646.0
16258,Corporate,West Jordan,UT,EE. UU.,84084.0
18946,Corporate,Chesapeake,VA,EE. UU.,23322.0
20025,Corporate,Elmhurst,IL,EE. UU.,60126.0
17117,Corporate,San Benito,TX,EE. UU.,78586.0
17243,Corporate,Chapel Hill,NC,EE. UU.,27514.0
20024,Corporate,Bellflower,CA,EE. UU.,90706.0
20167,Corporate,El Paso,TX,EE. UU.,79907.0
16112,Corporate,Fargo,ND,EE. UU.,58103.0
20005,Corporate,Lancaster,SC,EE. UU.,29720.0
16256,Corporate,Beaverton,OR,EE. UU.,97006.0
16328,Corporate,Waukegan,IL,EE. UU.,60085.0
17061,Corporate,Los Angeles,CA,EE. UU.,90006.0
15155,Corporate,Palmdale,CA,EE. UU.,93550.0
15245,Corporate,Newark,DE,EE. UU.,19702.0
16146,Corporate,Springfield,MO,EE. UU.,65807.0
15262,Corporate,San Ramon,CA,EE. UU.,94583.0
20327,Corporate,College Station,TX,EE. UU.,77840.0
16362,Corporate,Fullerton,CA,EE. UU.,92833.0
15261,Corporate,Detroit,MI,EE. UU.,48219.0
20236,Corporate,Highland Park,MI,EE. UU.,48203.0
19947,Corporate,Revere,MA,EE. UU.,2151.0
17812,Corporate,Los Angeles,CA,EE. UU.,90004.0
18604,Corporate,Salt Lake City,UT,EE. UU.,84119.0
16288,Corporate,Orlando,FL,EE. UU.,32822.0
20163,Corporate,El Cajon,CA,EE. UU.,92020.0
18955,Corporate,Brooklyn,NY,EE. UU.,11219.0
16123,Corporate,Philadelphia,PA,EE. UU.,19145.0
15220,Corporate,Bakersfield,CA,EE. UU.,93304.0
17772,Corporate,Henderson,NV,EE. UU.,89015.0
18953,Corporate,Albuquerque,NM,EE. UU.,87111.0
15147,Corporate,Bronx,NY,EE. UU.,10460.0
15201,Corporate,Woodbridge,VA,EE. UU.,22192.0
18971,Corporate,Phoenix,AZ,EE. UU.,85040.0
19816,Corporate,Goleta,CA,EE. UU.,93117.0
20014,Corporate,Newark,NJ,EE. UU.,7105.0
17806,Corporate,Las Vegas,NV,EE. UU.,89103.0
17752,Corporate,Newark,DE,EE. UU.,19702.0
15218,Corporate,Los Angeles,CA,EE. UU.,90004.0
15253,Corporate,Harvey,IL,EE. UU.,60426.0
17212,Corporate,Elk Grove,CA,EE. UU.,95758.0
20138,Corporate,San Marcos,TX,EE. UU.,78666.0
15145,Corporate,New York,NY,EE. UU.,10128.0
20282,Corporate,Bronx,NY,EE. UU.,10472.0
19813,Corporate,Cerritos,CA,EE. UU.,90703.0
17049,Corporate,Brooklyn,NY,EE. UU.,11236.0
17175,Corporate,Tempe,AZ,EE. UU.,85282.0
18559,Corporate,Endicott,NY,EE. UU.,13760.0
16261,Corporate,Silver Spring,MD,EE. UU.,20906.0
20064,Corporate,Fremont,CA,EE. UU.,94539.0
17174,Corporate,Kenner,LA,EE. UU.,70065.0
20280,Corporate,Philadelphia,PA,EE. UU.,19104.0
19177,Corporate,Dorchester Center,MA,EE. UU.,2124.0
16409,Corporate,Alhambra,CA,EE. UU.,91801.0
16450,Corporate,Dallas,TX,EE. UU.,75217.0
7345,Corporate,Fresno,CA,EE. UU.,93727.0
10077,Corporate,Las Vegas,NV,EE. UU.,89110.0
71,Corporate,Philadelphia,PA,EE. UU.,19145.0
3706,Corporate,Columbus,OH,EE. UU.,43230.0
5072,Corporate,New York,NY,EE. UU.,10009.0
1012,Corporate,Silver Spring,MD,EE. UU.,20906.0
4691,Corporate,Fort Washington,MD,EE. UU.,20744.0
5714,Corporate,Los Angeles,CA,EE. UU.,90007.0
3853,Corporate,South Richmond Hill,NY,EE. UU.,11419.0
2297,Corporate,Long Beach,CA,EE. UU.,90804.0
17978,Corporate,Los Angeles,CA,EE. UU.,90037.0
1561,Corporate,Lewisville,TX,EE. UU.,75067.0
6029,Corporate,Elmhurst,NY,EE. UU.,11373.0
1484,Corporate,Woodbridge,VA,EE. UU.,22192.0
7016,Corporate,Columbia,MO,EE. UU.,65203.0
70,Corporate,Los Angeles,CA,EE. UU.,90042.0
9231,Corporate,Mission Viejo,CA,EE. UU.,92692.0
20617,Corporate,San Jose,CA,EE. UU.,95148.0
9224,Corporate,Riverside,CA,EE. UU.,92509.0
20471,Corporate,Cypress,CA,EE. UU.,90630.0
2795,Corporate,Salinas,CA,EE. UU.,93905.0
7663,Corporate,Anaheim,CA,EE. UU.,92804.0
15991,Corporate,Brooklyn,NY,EE. UU.,11237.0
11602,Corporate,Mechanicsburg,PA,EE. UU.,17055.0
271,Corporate,Fremont,CA,EE. UU.,94538.0
10870,Corporate,Chesapeake,VA,EE. UU.,23320.0
5745,Corporate,Ridgewood,NY,EE. UU.,11385.0
3195,Corporate,Gilroy,CA,EE. UU.,95020.0
2923,Corporate,Mchenry,IL,EE. UU.,60050.0
5790,Corporate,Fremont,CA,EE. UU.,94536.0
1608,Corporate,Fort Lauderdale,FL,EE. UU.,33324.0
7597,Corporate,Paramount,CA,EE. UU.,90723.0
18675,Corporate,Watsonville,CA,EE. UU.,95076.0
15602,Corporate,Fort Lauderdale,FL,EE. UU.,33313.0
15526,Corporate,Middletown,CT,EE. UU.,6457.0
9932,Corporate,Chicago,IL,EE. UU.,60622.0
15396,Corporate,Manchester,CT,EE. UU.,6040.0
5520,Corporate,Bellflower,CA,EE. UU.,90706.0
10484,Corporate,Aurora,IL,EE. UU.,60506.0
8325,Corporate,Brooklyn,NY,EE. UU.,11218.0
835,Corporate,Santee,CA,EE. UU.,92071.0
2528,Corporate,Mount Pleasant,MI,EE. UU.,48858.0
8207,Corporate,Saint Paul,MN,EE. UU.,55106.0
6724,Corporate,Chicago,IL,EE. UU.,60641.0
10508,Corporate,Los Angeles,CA,EE. UU.,90011.0
5471,Corporate,Tempe,AZ,EE. UU.,85281.0
2484,Corporate,Apex,NC,EE. UU.,27502.0
6512,Corporate,Mission,TX,EE. UU.,78572.0
5202,Corporate,Victorville,CA,EE. UU.,92392.0
9491,Corporate,Los Angeles,CA,EE. UU.,90024.0
17136,Corporate,Aurora,CO,EE. UU.,80010.0
17172,Corporate,East Lansing,MI,EE. UU.,48823.0
15192,Corporate,Bakersfield,CA,EE. UU.,93304.0
18620,Corporate,Colorado Springs,CO,EE. UU.,80906.0
15203,Corporate,Webster,NY,EE. UU.,14580.0
15257,Corporate,Santa Ana,CA,EE. UU.,92703.0
17754,Corporate,Los Angeles,CA,EE. UU.,90004.0
18616,Corporate,Jersey City,NJ,EE. UU.,7305.0
20067,Corporate,Stockbridge,GA,EE. UU.,30281.0
15216,Corporate,Tallahassee,FL,EE. UU.,32308.0
5210,Corporate,San Jose,CA,EE. UU.,95112.0
12060,Corporate,San Antonio,TX,EE. UU.,78223.0
5523,Corporate,Brooklyn,NY,EE. UU.,11203.0
12206,Corporate,New York,NY,EE. UU.,10003.0
11898,Corporate,Sanford,NC,EE. UU.,27330.0
3266,Corporate,Chicago,IL,EE. UU.,60649.0
2219,Corporate,Gardena,CA,EE. UU.,90247.0
6926,Consumer,Harlingen,TX,EE. UU.,78550.0
10865,Consumer,Alpharetta,GA,EE. UU.,30022.0
11574,Consumer,Saint Louis,MO,EE. UU.,63129.0
7636,Consumer,New York,NY,EE. UU.,10031.0
9240,Consumer,Carlsbad,CA,EE. UU.,92009.0
7066,Consumer,Fresno,CA,EE. UU.,93702.0
9476,Consumer,Lombard,IL,EE. UU.,60148.0
8177,Consumer,Phoenix,AZ,EE. UU.,85009.0
12426,Consumer,Brooklyn,NY,EE. UU.,11210.0
10278,Consumer,Los Angeles,CA,EE. UU.,90011.0
11716,Consumer,Bountiful,UT,EE. UU.,84010.0
5585,Consumer,Moreno Valley,CA,EE. UU.,92553.0
3529,Consumer,Endicott,NY,EE. UU.,13760.0
6521,Consumer,Chillicothe,OH,EE. UU.,45601.0
8709,Consumer,Alameda,CA,EE. UU.,94501.0
4829,Consumer,Sunnyvale,CA,EE. UU.,94087.0
1611,Consumer,Bakersfield,CA,EE. UU.,93306.0
4278,Consumer,Opelousas,LA,EE. UU.,70570.0
7271,Consumer,Stamford,CT,EE. UU.,6902.0
9305,Consumer,Florissant,MO,EE. UU.,63033.0
9017,Consumer,Troy,NY,EE. UU.,12180.0
7712,Consumer,Ridgewood,NY,EE. UU.,11385.0
7845,Consumer,Ontario,CA,EE. UU.,91762.0
411,Consumer,Washington,DC,EE. UU.,20009.0
5983,Consumer,New York,NY,EE. UU.,10031.0
10442,Consumer,Quincy,IL,EE. UU.,62301.0
810,Consumer,Las Vegas,NV,EE. UU.,89110.0
5265,Consumer,Los Angeles,CA,EE. UU.,90011.0
329,Consumer,Miami,FL,EE. UU.,33125.0
8513,Consumer,New Orleans,LA,EE. UU.,70117.0
2687,Consumer,Brooklyn,NY,EE. UU.,11226.0
6006,Consumer,Lancaster,PA,EE. UU.,17602.0
4840,Consumer,Irving,TX,EE. UU.,75061.0
3787,Consumer,Columbia,MO,EE. UU.,65203.0
5458,Consumer,Florissant,MO,EE. UU.,63031.0
8005,Consumer,Brooklyn,NY,EE. UU.,11230.0
9383,Consumer,Miami,FL,EE. UU.,33176.0
10462,Consumer,West Lafayette,IN,EE. UU.,47906.0
8618,Consumer,New Albany,IN,EE. UU.,47150.0
10052,Consumer,Troy,MI,EE. UU.,48098.0
9942,Consumer,Memphis,TN,EE. UU.,38128.0
8350,Consumer,Watsonville,CA,EE. UU.,95076.0
9587,Consumer,West Chester,PA,EE. UU.,19382.0
5359,Consumer,Annapolis,MD,EE. UU.,21401.0
10481,Consumer,Ithaca,NY,EE. UU.,14850.0
10592,Consumer,Chicago,IL,EE. UU.,60616.0
4965,Consumer,Santa Clara,CA,EE. UU.,95051.0
1048,Consumer,Huntington Station,NY,EE. UU.,11746.0
11277,Consumer,Brooklyn,NY,EE. UU.,11229.0
10601,Consumer,Walnut,CA,EE. UU.,91789.0
7432,Consumer,Columbus,OH,EE. UU.,43229.0
6500,Consumer,Mesquite,TX,EE. UU.,75149.0
4094,Consumer,Clementon,NJ,EE. UU.,8021.0
11435,Consumer,Hialeah,FL,EE. UU.,33015.0
7366,Consumer,Columbia,SC,EE. UU.,29223.0
7442,Consumer,Denton,TX,EE. UU.,76201.0
4407,Consumer,Bismarck,ND,EE. UU.,58501.0
1124,Consumer,Granite City,IL,EE. UU.,62040.0
9761,Consumer,Brownsville,TX,EE. UU.,78521.0
8885,Consumer,Stockbridge,GA,EE. UU.,30281.0
2476,Consumer,New Orleans,LA,EE. UU.,70117.0
2600,Consumer,Hayward,CA,EE. UU.,94544.0
11211,Consumer,New York,NY,EE. UU.,10032.0
2867,Consumer,Van Nuys,CA,EE. UU.,91405.0
8120,Consumer,Loveland,OH,EE. UU.,45140.0
8192,Consumer,Houston,TX,EE. UU.,77093.0
7744,Consumer,Garden Grove,CA,EE. UU.,92840.0
7935,Consumer,Pawtucket,RI,EE. UU.,2860.0
9124,Consumer,Temecula,CA,EE. UU.,92592.0
2811,Consumer,Tinley Park,IL,EE. UU.,60477.0
5645,Consumer,Oxnard,CA,EE. UU.,93033.0
6086,Consumer,Pompano Beach,FL,EE. UU.,33064.0
1659,Consumer,Weslaco,TX,EE. UU.,78596.0
2943,Consumer,Salt Lake City,UT,EE. UU.,84118.0
6580,Consumer,Tempe,AZ,EE. UU.,85281.0
11955,Consumer,Dearborn,MI,EE. UU.,48126.0
2611,Consumer,South Richmond Hill,NY,EE. UU.,11419.0
4159,Consumer,Laredo,TX,EE. UU.,78040.0
5829,Consumer,Houston,TX,EE. UU.,77015.0
11575,Consumer,Beloit,WI,EE. UU.,53511.0
4795,Consumer,Fargo,ND,EE. UU.,58103.0
719,Consumer,Tucson,AZ,EE. UU.,85746.0
7916,Consumer,Lancaster,PA,EE. UU.,17603.0
1436,Consumer,Lewisville,TX,EE. UU.,75067.0
1775,Consumer,Virginia Beach,VA,EE. UU.,23464.0
2733,Consumer,Chicago,IL,EE. UU.,60647.0
2337,Consumer,El Paso,TX,EE. UU.,79924.0
5153,Consumer,Philadelphia,PA,EE. UU.,19140.0
799,Consumer,Pompano Beach,FL,EE. UU.,33065.0
6060,Consumer,San Diego,CA,EE. UU.,92129.0
7298,Consumer,Oak Lawn,IL,EE. UU.,60453.0
5978,Consumer,Dorchester Center,MA,EE. UU.,2124.0
4221,Consumer,Los Angeles,CA,EE. UU.,90003.0
827,Consumer,New York,NY,EE. UU.,10031.0
7758,Consumer,Woodbridge,VA,EE. UU.,22192.0
3180,Consumer,Riverside,CA,EE. UU.,92507.0
7775,Consumer,Dundalk,MD,EE. UU.,21222.0
5554,Consumer,Rio Rancho,NM,EE. UU.,87124.0
2633,Consumer,Las Vegas,NV,EE. UU.,89123.0
5324,Consumer,Houston,TX,EE. UU.,77015.0
4787,Consumer,Morristown,NJ,EE. UU.,7960.0
8424,Consumer,Yuma,AZ,EE. UU.,85364.0
6768,Consumer,Laguna Hills,CA,EE. UU.,92653.0
2449,Consumer,Elgin,IL,EE. UU.,60123.0
4228,Consumer,Detroit,MI,EE. UU.,48224.0
3404,Consumer,College Station,TX,EE. UU.,77840.0
10194,Consumer,Rome,NY,EE. UU.,13440.0
3708,Consumer,Westerville,OH,EE. UU.,43081.0
4181,Consumer,Ventura,CA,EE. UU.,93003.0
10713,Consumer,Glendale,AZ,EE. UU.,85301.0
3685,Consumer,Apex,NC,EE. UU.,27502.0
7623,Consumer,San Antonio,TX,EE. UU.,78250.0
11453,Consumer,Roswell,NM,EE. UU.,88201.0
3201,Consumer,Forest Hills,NY,EE. UU.,11375.0
3785,Consumer,Las Vegas,NV,EE. UU.,89110.0
705,Consumer,Atlanta,GA,EE. UU.,30331.0
9149,Consumer,Santa Ana,CA,EE. UU.,92705.0
11369,Consumer,Irwin,PA,EE. UU.,15642.0
5770,Consumer,Clovis,CA,EE. UU.,93611.0
455,Consumer,Colorado Springs,CO,EE. UU.,80918.0
4600,Consumer,Crown Point,IN,EE. UU.,46307.0
11505,Consumer,Bakersfield,CA,EE. UU.,93306.0
3813,Consumer,Brooklyn,NY,EE. UU.,11201.0
8084,Consumer,Houston,TX,EE. UU.,77036.0
1524,Consumer,La Mirada,CA,EE. UU.,90638.0
10122,Consumer,Salinas,CA,EE. UU.,93905.0
8003,Consumer,El Paso,TX,EE. UU.,79912.0
1407,Consumer,Bronx,NY,EE. UU.,10452.0
10424,Consumer,Philadelphia,PA,EE. UU.,19149.0
4624,Consumer,Lawton,OK,EE. UU.,73505.0
838,Consumer,Tinley Park,IL,EE. UU.,60477.0
10241,Consumer,Louisville,KY,EE. UU.,40214.0
10062,Consumer,Arlington Heights,IL,EE. UU.,60004.0
2302,Consumer,Bakersfield,CA,EE. UU.,93306.0
7448,Consumer,Apex,NC,EE. UU.,27502.0
4931,Consumer,Tampa,FL,EE. UU.,33624.0
1426,Consumer,Long Beach,CA,EE. UU.,90813.0
11914,Consumer,Colorado Springs,CO,EE. UU.,80906.0
256,Consumer,Chicago,IL,EE. UU.,60625.0
4090,Consumer,Brooklyn,NY,EE. UU.,11210.0
7852,Consumer,San Francisco,CA,EE. UU.,94109.0
5300,Consumer,Orlando,FL,EE. UU.,32822.0
7562,Consumer,Escondido,CA,EE. UU.,92026.0
1543,Consumer,Fayetteville,NC,EE. UU.,28314.0
3873,Consumer,Bronx,NY,EE. UU.,10463.0
10739,Consumer,Greeley,CO,EE. UU.,80631.0
2223,Consumer,Virginia Beach,VA,EE. UU.,23452.0
5877,Consumer,Tempe,AZ,EE. UU.,85282.0
11585,Consumer,Chicago,IL,EE. UU.,60641.0
8588,Consumer,Salt Lake City,UT,EE. UU.,84120.0
3090,Consumer,Middletown,CT,EE. UU.,6457.0
1049,Consumer,Washington,DC,EE. UU.,20009.0
7342,Consumer,Greeley,CO,EE. UU.,80631.0
7829,Consumer,Milford,CT,EE. UU.,6460.0
7123,Consumer,Meridian,ID,EE. UU.,83642.0
4592,Consumer,Bartlett,IL,EE. UU.,60103.0
4377,Consumer,Murfreesboro,TN,EE. UU.,37130.0
4529,Consumer,Bronx,NY,EE. UU.,10467.0
2758,Consumer,Phoenix,AZ,EE. UU.,85009.0
9819,Consumer,Stockton,CA,EE. UU.,95206.0
6583,Consumer,Moline,IL,EE. UU.,61265.0
7544,Consumer,Detroit,MI,EE. UU.,48238.0
5487,Consumer,Chicago,IL,EE. UU.,60630.0
1528,Consumer,Reno,NV,EE. UU.,89502.0
11218,Consumer,Murfreesboro,TN,EE. UU.,37130.0
4752,Consumer,Passaic,NJ,EE. UU.,7055.0
1295,Consumer,Winnetka,CA,EE. UU.,91306.0
9753,Consumer,New Albany,IN,EE. UU.,47150.0
4846,Consumer,Buffalo,NY,EE. UU.,14215.0
6892,Consumer,Bakersfield,CA,EE. UU.,93308.0
6470,Consumer,Revere,MA,EE. UU.,2151.0
12164,Consumer,Los Angeles,CA,EE. UU.,90016.0
3543,Consumer,Reseda,CA,EE. UU.,91335.0
2520,Consumer,Woonsocket,RI,EE. UU.,2895.0
9692,Consumer,Laredo,TX,EE. UU.,78046.0
8047,Consumer,San Jose,CA,EE. UU.,95116.0
3710,Consumer,Springfield,MO,EE. UU.,65807.0
7293,Consumer,Lancaster,SC,EE. UU.,29720.0
3319,Consumer,New York,NY,EE. UU.,10016.0
6880,Consumer,Annandale,VA,EE. UU.,22003.0
5989,Consumer,Brooklyn,NY,EE. UU.,11235.0
11855,Consumer,Columbus,OH,EE. UU.,43228.0
10012,Consumer,Lynnwood,WA,EE. UU.,98037.0
10589,Consumer,Levittown,NY,EE. UU.,11756.0
7183,Consumer,Hacienda Heights,CA,EE. UU.,91745.0
4850,Consumer,Wayne,NJ,EE. UU.,7470.0
6325,Consumer,Zanesville,OH,EE. UU.,43701.0
1793,Consumer,Glenview,IL,EE. UU.,60025.0
5974,Consumer,Mcallen,TX,EE. UU.,78501.0
6441,Consumer,Metairie,LA,EE. UU.,70003.0
76,Consumer,Los Angeles,CA,EE. UU.,90016.0
9179,Consumer,Rego Park,NY,EE. UU.,11374.0
5928,Consumer,Oxnard,CA,EE. UU.,93033.0
4548,Consumer,Hialeah,FL,EE. UU.,33016.0
2373,Consumer,Goose Creek,SC,EE. UU.,29445.0
10251,Consumer,Washington,DC,EE. UU.,20002.0
9928,Consumer,Aurora,IL,EE. UU.,60506.0
7951,Consumer,Chicago,IL,EE. UU.,60618.0
12051,Consumer,Campbell,CA,EE. UU.,95008.0
11516,Consumer,Carol Stream,IL,EE. UU.,60188.0
349,Consumer,Florissant,MO,EE. UU.,63031.0
12368,Consumer,Fresno,CA,EE. UU.,93702.0
3525,Consumer,Cleveland,OH,EE. UU.,44105.0
871,Consumer,Amarillo,TX,EE. UU.,79109.0
8770,Consumer,West Chester,PA,EE. UU.,19382.0
7979,Consumer,El Paso,TX,EE. UU.,79907.0
11756,Consumer,Greeley,CO,EE. UU.,80631.0
12299,Consumer,Chicago,IL,EE. UU.,60660.0
1670,Consumer,Opelousas,LA,EE. UU.,70570.0
11385,Consumer,Wheeling,WV,EE. UU.,26003.0
12189,Consumer,Ann Arbor,MI,EE. UU.,48103.0
11459,Consumer,Santa Ana,CA,EE. UU.,92703.0
3947,Consumer,Wichita,KS,EE. UU.,67212.0
9559,Consumer,Dallas,TX,EE. UU.,75211.0
9454,Consumer,Long Beach,CA,EE. UU.,90813.0
12362,Consumer,Tucson,AZ,EE. UU.,85705.0
7719,Consumer,Campbell,CA,EE. UU.,95008.0
7902,Consumer,El Paso,TX,EE. UU.,79927.0
7787,Consumer,Highland,CA,EE. UU.,92346.0
10222,Consumer,Pompano Beach,FL,EE. UU.,33068.0
6393,Consumer,Greenville,NC,EE. UU.,27834.0
6585,Consumer,San Diego,CA,EE. UU.,92129.0
5227,Consumer,New Castle,DE,EE. UU.,19720.0
1511,Consumer,Wichita,KS,EE. UU.,67212.0
10505,Consumer,Bell Gardens,CA,EE. UU.,90201.0
1283,Consumer,Hawthorne,CA,EE. UU.,90250.0
4568,Consumer,Buffalo,NY,EE. UU.,14215.0
1483,Consumer,Marietta,GA,EE. UU.,30066.0
2675,Consumer,Anaheim,CA,EE. UU.,92804.0
7383,Consumer,Aurora,IL,EE. UU.,60504.0
606,Consumer,Newark,DE,EE. UU.,19702.0
10682,Consumer,Salem,OR,EE. UU.,97301.0
4292,Consumer,Dearborn,MI,EE. UU.,48126.0
10023,Consumer,Newark,NJ,EE. UU.,7105.0
4930,Consumer,Napa,CA,EE. UU.,94558.0
9396,Consumer,Salinas,CA,EE. UU.,93905.0
12284,Consumer,New Haven,CT,EE. UU.,6511.0
11037,Consumer,Davis,CA,EE. UU.,95616.0
11833,Consumer,Strongsville,OH,EE. UU.,44136.0
2939,Consumer,Morrisville,PA,EE. UU.,19067.0
11903,Consumer,Berwyn,IL,EE. UU.,60402.0
11425,Consumer,Detroit,MI,EE. UU.,48238.0
8171,Consumer,Temecula,CA,EE. UU.,92592.0
3407,Consumer,Clovis,CA,EE. UU.,93611.0
1620,Consumer,Beloit,WI,EE. UU.,53511.0
10701,Consumer,Lynwood,CA,EE. UU.,90262.0
7236,Consumer,Columbia,MO,EE. UU.,65203.0
1320,Consumer,Los Angeles,CA,EE. UU.,90011.0
10279,Consumer,Mission Viejo,CA,EE. UU.,92691.0
6003,Consumer,Hickory,NC,EE. UU.,28601.0
4538,Consumer,Zanesville,OH,EE. UU.,43701.0
11626,Consumer,Marietta,GA,EE. UU.,30067.0
3762,Consumer,West New York,NJ,EE. UU.,7093.0
11656,Consumer,Aurora,CO,EE. UU.,80012.0
11131,Consumer,Brooklyn,NY,EE. UU.,11209.0
4491,Consumer,Elmhurst,NY,EE. UU.,11373.0
836,Consumer,Dearborn,MI,EE. UU.,48126.0
3761,Consumer,Hayward,CA,EE. UU.,94541.0
9152,Consumer,Salt Lake City,UT,EE. UU.,84120.0
1381,Consumer,Campbell,CA,EE. UU.,95008.0
8872,Consumer,Portland,OR,EE. UU.,97223.0
7382,Consumer,Chicago,IL,EE. UU.,60624.0
1466,Consumer,Lenoir,NC,EE. UU.,28645.0
10268,Consumer,Murfreesboro,TN,EE. UU.,37130.0
10466,Consumer,Escondido,CA,EE. UU.,92025.0
773,Consumer,Saint Paul,MN,EE. UU.,55112.0
7379,Consumer,Marrero,LA,EE. UU.,70072.0
12041,Consumer,Florissant,MO,EE. UU.,63033.0
4572,Consumer,Brooklyn,NY,EE. UU.,11201.0
8097,Consumer,Sheboygan,WI,EE. UU.,53081.0
7600,Consumer,Hacienda Heights,CA,EE. UU.,91745.0
10239,Consumer,Riverside,CA,EE. UU.,92504.0
1155,Consumer,Greeley,CO,EE. UU.,80631.0
1400,Consumer,Pompano Beach,FL,EE. UU.,33068.0
856,Consumer,Fountain Valley,CA,EE. UU.,92708.0
10364,Consumer,Los Angeles,CA,EE. UU.,90046.0
3678,Consumer,Brooklyn,NY,EE. UU.,11226.0
11275,Consumer,Webster,NY,EE. UU.,14580.0
4876,Consumer,Virginia Beach,VA,EE. UU.,23456.0
9849,Consumer,Dallas,TX,EE. UU.,75228.0
6516,Consumer,Las Cruces,NM,EE. UU.,88005.0
254,Consumer,San Antonio,TX,EE. UU.,78223.0
8375,Consumer,Philadelphia,PA,EE. UU.,19120.0
8448,Consumer,New York,NY,EE. UU.,10009.0
2681,Consumer,Duluth,GA,EE. UU.,30096.0
6798,Consumer,Gaithersburg,MD,EE. UU.,20878.0
11552,Consumer,Orlando,FL,EE. UU.,32825.0
3664,Consumer,Virginia Beach,VA,EE. UU.,23455.0
2515,Consumer,Apopka,FL,EE. UU.,32703.0
9786,Consumer,Salt Lake City,UT,EE. UU.,84118.0
12403,Consumer,Cypress,CA,EE. UU.,90630.0
11862,Consumer,Lutz,FL,EE. UU.,33549.0
11765,Consumer,South El Monte,CA,EE. UU.,91733.0
1876,Consumer,Salina,KS,EE. UU.,67401.0
1078,Consumer,Los Angeles,CA,EE. UU.,90044.0
2696,Consumer,Memphis,TN,EE. UU.,38128.0
9650,Consumer,Hampton,VA,EE. UU.,23666.0
914,Consumer,Bronx,NY,EE. UU.,10458.0
10760,Consumer,Oregon City,OR,EE. UU.,97045.0
8250,Consumer,Las Vegas,NV,EE. UU.,89108.0
1689,Consumer,Troy,NY,EE. UU.,12180.0
755,Consumer,Tucson,AZ,EE. UU.,85705.0
1854,Consumer,Folsom,CA,EE. UU.,95630.0
6285,Consumer,Brooklyn,NY,EE. UU.,11201.0
4937,Consumer,Baldwin Park,CA,EE. UU.,91706.0
9570,Consumer,Houston,TX,EE. UU.,77084.0
9823,Consumer,Ogden,UT,EE. UU.,84404.0
1022,Consumer,Ogden,UT,EE. UU.,84404.0
4212,Consumer,Fresno,CA,EE. UU.,93722.0
1492,Consumer,Montebello,CA,EE. UU.,90640.0
1091,Consumer,Tucson,AZ,EE. UU.,85705.0
8342,Consumer,El Centro,CA,EE. UU.,92243.0
5383,Consumer,Staten Island,NY,EE. UU.,10312.0
11175,Consumer,Phoenix,AZ,EE. UU.,85033.0
7482,Consumer,Stafford,VA,EE. UU.,22554.0
6737,Consumer,Moreno Valley,CA,EE. UU.,92557.0
7947,Consumer,Richardson,TX,EE. UU.,75080.0
6095,Consumer,Revere,MA,EE. UU.,2151.0
2962,Consumer,Jackson Heights,NY,EE. UU.,11372.0
2787,Consumer,Chicago,IL,EE. UU.,60630.0
327,Consumer,Carrollton,TX,EE. UU.,75007.0
10310,Consumer,Mcallen,TX,EE. UU.,78501.0
11544,Consumer,Chandler,AZ,EE. UU.,85224.0
7133,Consumer,Saint Paul,MN,EE. UU.,55112.0
4556,Consumer,Detroit,MI,EE. UU.,48234.0
12296,Consumer,Orlando,FL,EE. UU.,32822.0
1174,Consumer,Memphis,TN,EE. UU.,38109.0
6423,Consumer,San Diego,CA,EE. UU.,92104.0
4017,Consumer,Florissant,MO,EE. UU.,63031.0
6649,Consumer,Detroit,MI,EE. UU.,48234.0
4169,Consumer,Elgin,IL,EE. UU.,60120.0
1565,Consumer,Campbell,CA,EE. UU.,95008.0
6279,Consumer,Miami,FL,EE. UU.,33176.0
10020,Consumer,Phoenix,AZ,EE. UU.,85035.0
1298,Consumer,San Jose,CA,EE. UU.,95125.0
613,Consumer,South Ozone Park,NY,EE. UU.,11420.0
2585,Consumer,Brooklyn,NY,EE. UU.,11210.0
11778,Consumer,San Diego,CA,EE. UU.,92129.0
7180,Consumer,Pacoima,CA,EE. UU.,91331.0
5242,Consumer,Philadelphia,PA,EE. UU.,19144.0
2959,Consumer,Chicago,IL,EE. UU.,60608.0
987,Consumer,Albuquerque,NM,EE. UU.,87111.0
7625,Consumer,Detroit,MI,EE. UU.,48238.0
11567,Consumer,Spring Valley,CA,EE. UU.,91977.0
8056,Consumer,Pharr,TX,EE. UU.,78577.0
8616,Consumer,Riverside,CA,EE. UU.,92504.0
7925,Consumer,Houston,TX,EE. UU.,77072.0
1482,Consumer,Los Angeles,CA,EE. UU.,90037.0
11177,Consumer,Wayne,NJ,EE. UU.,7470.0
4976,Consumer,Milford,CT,EE. UU.,6460.0
12120,Consumer,Pompano Beach,FL,EE. UU.,33065.0
6288,Consumer,Detroit,MI,EE. UU.,48221.0
1300,Consumer,Mission,TX,EE. UU.,78572.0
733,Consumer,Amarillo,TX,EE. UU.,79109.0
2957,Consumer,Lynnwood,WA,EE. UU.,98037.0
10357,Consumer,Milwaukee,WI,EE. UU.,53215.0
1014,Consumer,Jamaica,NY,EE. UU.,11435.0
6009,Consumer,Salt Lake City,UT,EE. UU.,84119.0
11589,Consumer,Kent,WA,EE. UU.,98031.0
8734,Consumer,Ridgewood,NY,EE. UU.,11385.0
5297,Consumer,San Diego,CA,EE. UU.,92115.0
590,Consumer,Meridian,ID,EE. UU.,83642.0
8723,Consumer,Washington,DC,EE. UU.,20002.0
4147,Consumer,Dorchester Center,MA,EE. UU.,2124.0
7725,Consumer,Columbia,SC,EE. UU.,29223.0
3101,Consumer,Mission Viejo,CA,EE. UU.,92692.0
12115,Consumer,Mission,TX,EE. UU.,78572.0
5403,Consumer,Columbus,OH,EE. UU.,43207.0
9126,Consumer,Atlanta,GA,EE. UU.,30318.0
10371,Consumer,Mount Prospect,IL,EE. UU.,60056.0
9576,Consumer,Cupertino,CA,EE. UU.,95014.0
5196,Consumer,South San Francisco,CA,EE. UU.,94080.0
7713,Consumer,Chicago,IL,EE. UU.,60632.0
2724,Consumer,Los Angeles,CA,EE. UU.,90004.0
9687,Consumer,Miami,FL,EE. UU.,33161.0
449,Consumer,Columbus,OH,EE. UU.,43228.0
1215,Consumer,Las Vegas,NV,EE. UU.,89123.0
3674,Consumer,El Cajon,CA,EE. UU.,92020.0
691,Consumer,Stafford,VA,EE. UU.,22554.0
6626,Consumer,Ontario,CA,EE. UU.,91761.0
226,Consumer,Oxnard,CA,EE. UU.,93030.0
6281,Consumer,Lancaster,SC,EE. UU.,29720.0
3748,Consumer,Lake Forest,CA,EE. UU.,92630.0
11238,Consumer,Hendersonville,TN,EE. UU.,37075.0
4852,Consumer,Highland Park,MI,EE. UU.,48203.0
1499,Consumer,Fort Lauderdale,FL,EE. UU.,33313.0
6,Consumer,Passaic,NJ,EE. UU.,7055.0
384,Consumer,Las Vegas,NV,EE. UU.,89119.0
3313,Consumer,Ballwin,MO,EE. UU.,63021.0
9443,Consumer,Garden Grove,CA,EE. UU.,92843.0
1317,Consumer,Lake Forest,CA,EE. UU.,92630.0
11764,Consumer,Simi Valley,CA,EE. UU.,93063.0
4326,Consumer,Riverside,CA,EE. UU.,92504.0
2389,Consumer,Memphis,TN,EE. UU.,38111.0
7650,Consumer,Wayne,NJ,EE. UU.,7470.0
1980,Consumer,Clearfield,UT,EE. UU.,84015.0
2821,Consumer,Santa Ana,CA,EE. UU.,92703.0
11832,Consumer,Hendersonville,TN,EE. UU.,37075.0
9414,Consumer,Florissant,MO,EE. UU.,63033.0
2794,Consumer,Pittsburg,CA,EE. UU.,94565.0
6307,Consumer,Brooklyn,NY,EE. UU.,11203.0
2382,Consumer,Bronx,NY,EE. UU.,10463.0
10312,Consumer,El Paso,TX,EE. UU.,79912.0
11789,Consumer,East Brunswick,NJ,EE. UU.,8816.0
11967,Consumer,Daly City,CA,EE. UU.,94015.0
8014,Consumer,Seattle,WA,EE. UU.,98115.0
117,Consumer,La Crosse,WI,EE. UU.,54601.0
8060,Consumer,Chicago,IL,EE. UU.,60657.0
2617,Consumer,Santa Ana,CA,EE. UU.,92704.0
3537,Consumer,La Mesa,CA,EE. UU.,91941.0
2235,Consumer,Albuquerque,NM,EE. UU.,87120.0
10146,Consumer,Anaheim,CA,EE. UU.,92802.0
9244,Consumer,North Hollywood,CA,EE. UU.,91605.0
3163,Consumer,Saint Louis,MO,EE. UU.,63116.0
687,Consumer,Garden Grove,CA,EE. UU.,92840.0
9817,Consumer,Los Angeles,CA,EE. UU.,90047.0
10083,Consumer,Greeley,CO,EE. UU.,80631.0
9263,Consumer,Dallas,TX,EE. UU.,75287.0
6417,Consumer,Houston,TX,EE. UU.,77015.0
11221,Consumer,Antioch,TN,EE. UU.,37013.0
2403,Consumer,Philadelphia,PA,EE. UU.,19131.0
1428,Consumer,Frankfort,KY,EE. UU.,40601.0
6356,Consumer,Annapolis,MD,EE. UU.,21401.0
2064,Consumer,Dallas,TX,EE. UU.,75216.0
3720,Consumer,Los Angeles,CA,EE. UU.,90065.0
4750,Consumer,Martinsburg,WV,EE. UU.,25401.0
3802,Consumer,Miami,FL,EE. UU.,33157.0
5856,Consumer,Detroit,MI,EE. UU.,48213.0
3331,Consumer,Fountain Valley,CA,EE. UU.,92708.0
11068,Consumer,Longmont,CO,EE. UU.,80501.0
11595,Consumer,Modesto,CA,EE. UU.,95355.0
9486,Consumer,Philadelphia,PA,EE. UU.,19148.0
6476,Consumer,Washington,DC,EE. UU.,20002.0
6458,Consumer,Reynoldsburg,OH,EE. UU.,43068.0
358,Consumer,San Antonio,TX,EE. UU.,78227.0
11775,Consumer,Atlanta,GA,EE. UU.,30318.0
11407,Consumer,Marion,OH,EE. UU.,43302.0
2788,Consumer,Las Vegas,NV,EE. UU.,89103.0
1438,Consumer,Mesa,AZ,EE. UU.,85201.0
2960,Consumer,Manchester,CT,EE. UU.,6040.0
11350,Consumer,Dearborn,MI,EE. UU.,48126.0
6146,Consumer,Lancaster,CA,EE. UU.,93536.0
3825,Consumer,Silver Spring,MD,EE. UU.,20906.0
12065,Consumer,Chicago,IL,EE. UU.,60628.0
9700,Consumer,Ballwin,MO,EE. UU.,63021.0
11527,Consumer,Elgin,IL,EE. UU.,60123.0
4101,Consumer,Yonkers,NY,EE. UU.,10701.0
11060,Consumer,Sacramento,CA,EE. UU.,95822.0
9401,Consumer,Bronx,NY,EE. UU.,10463.0
11772,Consumer,Bloomfield,NJ,EE. UU.,7003.0
10040,Consumer,Dundalk,MD,EE. UU.,21222.0
65,Consumer,Princeton,NJ,EE. UU.,8540.0
6925,Consumer,New York,NY,EE. UU.,10029.0
3635,Consumer,San Jose,CA,EE. UU.,95112.0
10756,Consumer,Silver Spring,MD,EE. UU.,20906.0
5469,Consumer,Far Rockaway,NY,EE. UU.,11691.0
7989,Consumer,Augusta,GA,EE. UU.,30907.0
11835,Consumer,Scottsdale,AZ,EE. UU.,85254.0
3858,Consumer,Newark,OH,EE. UU.,43055.0
12050,Consumer,Bronx,NY,EE. UU.,10467.0
3660,Consumer,Del Rio,TX,EE. UU.,78840.0
7980,Consumer,Metairie,LA,EE. UU.,70003.0
4621,Consumer,Germantown,MD,EE. UU.,20874.0
10690,Consumer,Spring Valley,NY,EE. UU.,10977.0
484,Consumer,Hyattsville,MD,EE. UU.,20783.0
1658,Consumer,Los Angeles,CA,EE. UU.,90066.0
5832,Consumer,Baltimore,MD,EE. UU.,21215.0
3711,Consumer,Fort Worth,TX,EE. UU.,76116.0
2628,Consumer,Rancho Cordova,CA,EE. UU.,95670.0
898,Consumer,Tampa,FL,EE. UU.,33624.0
2114,Consumer,Los Angeles,CA,EE. UU.,90024.0
5440,Consumer,Ontario,CA,EE. UU.,91764.0
5867,Consumer,Tallahassee,FL,EE. UU.,32303.0
11417,Consumer,Chicago,IL,EE. UU.,60649.0
1952,Consumer,Silver Spring,MD,EE. UU.,20904.0
4397,Consumer,Long Beach,CA,EE. UU.,90813.0
7000,Consumer,Indianapolis,IN,EE. UU.,46226.0
391,Consumer,Saginaw,MI,EE. UU.,48601.0
3764,Consumer,Los Angeles,CA,EE. UU.,90057.0
2458,Consumer,Honolulu,HI,EE. UU.,96817.0
6140,Consumer,Union,NJ,EE. UU.,7083.0
4242,Consumer,West Orange,NJ,EE. UU.,7052.0
6846,Consumer,Saint Louis,MO,EE. UU.,63123.0
6657,Consumer,San Diego,CA,EE. UU.,92104.0
5490,Consumer,Bronx,NY,EE. UU.,10466.0
9908,Consumer,Baytown,TX,EE. UU.,77520.0
2362,Consumer,Placentia,CA,EE. UU.,92870.0
771,Consumer,Pawtucket,RI,EE. UU.,2860.0
12233,Consumer,Chicago,IL,EE. UU.,60660.0
10039,Consumer,Conway,AR,EE. UU.,72032.0
5105,Consumer,Alhambra,CA,EE. UU.,91801.0
1790,Consumer,Freeport,NY,EE. UU.,11520.0
4790,Consumer,Potomac,MD,EE. UU.,20854.0
12226,Consumer,Staten Island,NY,EE. UU.,10314.0
12330,Consumer,Modesto,CA,EE. UU.,95351.0
6727,Corporate,Ridgewood,NY,EE. UU.,11385.0
11625,Corporate,Brooklyn,NY,EE. UU.,11203.0
2023,Corporate,Brooklyn,NY,EE. UU.,11206.0
9392,Corporate,Hollywood,FL,EE. UU.,33025.0
10664,Corporate,San Ramon,CA,EE. UU.,94583.0
2021,Corporate,West Jordan,UT,EE. UU.,84084.0
2649,Corporate,Sandusky,OH,EE. UU.,44870.0
8208,Corporate,Lenoir,NC,EE. UU.,28645.0
11723,Corporate,Bridgeton,NJ,EE. UU.,8302.0
8570,Corporate,Escondido,CA,EE. UU.,92025.0
12399,Corporate,Valrico,FL,EE. UU.,33594.0
1846,Corporate,Pittsfield,MA,EE. UU.,1201.0
5016,Corporate,Oceanside,CA,EE. UU.,92056.0
5549,Corporate,Brooklyn,NY,EE. UU.,11236.0
8313,Corporate,Spring Valley,CA,EE. UU.,91977.0
2592,Corporate,San Marcos,TX,EE. UU.,78666.0
1911,Corporate,Fayetteville,NC,EE. UU.,28314.0
6786,Corporate,San Jose,CA,EE. UU.,95112.0
5900,Corporate,Colorado Springs,CO,EE. UU.,80906.0
6419,Corporate,San Pedro,CA,EE. UU.,90731.0
7283,Corporate,West Chester,PA,EE. UU.,19382.0
9053,Corporate,Tustin,CA,EE. UU.,92780.0
2844,Corporate,Greenville,NC,EE. UU.,27834.0
8829,Corporate,Woodside,NY,EE. UU.,11377.0
8715,Corporate,Apex,NC,EE. UU.,27502.0
6068,Corporate,Anaheim,CA,EE. UU.,92801.0
7452,Corporate,Pekin,IL,EE. UU.,61554.0
10088,Corporate,Grove City,OH,EE. UU.,43123.0
5525,Corporate,Knoxville,TN,EE. UU.,37922.0
4645,Corporate,Los Angeles,CA,EE. UU.,90044.0
4822,Corporate,Brooklyn,NY,EE. UU.,11226.0
10911,Corporate,San Diego,CA,EE. UU.,92102.0
7281,Corporate,Chicago,IL,EE. UU.,60608.0
11308,Corporate,San Marcos,CA,EE. UU.,92069.0
3832,Corporate,Aurora,IL,EE. UU.,60506.0
2093,Corporate,San Diego,CA,EE. UU.,92117.0
5175,Corporate,Huntington Park,CA,EE. UU.,90255.0
1378,Corporate,Campbell,CA,EE. UU.,95008.0
10100,Corporate,Sugar Land,TX,EE. UU.,77479.0
1314,Corporate,Anaheim,CA,EE. UU.,92802.0
6222,Corporate,New York,NY,EE. UU.,10003.0
7975,Corporate,Wayne,NJ,EE. UU.,7470.0
3645,Corporate,Watsonville,CA,EE. UU.,95076.0
7370,Corporate,Rock Hill,SC,EE. UU.,29730.0
2778,Corporate,Chicago,IL,EE. UU.,60622.0
6873,Corporate,Albuquerque,NM,EE. UU.,87112.0
6232,Corporate,Los Angeles,CA,EE. UU.,90047.0
7710,Corporate,Greensboro,NC,EE. UU.,27410.0
8455,Corporate,Brownsville,TX,EE. UU.,78520.0
445,Corporate,Fort Washington,MD,EE. UU.,20744.0
5083,Corporate,Bronx,NY,EE. UU.,10452.0
9921,Corporate,Greensburg,PA,EE. UU.,15601.0
518,Corporate,Cerritos,CA,EE. UU.,90703.0
656,Corporate,Pomona,CA,EE. UU.,91767.0
3295,Corporate,Los Angeles,CA,EE. UU.,90024.0
3639,Corporate,Tempe,AZ,EE. UU.,85282.0
6271,Corporate,Brooklyn,NY,EE. UU.,11226.0
1607,Corporate,Piscataway,NJ,EE. UU.,8854.0
616,Corporate,Smyrna,GA,EE. UU.,30080.0
6480,Corporate,Chula Vista,CA,EE. UU.,91910.0
1836,Corporate,Dallas,TX,EE. UU.,75227.0
11463,Corporate,Murfreesboro,TN,EE. UU.,37130.0
5534,Corporate,South El Monte,CA,EE. UU.,91733.0
4732,Corporate,Glendale,AZ,EE. UU.,85301.0
1083,Corporate,Dorchester Center,MA,EE. UU.,2124.0
7282,Corporate,Hanford,CA,EE. UU.,93230.0
11405,Corporate,Brooklyn,NY,EE. UU.,11218.0
9678,Corporate,Salt Lake City,UT,EE. UU.,84118.0
11409,Corporate,Stone Mountain,GA,EE. UU.,30083.0
4470,Corporate,Brooklyn,NY,EE. UU.,11219.0
5017,Corporate,Dallas,TX,EE. UU.,75216.0
618,Corporate,Jackson Heights,NY,EE. UU.,11372.0
8545,Corporate,Opelousas,LA,EE. UU.,70570.0
8491,Corporate,Chicago,IL,EE. UU.,60609.0
5203,Corporate,Lockport,IL,EE. UU.,60441.0
12010,Corporate,Del Rio,TX,EE. UU.,78840.0
6183,Corporate,Placentia,CA,EE. UU.,92870.0
3850,Corporate,El Paso,TX,EE. UU.,79927.0
12046,Corporate,Mesa,AZ,EE. UU.,85201.0
11609,Corporate,Poway,CA,EE. UU.,92064.0
5025,Corporate,Bronx,NY,EE. UU.,10456.0
4300,Corporate,Forest Hills,NY,EE. UU.,11375.0
11150,Corporate,Hialeah,FL,EE. UU.,33016.0
5467,Corporate,Apopka,FL,EE. UU.,32703.0
649,Corporate,Stockton,CA,EE. UU.,95206.0
1523,Corporate,Van Nuys,CA,EE. UU.,91405.0
1641,Corporate,Aurora,CO,EE. UU.,80015.0
3022,Corporate,Dallas,TX,EE. UU.,75216.0
4225,Corporate,Los Angeles,CA,EE. UU.,90022.0
8974,Corporate,Longmont,CO,EE. UU.,80501.0
5599,Corporate,Levittown,NY,EE. UU.,11756.0
6082,Corporate,Virginia Beach,VA,EE. UU.,23454.0
9901,Corporate,Jamaica,NY,EE. UU.,11435.0
4444,Corporate,Mount Prospect,IL,EE. UU.,60056.0
1616,Corporate,Endicott,NY,EE. UU.,13760.0
6696,Corporate,Alpharetta,GA,EE. UU.,30022.0
6299,Corporate,Pomona,CA,EE. UU.,91767.0
10934,Corporate,Cary,NC,EE. UU.,27511.0
2473,Corporate,Palatine,IL,EE. UU.,60067.0
3428,Corporate,Chicago,IL,EE. UU.,60622.0
11959,Corporate,Mesquite,TX,EE. UU.,75149.0
276,Corporate,West Covina,CA,EE. UU.,91790.0
110,Corporate,Beaverton,OR,EE. UU.,97006.0
6304,Corporate,Visalia,CA,EE. UU.,93277.0
3457,Corporate,Pomona,CA,EE. UU.,91766.0
6784,Corporate,O Fallon,MO,EE. UU.,63366.0
8675,Corporate,Chula Vista,CA,EE. UU.,91910.0
11066,Corporate,Phoenix,AZ,EE. UU.,85029.0
7826,Corporate,Riverside,CA,EE. UU.,92507.0
10899,Corporate,Encinitas,CA,EE. UU.,92024.0
2701,Corporate,Elyria,OH,EE. UU.,44035.0
5507,Corporate,Chambersburg,PA,EE. UU.,17201.0
3137,Corporate,Oxnard,CA,EE. UU.,93033.0
11931,Corporate,Philadelphia,PA,EE. UU.,19104.0
1700,Corporate,Los Angeles,CA,EE. UU.,90047.0
9993,Corporate,Broken Arrow,OK,EE. UU.,74012.0
10612,Corporate,Cleveland,OH,EE. UU.,44118.0
10569,Corporate,Normal,IL,EE. UU.,61761.0
8558,Corporate,West Jordan,UT,EE. UU.,84084.0
3353,Corporate,Lynn,MA,EE. UU.,1902.0
4085,Corporate,Panorama City,CA,EE. UU.,91402.0
2857,Corporate,Saint Peters,MO,EE. UU.,63376.0
3671,Corporate,Mentor,OH,EE. UU.,44060.0
10602,Corporate,Memphis,TN,EE. UU.,38128.0
8906,Corporate,New York,NY,EE. UU.,10028.0
6914,Corporate,San Diego,CA,EE. UU.,92111.0
11083,Corporate,Las Cruces,NM,EE. UU.,88005.0
3398,Corporate,Plano,TX,EE. UU.,75093.0
4729,Corporate,Miami,FL,EE. UU.,33142.0
11823,Corporate,Englewood,CO,EE. UU.,80110.0
4172,Corporate,Aurora,CO,EE. UU.,80012.0
5020,Corporate,Chicago,IL,EE. UU.,60657.0
2071,Corporate,Los Angeles,CA,EE. UU.,90018.0
7790,Corporate,Fullerton,CA,EE. UU.,92833.0
9971,Corporate,Detroit,MI,EE. UU.,48238.0
22,Corporate,North Bergen,NJ,EE. UU.,7047.0
10857,Corporate,Bensalem,PA,EE. UU.,19020.0
2859,Corporate,Carrollton,TX,EE. UU.,75006.0
3199,Corporate,New York,NY,EE. UU.,10031.0
2798,Corporate,Phoenix,AZ,EE. UU.,85022.0
5100,Corporate,Encinitas,CA,EE. UU.,92024.0
2027,Corporate,Mission Viejo,CA,EE. UU.,92692.0
10634,Corporate,Laguna Niguel,CA,EE. UU.,92677.0
291,Corporate,Bristol,CT,EE. UU.,6010.0
11236,Corporate,Bismarck,ND,EE. UU.,58501.0
3028,Corporate,North Las Vegas,NV,EE. UU.,89030.0
5601,Corporate,Sacramento,CA,EE. UU.,95828.0
7340,Corporate,Los Angeles,CA,EE. UU.,90016.0
5104,Corporate,West New York,NJ,EE. UU.,7093.0
4314,Corporate,Enfield,CT,EE. UU.,6082.0
7176,Corporate,Williamsport,PA,EE. UU.,17701.0
10068,Corporate,Carmichael,CA,EE. UU.,95608.0
11972,Corporate,Piscataway,NJ,EE. UU.,8854.0
11446,Corporate,Santa Ana,CA,EE. UU.,92707.0
3631,Corporate,Laredo,TX,EE. UU.,78040.0
12136,Corporate,Los Angeles,CA,EE. UU.,90022.0
5018,Corporate,Colorado Springs,CO,EE. UU.,80918.0
1311,Corporate,West Chester,PA,EE. UU.,19382.0
9490,Corporate,La Mesa,CA,EE. UU.,91941.0
11263,Corporate,Federal Way,WA,EE. UU.,98023.0
4885,Corporate,Oak Lawn,IL,EE. UU.,60453.0
5263,Corporate,San Jose,CA,EE. UU.,95112.0
5673,Corporate,Roswell,NM,EE. UU.,88201.0
3697,Corporate,Ypsilanti,MI,EE. UU.,48197.0
10313,Corporate,Saint Paul,MN,EE. UU.,55112.0
8954,Corporate,Columbia,SC,EE. UU.,29223.0
5859,Corporate,San Antonio,TX,EE. UU.,78207.0
343,Corporate,San Antonio,TX,EE. UU.,78227.0
3734,Corporate,Modesto,CA,EE. UU.,95350.0
4663,Corporate,Columbus,GA,EE. UU.,31907.0
11457,Corporate,San Benito,TX,EE. UU.,78586.0
4318,Corporate,San Benito,TX,EE. UU.,78586.0
10164,Corporate,Far Rockaway,NY,EE. UU.,11691.0
7996,Corporate,Potomac,MD,EE. UU.,20854.0
7602,Corporate,Harlingen,TX,EE. UU.,78550.0
1205,Corporate,Miami,FL,EE. UU.,33126.0
11503,Corporate,Saginaw,MI,EE. UU.,48601.0
7438,Corporate,Katy,TX,EE. UU.,77450.0
8647,Corporate,Lewisville,TX,EE. UU.,75067.0
6682,Corporate,Raleigh,NC,EE. UU.,27610.0
3459,Corporate,Chicago,IL,EE. UU.,60616.0
3515,Corporate,Fort Lauderdale,FL,EE. UU.,33324.0
11708,Corporate,Plano,TX,EE. UU.,75093.0
9277,Corporate,Eugene,OR,EE. UU.,97405.0
4301,Corporate,Newark,DE,EE. UU.,19711.0
9318,Corporate,Virginia Beach,VA,EE. UU.,23455.0
9773,Corporate,Hanford,CA,EE. UU.,93230.0
7278,Corporate,Tucson,AZ,EE. UU.,85713.0
2603,Corporate,Costa Mesa,CA,EE. UU.,92626.0
9915,Corporate,Highland Park,MI,EE. UU.,48203.0
9157,Corporate,Federal Way,WA,EE. UU.,98023.0
9991,Corporate,Danbury,CT,EE. UU.,6810.0
2161,Corporate,Bellflower,CA,EE. UU.,90706.0
5789,Consumer,Caguas,PR,Puerto Rico,725.0
1991,Consumer,Caguas,PR,Puerto Rico,725.0
2360,Home Office,San Antonio,TX,EE. UU.,78223.0
1209,Consumer,San Marcos,TX,EE. UU.,78666.0
11032,Corporate,Garden Grove,CA,EE. UU.,92840.0
3421,Corporate,Caguas,PR,Puerto Rico,725.0
11830,Corporate,Pico Rivera,CA,EE. UU.,90660.0
34,Corporate,Caguas,PR,Puerto Rico,725.0
1303,Corporate,Dallas,TX,EE. UU.,75231.0
7648,Consumer,Caguas,PR,Puerto Rico,725.0
736,Consumer,Longview,WA,EE. UU.,98632.0
8254,Consumer,Martinsburg,WV,EE. UU.,25401.0
7774,Home Office,Caguas,PR,Puerto Rico,725.0
8412,Home Office,Carson,CA,EE. UU.,90745.0
11837,Consumer,Norwalk,CA,EE. UU.,90650.0
186,Home Office,Caguas,PR,Puerto Rico,725.0
369,Corporate,Chicago,IL,EE. UU.,60624.0
5405,Consumer,Chicago,IL,EE. UU.,60619.0
12163,Consumer,Caguas,PR,Puerto Rico,725.0
4011,Corporate,Caguas,PR,Puerto Rico,725.0
5216,Corporate,Caguas,PR,Puerto Rico,725.0
7475,Corporate,Bridgeton,NJ,EE. UU.,8302.0
7291,Corporate,Detroit,MI,EE. UU.,48205.0
7590,Home Office,Los Angeles,CA,EE. UU.,90022.0
12373,Home Office,Chicago,IL,EE. UU.,60618.0
9792,Home Office,Caguas,PR,Puerto Rico,725.0
797,Consumer,Caguas,PR,Puerto Rico,725.0
11132,Home Office,Caguas,PR,Puerto Rico,725.0
9682,Corporate,Caguas,PR,Puerto Rico,725.0
4153,Consumer,Sugar Land,TX,EE. UU.,77478.0
7479,Corporate,Caguas,PR,Puerto Rico,725.0
2069,Corporate,Caguas,PR,Puerto Rico,725.0
5715,Corporate,Caguas,PR,Puerto Rico,725.0
11699,Consumer,Hampton,VA,EE. UU.,23666.0
7892,Consumer,Dallas,TX,EE. UU.,75228.0
8042,Corporate,Lakewood,NJ,EE. UU.,8701.0
11072,Home Office,Wheaton,IL,EE. UU.,60187.0
6800,Corporate,West Covina,CA,EE. UU.,91790.0
8124,Consumer,Glendale,AZ,EE. UU.,85301.0
9059,Home Office,Caguas,PR,Puerto Rico,725.0
8451,Corporate,Houston,TX,EE. UU.,77072.0
10960,Corporate,Van Nuys,CA,EE. UU.,91405.0
6662,Consumer,Troy,NY,EE. UU.,12180.0
8116,Consumer,Dallas,TX,EE. UU.,75231.0
9925,Consumer,Redmond,WA,EE. UU.,98052.0
7129,Corporate,Caguas,PR,Puerto Rico,725.0
6660,Home Office,Spring Valley,CA,EE. UU.,91977.0
8063,Consumer,Brooklyn,NY,EE. UU.,11208.0
3304,Consumer,Chicago,IL,EE. UU.,60630.0
2948,Consumer,Los Angeles,CA,EE. UU.,90037.0
1970,Corporate,Caguas,PR,Puerto Rico,725.0
11020,Consumer,Federal Way,WA,EE. UU.,98023.0
11311,Home Office,Chicago,IL,EE. UU.,60617.0
4106,Consumer,North Hills,CA,EE. UU.,91343.0
1588,Corporate,Caguas,PR,Puerto Rico,725.0
1976,Corporate,Caguas,PR,Puerto Rico,725.0
7352,Consumer,Anaheim,CA,EE. UU.,92802.0
2263,Consumer,Parkville,MD,EE. UU.,21234.0
7315,Home Office,Elgin,IL,EE. UU.,60123.0
11444,Corporate,San Diego,CA,EE. UU.,92109.0
12293,Consumer,Las Vegas,NV,EE. UU.,89117.0
6922,Consumer,Frankfort,KY,EE. UU.,40601.0
1602,Home Office,Santa Ana,CA,EE. UU.,92704.0
11415,Corporate,Oxnard,CA,EE. UU.,93030.0
6311,Home Office,Cordova,TN,EE. UU.,38018.0
7974,Consumer,Baltimore,MD,EE. UU.,21215.0
4388,Consumer,Holland,MI,EE. UU.,49423.0
3889,Consumer,Caguas,PR,Puerto Rico,725.0
5612,Corporate,Caguas,PR,Puerto Rico,725.0
4863,Corporate,Caguas,PR,Puerto Rico,725.0
11565,Consumer,Harlingen,TX,EE. UU.,78550.0
11880,Consumer,Honolulu,HI,EE. UU.,96817.0
5603,Corporate,Charlotte,NC,EE. UU.,28205.0
5763,Home Office,Clovis,CA,EE. UU.,93611.0
1603,Consumer,Laredo,TX,EE. UU.,78046.0
10436,Consumer,New York,NY,EE. UU.,10029.0
3756,Corporate,Caguas,PR,Puerto Rico,725.0
2575,Consumer,Pomona,CA,EE. UU.,91767.0
10269,Consumer,Caguas,PR,Puerto Rico,725.0
277,Corporate,Caguas,PR,Puerto Rico,725.0
3979,Corporate,Caguas,PR,Puerto Rico,725.0
11390,Corporate,Caguas,PR,Puerto Rico,725.0
2102,Corporate,Tustin,CA,EE. UU.,92780.0
3833,Consumer,Greeley,CO,EE. UU.,80631.0
1894,Home Office,Pico Rivera,CA,EE. UU.,90660.0
4809,Corporate,Caguas,PR,Puerto Rico,725.0
531,Corporate,Caguas,PR,Puerto Rico,725.0
12237,Consumer,Pompano Beach,FL,EE. UU.,33064.0
4847,Home Office,Caguas,PR,Puerto Rico,725.0
8536,Consumer,Bayonne,NJ,EE. UU.,7002.0
6586,Consumer,Caguas,PR,Puerto Rico,725.0
10620,Corporate,Caguas,PR,Puerto Rico,725.0
9295,Consumer,College Station,TX,EE. UU.,77840.0
7982,Corporate,Chicago,IL,EE. UU.,60641.0
4619,Consumer,Richmond,TX,EE. UU.,77469.0
2188,Corporate,Tulare,CA,EE. UU.,93274.0
6525,Consumer,San Diego,CA,EE. UU.,92102.0
9452,Home Office,New York,NY,EE. UU.,10040.0
6568,Consumer,Joliet,IL,EE. UU.,60435.0
8486,Consumer,Los Angeles,CA,EE. UU.,90033.0
8082,Consumer,Caguas,PR,Puerto Rico,725.0
10511,Corporate,Caguas,PR,Puerto Rico,725.0
3913,Consumer,Caguas,PR,Puerto Rico,725.0
11284,Consumer,Manati,PR,Puerto Rico,674.0
8384,Consumer,Opa Locka,FL,EE. UU.,33055.0
5154,Consumer,Englewood,CO,EE. UU.,80110.0
10897,Consumer,Ventura,CA,EE. UU.,93003.0
8048,Consumer,Caguas,PR,Puerto Rico,725.0
6878,Corporate,Caguas,PR,Puerto Rico,725.0
3377,Consumer,Columbia,SC,EE. UU.,29223.0
2969,Consumer,Cicero,IL,EE. UU.,60804.0
7751,Consumer,National City,CA,EE. UU.,91950.0
3926,Home Office,Fullerton,CA,EE. UU.,92833.0
8705,Consumer,Stockton,CA,EE. UU.,95207.0
8898,Home Office,Montebello,CA,EE. UU.,90640.0
10965,Home Office,Caguas,PR,Puerto Rico,725.0
4531,Consumer,Laredo,TX,EE. UU.,78046.0
986,Home Office,Caguas,PR,Puerto Rico,725.0
1496,Consumer,Bridgeton,NJ,EE. UU.,8302.0
12328,Consumer,Tempe,AZ,EE. UU.,85281.0
7491,Consumer,Caguas,PR,Puerto Rico,725.0
8939,Corporate,Staten Island,NY,EE. UU.,10312.0
8800,Consumer,Caguas,PR,Puerto Rico,725.0
543,Home Office,Greenville,NC,EE. UU.,27858.0
7420,Consumer,Caguas,PR,Puerto Rico,725.0
12307,Consumer,Caguas,PR,Puerto Rico,725.0
8125,Corporate,Caguas,PR,Puerto Rico,725.0
5331,Consumer,Bakersfield,CA,EE. UU.,93308.0
10220,Consumer,Caguas,PR,Puerto Rico,725.0
1355,Consumer,Caguas,PR,Puerto Rico,725.0
10333,Consumer,Caguas,PR,Puerto Rico,725.0
313,Consumer,Caguas,PR,Puerto Rico,725.0
2501,Consumer,Caguas,PR,Puerto Rico,725.0
9822,Consumer,Caguas,PR,Puerto Rico,725.0
8187,Home Office,Caguas,PR,Puerto Rico,725.0
5131,Home Office,Santee,CA,EE. UU.,92071.0
7245,Home Office,Caguas,PR,Puerto Rico,725.0
12092,Consumer,Caguas,PR,Puerto Rico,725.0
10778,Consumer,Lakewood,OH,EE. UU.,44107.0
2970,Consumer,Brownsville,TX,EE. UU.,78520.0
11570,Home Office,Detroit,MI,EE. UU.,48234.0
10044,Consumer,Caguas,PR,Puerto Rico,725.0
10074,Corporate,Caguas,PR,Puerto Rico,725.0
11673,Consumer,Saginaw,MI,EE. UU.,48601.0
7462,Consumer,Tucson,AZ,EE. UU.,85713.0
4372,Consumer,Caguas,PR,Puerto Rico,725.0
4479,Corporate,Caguas,PR,Puerto Rico,725.0
2740,Corporate,Caguas,PR,Puerto Rico,725.0
5173,Home Office,Corona,CA,EE. UU.,92879.0
988,Consumer,Pittsfield,MA,EE. UU.,1201.0
4203,Consumer,Portland,OR,EE. UU.,97229.0
4395,Consumer,Caguas,PR,Puerto Rico,725.0
6607,Home Office,Caguas,PR,Puerto Rico,725.0
2512,Consumer,Caguas,PR,Puerto Rico,725.0
10509,Consumer,Columbus,OH,EE. UU.,43230.0
5695,Corporate,Caguas,PR,Puerto Rico,725.0
7835,Consumer,Caguas,PR,Puerto Rico,725.0
2281,Home Office,Caguas,PR,Puerto Rico,725.0
11475,Home Office,Houston,TX,EE. UU.,77083.0
1837,Home Office,Caguas,PR,Puerto Rico,725.0
1614,Corporate,San Diego,CA,EE. UU.,92117.0
10109,Consumer,Caguas,PR,Puerto Rico,725.0
880,Consumer,Marietta,GA,EE. UU.,30062.0
1679,Consumer,Caguas,PR,Puerto Rico,725.0
9471,Consumer,Caguas,PR,Puerto Rico,725.0
6695,Corporate,Bronx,NY,EE. UU.,10456.0
12246,Consumer,Pompano Beach,FL,EE. UU.,33068.0
11569,Corporate,Caguas,PR,Puerto Rico,725.0
3547,Consumer,South San Francisco,CA,EE. UU.,94080.0
5493,Home Office,Jersey City,NJ,EE. UU.,7305.0
52,Corporate,Chicago,IL,EE. UU.,60622.0
9517,Consumer,Caguas,PR,Puerto Rico,725.0
6659,Corporate,Caguas,PR,Puerto Rico,725.0
2858,Corporate,Caguas,PR,Puerto Rico,725.0
4025,Corporate,Oceanside,CA,EE. UU.,92057.0
7262,Consumer,Webster,NY,EE. UU.,14580.0
3458,Corporate,Caguas,PR,Puerto Rico,725.0
7050,Consumer,Porterville,CA,EE. UU.,93257.0
2634,Corporate,Caguas,PR,Puerto Rico,725.0
11081,Corporate,Caguas,PR,Puerto Rico,725.0
10784,Corporate,Loveland,OH,EE. UU.,45140.0
7013,Consumer,Amarillo,TX,EE. UU.,79109.0
7670,Corporate,Houston,TX,EE. UU.,77055.0
5656,Consumer,Caguas,PR,Puerto Rico,725.0
6028,Corporate,Caguas,PR,Puerto Rico,725.0
4916,Consumer,Caguas,PR,Puerto Rico,725.0
1852,Consumer,Rome,NY,EE. UU.,13440.0
1103,Corporate,Mentor,OH,EE. UU.,44060.0
3314,Consumer,Caguas,PR,Puerto Rico,725.0
3867,Consumer,Caguas,PR,Puerto Rico,725.0
11313,Consumer,Caguas,PR,Puerto Rico,725.0
2250,Corporate,New York,NY,EE. UU.,10040.0
1969,Corporate,La Crosse,WI,EE. UU.,54601.0
944,Corporate,Wyoming,MI,EE. UU.,49509.0
10248,Consumer,Newburgh,NY,EE. UU.,12550.0
8390,Consumer,Pompano Beach,FL,EE. UU.,33068.0
3519,Consumer,San Antonio,TX,EE. UU.,78240.0
10954,Consumer,Las Vegas,NV,EE. UU.,89119.0
2131,Consumer,Annandale,VA,EE. UU.,22003.0
3804,Consumer,Hagerstown,MD,EE. UU.,21740.0
4276,Consumer,Riverside,CA,EE. UU.,92507.0
6045,Consumer,Bakersfield,CA,EE. UU.,93306.0
14504,Consumer,Atlanta,GA,EE. UU.,30331.0
13002,Consumer,Dayton,OH,EE. UU.,45424.0
13001,Consumer,San Francisco,CA,EE. UU.,94112.0
12998,Consumer,Tracy,CA,EE. UU.,95376.0
13339,Consumer,San Jose,CA,EE. UU.,95125.0
13374,Consumer,Madison,WI,EE. UU.,53704.0
14192,Consumer,Dallas,TX,EE. UU.,75227.0
13384,Consumer,Lawrence,MA,EE. UU.,1841.0
229,Consumer,Jacksonville,FL,EE. UU.,32225.0
10830,Consumer,Rosemead,CA,EE. UU.,91770.0
10720,Consumer,Bakersfield,CA,EE. UU.,93304.0
8393,Consumer,Richmond,VA,EE. UU.,23223.0
14041,Consumer,Chandler,AZ,EE. UU.,85224.0
6664,Consumer,Portland,OR,EE. UU.,97229.0
5640,Consumer,Cumberland,MD,EE. UU.,21502.0
13733,Consumer,San Diego,CA,EE. UU.,92105.0
7441,Consumer,Joliet,IL,EE. UU.,60435.0
4588,Consumer,Tampa,FL,EE. UU.,33624.0
11621,Consumer,Los Angeles,CA,EE. UU.,90066.0
3454,Consumer,Brooklyn,NY,EE. UU.,11203.0
13601,Consumer,Houston,TX,EE. UU.,77084.0
2015,Consumer,San Antonio,TX,EE. UU.,78228.0
11645,Consumer,Summerville,SC,EE. UU.,29483.0
8247,Consumer,Philadelphia,PA,EE. UU.,19134.0
2120,Consumer,Brooklyn,NY,EE. UU.,11214.0
10987,Consumer,Escondido,CA,EE. UU.,92025.0
3297,Consumer,Moreno Valley,CA,EE. UU.,92553.0
3580,Consumer,Palatine,IL,EE. UU.,60067.0
13576,Consumer,Highland,CA,EE. UU.,92346.0
3923,Consumer,Albuquerque,NM,EE. UU.,87111.0
7376,Consumer,Lombard,IL,EE. UU.,60148.0
7551,Consumer,El Paso,TX,EE. UU.,79907.0
13935,Consumer,Fort Lauderdale,FL,EE. UU.,33313.0
3403,Consumer,Philadelphia,PA,EE. UU.,19134.0
7204,Consumer,Fresno,CA,EE. UU.,93722.0
10722,Consumer,Lake Forest,CA,EE. UU.,92630.0
4997,Consumer,Valrico,FL,EE. UU.,33594.0
1768,Consumer,Las Vegas,NV,EE. UU.,89119.0
5445,Consumer,Hilliard,OH,EE. UU.,43026.0
9193,Consumer,Carlsbad,CA,EE. UU.,92009.0
10092,Consumer,Philadelphia,PA,EE. UU.,19134.0
1034,Consumer,Merced,CA,EE. UU.,95340.0
6834,Consumer,Fresno,CA,EE. UU.,93727.0
440,Consumer,Brooklyn,NY,EE. UU.,11203.0
4559,Consumer,Tucson,AZ,EE. UU.,85710.0
3238,Consumer,Brooklyn,NY,EE. UU.,11226.0
11583,Consumer,Blacksburg,VA,EE. UU.,24060.0
2255,Consumer,Philadelphia,PA,EE. UU.,19124.0
4995,Consumer,Lawrenceville,GA,EE. UU.,30044.0
10145,Consumer,Chicago,IL,EE. UU.,60644.0
12648,Consumer,South Ozone Park,NY,EE. UU.,11420.0
12697,Consumer,Cerritos,CA,EE. UU.,90703.0
14986,Consumer,Elgin,IL,EE. UU.,60123.0
15019,Consumer,Mchenry,IL,EE. UU.,60050.0
9403,Consumer,Fountain Valley,CA,EE. UU.,92708.0
1176,Consumer,Chula Vista,CA,EE. UU.,91910.0
12419,Consumer,Greensburg,PA,EE. UU.,15601.0
5503,Consumer,Escondido,CA,EE. UU.,92025.0
11559,Consumer,Long Beach,CA,EE. UU.,90804.0
2779,Consumer,Mentor,OH,EE. UU.,44060.0
11358,Consumer,Salt Lake City,UT,EE. UU.,84118.0
11239,Consumer,New Albany,IN,EE. UU.,47150.0
7805,Consumer,Hickory,NC,EE. UU.,28601.0
12417,Consumer,Massapequa,NY,EE. UU.,11758.0
3911,Consumer,El Paso,TX,EE. UU.,79936.0
3840,Consumer,Salinas,CA,EE. UU.,93906.0
8437,Consumer,Atlanta,GA,EE. UU.,30331.0
1771,Consumer,Bridgeton,NJ,EE. UU.,8302.0
5116,Consumer,Brockton,MA,EE. UU.,2301.0
5369,Consumer,North Richland Hills,TX,EE. UU.,76180.0
4137,Consumer,Tucson,AZ,EE. UU.,85706.0
8298,Consumer,Scottsdale,AZ,EE. UU.,85254.0
8427,Consumer,Chicago,IL,EE. UU.,60657.0
7828,Consumer,Oak Lawn,IL,EE. UU.,60453.0
3239,Consumer,Olathe,KS,EE. UU.,66062.0
6362,Consumer,Plano,TX,EE. UU.,75093.0
500,Consumer,Michigan City,IN,EE. UU.,46360.0
7090,Consumer,Van Nuys,CA,EE. UU.,91406.0
7700,Consumer,Decatur,GA,EE. UU.,30034.0
9705,Consumer,Washington,DC,EE. UU.,20002.0
2177,Consumer,Norwalk,CA,EE. UU.,90650.0
4763,Consumer,Martinsburg,WV,EE. UU.,25401.0
231,Consumer,Wyoming,MI,EE. UU.,49509.0
7501,Consumer,Las Vegas,NV,EE. UU.,89123.0
5665,Consumer,Virginia Beach,VA,EE. UU.,23455.0
6796,Consumer,Lenoir,NC,EE. UU.,28645.0
8708,Consumer,Dallas,TX,EE. UU.,75228.0
9458,Consumer,Bronx,NY,EE. UU.,10453.0
7173,Consumer,Salem,OR,EE. UU.,97303.0
4706,Consumer,Ballwin,MO,EE. UU.,63021.0
10229,Consumer,Detroit,MI,EE. UU.,48219.0
112,Consumer,Middletown,OH,EE. UU.,45044.0
7642,Consumer,San Jose,CA,EE. UU.,95124.0
523,Consumer,Mission Viejo,CA,EE. UU.,92692.0
1099,Consumer,Washington,DC,EE. UU.,20009.0
294,Consumer,Newark,DE,EE. UU.,19711.0
6030,Consumer,Brooklyn,NY,EE. UU.,11230.0
18167,Consumer,Oxnard,CA,EE. UU.,93033.0
17889,Consumer,Carrollton,TX,EE. UU.,75006.0
16625,Consumer,Los Angeles,CA,EE. UU.,90044.0
19084,Consumer,Austin,TX,EE. UU.,78753.0
19165,Consumer,Augusta,GA,EE. UU.,30907.0
16540,Consumer,Pekin,IL,EE. UU.,61554.0
15827,Consumer,Carson,CA,EE. UU.,90745.0
3704,Consumer,Chandler,AZ,EE. UU.,85224.0
5916,Consumer,Hayward,CA,EE. UU.,94541.0
2589,Consumer,Wayne,NJ,EE. UU.,7470.0
7027,Consumer,Joliet,IL,EE. UU.,60435.0
3379,Consumer,Union City,NJ,EE. UU.,7087.0
3539,Consumer,Washington,DC,EE. UU.,20011.0
17717,Consumer,Brooklyn,NY,EE. UU.,11226.0
20495,Consumer,Tucson,AZ,EE. UU.,85706.0
18512,Consumer,Richmond,VA,EE. UU.,23223.0
2774,Consumer,Lockport,IL,EE. UU.,60441.0
9314,Consumer,Chula Vista,CA,EE. UU.,91911.0
9159,Consumer,Los Angeles,CA,EE. UU.,90018.0
3344,Consumer,Virginia Beach,VA,EE. UU.,23455.0
17316,Consumer,Baltimore,MD,EE. UU.,21218.0
9571,Consumer,Hyattsville,MD,EE. UU.,20783.0
17439,Consumer,Chicago,IL,EE. UU.,60615.0
12197,Consumer,Pawtucket,RI,EE. UU.,2860.0
15917,Consumer,Wyoming,MI,EE. UU.,49509.0
10918,Consumer,Mechanicsburg,PA,EE. UU.,17055.0
18411,Consumer,Portland,OR,EE. UU.,97206.0
4650,Consumer,Hanover,PA,EE. UU.,17331.0
8215,Consumer,Eagle Pass,TX,EE. UU.,78852.0
671,Consumer,Tucson,AZ,EE. UU.,85706.0
11519,Consumer,Howell,MI,EE. UU.,48843.0
15353,Consumer,San Jose,CA,EE. UU.,95125.0
15582,Consumer,Opa Locka,FL,EE. UU.,33055.0
4234,Consumer,Lilburn,GA,EE. UU.,30047.0
7436,Consumer,Fairfield,CA,EE. UU.,94533.0
674,Consumer,Morrisville,PA,EE. UU.,19067.0
683,Consumer,Harlingen,TX,EE. UU.,78550.0
7954,Consumer,York,PA,EE. UU.,17404.0
4256,Consumer,Bronx,NY,EE. UU.,10466.0
4832,Consumer,Vallejo,CA,EE. UU.,94591.0
4514,Consumer,West Covina,CA,EE. UU.,91790.0
6364,Consumer,San Bernardino,CA,EE. UU.,92410.0
12187,Consumer,Fayetteville,NC,EE. UU.,28314.0
8273,Consumer,New Orleans,LA,EE. UU.,70122.0
17572,Consumer,Memphis,TN,EE. UU.,38109.0
19955,Consumer,Las Vegas,NV,EE. UU.,89117.0
17155,Consumer,Bend,OR,EE. UU.,97701.0
18982,Consumer,Tucson,AZ,EE. UU.,85706.0
17077,Consumer,Tracy,CA,EE. UU.,95376.0
19030,Consumer,Memphis,TN,EE. UU.,38109.0
20360,Consumer,San Benito,TX,EE. UU.,78586.0
17181,Consumer,Decatur,GA,EE. UU.,30034.0
5993,Consumer,Carson,CA,EE. UU.,90745.0
1255,Consumer,New York,NY,EE. UU.,10032.0
10763,Consumer,Miami,FL,EE. UU.,33177.0
515,Consumer,Stockbridge,GA,EE. UU.,30281.0
1517,Consumer,Philadelphia,PA,EE. UU.,19111.0
11767,Consumer,West Haven,CT,EE. UU.,6516.0
2596,Consumer,Yuma,AZ,EE. UU.,85364.0
6098,Consumer,Westland,MI,EE. UU.,48185.0
3717,Consumer,Lakewood,OH,EE. UU.,44107.0
1368,Consumer,Miami,FL,EE. UU.,33175.0
7692,Consumer,Orlando,FL,EE. UU.,32822.0
4892,Consumer,Canton,MI,EE. UU.,48187.0
4394,Consumer,Provo,UT,EE. UU.,84604.0
7549,Consumer,Phoenix,AZ,EE. UU.,85022.0
438,Consumer,Carlsbad,CA,EE. UU.,92009.0
7812,Consumer,Hickory,NC,EE. UU.,28601.0
10765,Consumer,Milford,CT,EE. UU.,6460.0
145,Consumer,Dayton,OH,EE. UU.,45424.0
1352,Consumer,Lawrence,MA,EE. UU.,1841.0
10179,Consumer,Jersey City,NJ,EE. UU.,7307.0
481,Consumer,Los Angeles,CA,EE. UU.,90024.0
9580,Consumer,Las Vegas,NV,EE. UU.,89123.0
9336,Consumer,Spring Valley,CA,EE. UU.,91977.0
9740,Consumer,San Jose,CA,EE. UU.,95111.0
10432,Consumer,Bristol,CT,EE. UU.,6010.0
11186,Consumer,Winnetka,CA,EE. UU.,91306.0
7673,Consumer,Chicago,IL,EE. UU.,60643.0
11024,Consumer,San Diego,CA,EE. UU.,92117.0
12321,Consumer,Pasadena,MD,EE. UU.,21122.0
1573,Consumer,Phoenix,AZ,EE. UU.,85009.0
2303,Consumer,Chicago,IL,EE. UU.,60615.0
7246,Consumer,Raleigh,NC,EE. UU.,27610.0
9165,Consumer,San Diego,CA,EE. UU.,92154.0
6249,Consumer,Middletown,CT,EE. UU.,6457.0
7777,Consumer,Rowland Heights,CA,EE. UU.,91748.0
666,Consumer,Orange Park,FL,EE. UU.,32073.0
2081,Consumer,Rio Rancho,NM,EE. UU.,87124.0
18393,Home Office,Caguas,PR,Puerto Rico,725.0
9436,Home Office,Caguas,PR,Puerto Rico,725.0
17944,Home Office,Caguas,PR,Puerto Rico,725.0
20519,Home Office,Caguas,PR,Puerto Rico,725.0
6350,Home Office,Caguas,PR,Puerto Rico,725.0
4989,Home Office,Caguas,PR,Puerto Rico,725.0
4766,Home Office,Caguas,PR,Puerto Rico,725.0
5654,Home Office,Caguas,PR,Puerto Rico,725.0
4028,Home Office,Caguas,PR,Puerto Rico,725.0
15368,Home Office,Caguas,PR,Puerto Rico,725.0
15436,Home Office,Caguas,PR,Puerto Rico,725.0
662,Home Office,Caguas,PR,Puerto Rico,725.0
2261,Home Office,Aguadilla,PR,Puerto Rico,603.0
4488,Home Office,Caguas,PR,Puerto Rico,725.0
738,Home Office,Caguas,PR,Puerto Rico,725.0
9544,Home Office,Caguas,PR,Puerto Rico,725.0
2801,Home Office,Caguas,PR,Puerto Rico,725.0
10986,Home Office,Caguas,PR,Puerto Rico,725.0
10733,Home Office,Caguas,PR,Puerto Rico,725.0
268,Home Office,Caguas,PR,Puerto Rico,725.0
5762,Home Office,Trujillo Alto,PR,Puerto Rico,976.0
8179,Home Office,Caguas,PR,Puerto Rico,725.0
10655,Home Office,Caguas,PR,Puerto Rico,725.0
5063,Home Office,Caguas,PR,Puerto Rico,725.0
9079,Home Office,Caguas,PR,Puerto Rico,725.0
8137,Home Office,Caguas,PR,Puerto Rico,725.0
601,Home Office,Caguas,PR,Puerto Rico,725.0
17610,Home Office,Caguas,PR,Puerto Rico,725.0
17616,Home Office,Caguas,PR,Puerto Rico,725.0
17614,Home Office,Caguas,PR,Puerto Rico,725.0
20207,Home Office,Caguas,PR,Puerto Rico,725.0
18966,Home Office,Caguas,PR,Puerto Rico,725.0
16134,Home Office,Caguas,PR,Puerto Rico,725.0
16097,Home Office,Caguas,PR,Puerto Rico,725.0
15249,Home Office,Caguas,PR,Puerto Rico,725.0
17836,Home Office,Caguas,PR,Puerto Rico,725.0
16203,Home Office,Caguas,PR,Puerto Rico,725.0
19033,Home Office,Caguas,PR,Puerto Rico,725.0
18623,Home Office,Caguas,PR,Puerto Rico,725.0
19855,Home Office,Caguas,PR,Puerto Rico,725.0
15221,Home Office,Caguas,PR,Puerto Rico,725.0
16141,Home Office,Caguas,PR,Puerto Rico,725.0
20088,Home Office,Caguas,PR,Puerto Rico,725.0
18919,Home Office,Caguas,PR,Puerto Rico,725.0
16285,Home Office,Caguas,PR,Puerto Rico,725.0
20212,Home Office,Caguas,PR,Puerto Rico,725.0
19977,Home Office,Caguas,PR,Puerto Rico,725.0
16354,Home Office,Caguas,PR,Puerto Rico,725.0
18598,Home Office,Caguas,PR,Puerto Rico,725.0
16281,Home Office,Caguas,PR,Puerto Rico,725.0
19922,Home Office,Caguas,PR,Puerto Rico,725.0
17194,Home Office,Caguas,PR,Puerto Rico,725.0
4431,Home Office,Caguas,PR,Puerto Rico,725.0
5578,Home Office,Caguas,PR,Puerto Rico,725.0
4374,Home Office,Caguas,PR,Puerto Rico,725.0
780,Home Office,Caguas,PR,Puerto Rico,725.0
9418,Home Office,Caguas,PR,Puerto Rico,725.0
10809,Home Office,Caguas,PR,Puerto Rico,725.0
10147,Home Office,Caguas,PR,Puerto Rico,725.0
6533,Home Office,Caguas,PR,Puerto Rico,725.0
1051,Home Office,Caguas,PR,Puerto Rico,725.0
8112,Home Office,Caguas,PR,Puerto Rico,725.0
4983,Home Office,Caguas,PR,Puerto Rico,725.0
8514,Home Office,Caguas,PR,Puerto Rico,725.0
8605,Home Office,Caguas,PR,Puerto Rico,725.0
1247,Home Office,Caguas,PR,Puerto Rico,725.0
5795,Home Office,Caguas,PR,Puerto Rico,725.0
8015,Home Office,Caguas,PR,Puerto Rico,725.0
1883,Home Office,Caguas,PR,Puerto Rico,725.0
4905,Home Office,Caguas,PR,Puerto Rico,725.0
452,Home Office,Caguas,PR,Puerto Rico,725.0
2903,Home Office,Caguas,PR,Puerto Rico,725.0
6055,Home Office,Caguas,PR,Puerto Rico,725.0
5308,Home Office,Caguas,PR,Puerto Rico,725.0
4576,Home Office,Caguas,PR,Puerto Rico,725.0
66,Home Office,Caguas,PR,Puerto Rico,725.0
9055,Home Office,Caguas,PR,Puerto Rico,725.0
6390,Home Office,Caguas,PR,Puerto Rico,725.0
3358,Home Office,Caguas,PR,Puerto Rico,725.0
2260,Home Office,Caguas,PR,Puerto Rico,725.0
3305,Home Office,Caguas,PR,Puerto Rico,725.0
2310,Home Office,Bayamon,PR,Puerto Rico,957.0
9410,Home Office,Caguas,PR,Puerto Rico,725.0
10868,Home Office,Caguas,PR,Puerto Rico,725.0
9599,Home Office,Caguas,PR,Puerto Rico,725.0
3194,Home Office,Caguas,PR,Puerto Rico,725.0
3140,Home Office,Caguas,PR,Puerto Rico,725.0
2164,Home Office,Caguas,PR,Puerto Rico,725.0
7265,Home Office,Caguas,PR,Puerto Rico,725.0
1938,Home Office,Caguas,PR,Puerto Rico,725.0
1934,Home Office,Caguas,PR,Puerto Rico,725.0
3412,Home Office,Caguas,PR,Puerto Rico,725.0
1604,Home Office,Caguas,PR,Puerto Rico,725.0
6205,Home Office,Caguas,PR,Puerto Rico,725.0
1724,Home Office,Caguas,PR,Puerto Rico,725.0
1058,Home Office,Caguas,PR,Puerto Rico,725.0
9670,Home Office,Caguas,PR,Puerto Rico,725.0
5766,Home Office,Caguas,PR,Puerto Rico,725.0
10507,Home Office,Caguas,PR,Puerto Rico,725.0
11676,Home Office,Caguas,PR,Puerto Rico,725.0
1470,Home Office,Caguas,PR,Puerto Rico,725.0
11745,Home Office,Caguas,PR,Puerto Rico,725.0
11261,Home Office,Caguas,PR,Puerto Rico,725.0
8782,Home Office,Caguas,PR,Puerto Rico,725.0
3437,Home Office,Caguas,PR,Puerto Rico,725.0
5085,Home Office,Caguas,PR,Puerto Rico,725.0
9038,Home Office,Caguas,PR,Puerto Rico,725.0
2111,Home Office,Caguas,PR,Puerto Rico,725.0
11276,Home Office,Caguas,PR,Puerto Rico,725.0
12079,Home Office,Caguas,PR,Puerto Rico,725.0
9393,Home Office,Caguas,PR,Puerto Rico,725.0
4227,Home Office,Caguas,PR,Puerto Rico,725.0
7361,Home Office,Carolina,PR,Puerto Rico,983.0
7716,Home Office,Caguas,PR,Puerto Rico,725.0
7398,Home Office,Caguas,PR,Puerto Rico,725.0
2287,Home Office,Caguas,PR,Puerto Rico,725.0
4141,Home Office,Caguas,PR,Puerto Rico,725.0
6762,Home Office,Caguas,PR,Puerto Rico,725.0
4523,Home Office,Caguas,PR,Puerto Rico,725.0
12434,Home Office,Caguas,PR,Puerto Rico,725.0
3652,Home Office,Caguas,PR,Puerto Rico,725.0
10962,Home Office,Caguas,PR,Puerto Rico,725.0
2437,Home Office,Caguas,PR,Puerto Rico,725.0
11962,Home Office,Caguas,PR,Puerto Rico,725.0
3382,Home Office,Caguas,PR,Puerto Rico,725.0
1477,Home Office,Caguas,PR,Puerto Rico,725.0
644,Home Office,Caguas,PR,Puerto Rico,725.0
12059,Home Office,Caguas,PR,Puerto Rico,725.0
11121,Home Office,Caguas,PR,Puerto Rico,725.0
3894,Home Office,Caguas,PR,Puerto Rico,725.0
9444,Home Office,Caguas,PR,Puerto Rico,725.0
5,Home Office,Caguas,PR,Puerto Rico,725.0
1677,Home Office,Caguas,PR,Puerto Rico,725.0
6224,Home Office,Caguas,PR,Puerto Rico,725.0
1432,Home Office,Caguas,PR,Puerto Rico,725.0
6169,Home Office,Caguas,PR,Puerto Rico,725.0
9607,Home Office,Caguas,PR,Puerto Rico,725.0
8629,Home Office,Caguas,PR,Puerto Rico,725.0
6949,Home Office,Caguas,PR,Puerto Rico,725.0
9720,Home Office,Caguas,PR,Puerto Rico,725.0
11796,Home Office,Caguas,PR,Puerto Rico,725.0
11678,Home Office,Caguas,PR,Puerto Rico,725.0
3944,Home Office,Caguas,PR,Puerto Rico,725.0
5848,Home Office,Caguas,PR,Puerto Rico,725.0
8967,Home Office,Caguas,PR,Puerto Rico,725.0
4223,Home Office,Caguas,PR,Puerto Rico,725.0
3291,Home Office,Caguas,PR,Puerto Rico,725.0
8315,Home Office,Caguas,PR,Puerto Rico,725.0
2227,Home Office,Caguas,PR,Puerto Rico,725.0
10202,Home Office,Caguas,PR,Puerto Rico,725.0
931,Home Office,Caguas,PR,Puerto Rico,725.0
11005,Home Office,Caguas,PR,Puerto Rico,725.0
10595,Home Office,Caguas,PR,Puerto Rico,725.0
8288,Consumer,Caguas,PR,Puerto Rico,725.0
10375,Consumer,Caguas,PR,Puerto Rico,725.0
12301,Consumer,Caguas,PR,Puerto Rico,725.0
10888,Consumer,Caguas,PR,Puerto Rico,725.0
113,Consumer,Caguas,PR,Puerto Rico,725.0
11124,Consumer,Humacao,PR,Puerto Rico,791.0
326,Consumer,Caguas,PR,Puerto Rico,725.0
12090,Consumer,Caguas,PR,Puerto Rico,725.0
1774,Consumer,Caguas,PR,Puerto Rico,725.0
10413,Consumer,Caguas,PR,Puerto Rico,725.0
19811,Consumer,Caguas,PR,Puerto Rico,725.0
20116,Consumer,Caguas,PR,Puerto Rico,725.0
18626,Consumer,Caguas,PR,Puerto Rico,725.0
19915,Consumer,Caguas,PR,Puerto Rico,725.0
15227,Consumer,Caguas,PR,Puerto Rico,725.0
18588,Consumer,Caguas,PR,Puerto Rico,725.0
17239,Consumer,Caguas,PR,Puerto Rico,725.0
20219,Consumer,Caguas,PR,Puerto Rico,725.0
20055,Consumer,Caguas,PR,Puerto Rico,725.0
17237,Consumer,Caguas,PR,Puerto Rico,725.0
20072,Consumer,Caguas,PR,Puerto Rico,725.0
18937,Consumer,Caguas,PR,Puerto Rico,725.0
19799,Consumer,Caguas,PR,Puerto Rico,725.0
20375,Consumer,Caguas,PR,Puerto Rico,725.0
17787,Consumer,Caguas,PR,Puerto Rico,725.0
16119,Consumer,Caguas,PR,Puerto Rico,725.0
19831,Consumer,Bayamon,PR,Puerto Rico,957.0
19939,Consumer,Caguas,PR,Puerto Rico,725.0
17803,Consumer,Caguas,PR,Puerto Rico,725.0
17156,Consumer,Caguas,PR,Puerto Rico,725.0
10119,Consumer,Caguas,PR,Puerto Rico,725.0
17309,Consumer,Caguas,PR,Puerto Rico,725.0
17504,Consumer,Caguas,PR,Puerto Rico,725.0
3705,Consumer,Caguas,PR,Puerto Rico,725.0
56,Consumer,Caguas,PR,Puerto Rico,725.0
20477,Consumer,Caguas,PR,Puerto Rico,725.0
475,Consumer,Caguas,PR,Puerto Rico,725.0
16047,Consumer,Caguas,PR,Puerto Rico,725.0
10264,Consumer,Caguas,PR,Puerto Rico,725.0
754,Consumer,Caguas,PR,Puerto Rico,725.0
10761,Consumer,Caguas,PR,Puerto Rico,725.0
17366,Consumer,Caguas,PR,Puerto Rico,725.0
17311,Consumer,Caguas,PR,Puerto Rico,725.0
15347,Consumer,Caguas,PR,Puerto Rico,725.0
12191,Consumer,Caguas,PR,Puerto Rico,725.0
20349,Consumer,Caguas,PR,Puerto Rico,725.0
7290,Consumer,Caguas,PR,Puerto Rico,725.0
2718,Consumer,Caguas,PR,Puerto Rico,725.0
8193,Consumer,Caguas,PR,Puerto Rico,725.0
7711,Consumer,Caguas,PR,Puerto Rico,725.0
2461,Consumer,Caguas,PR,Puerto Rico,725.0
6529,Consumer,Caguas,PR,Puerto Rico,725.0
804,Consumer,Caguas,PR,Puerto Rico,725.0
6733,Consumer,Caguas,PR,Puerto Rico,725.0
7074,Consumer,Caguas,PR,Puerto Rico,725.0
8053,Consumer,Caguas,PR,Puerto Rico,725.0
1113,Consumer,Caguas,PR,Puerto Rico,725.0
2357,Consumer,Caguas,PR,Puerto Rico,725.0
10880,Consumer,Caguas,PR,Puerto Rico,725.0
8447,Consumer,Caguas,PR,Puerto Rico,725.0
8901,Consumer,Guayama,PR,Puerto Rico,784.0
10700,Consumer,Caguas,PR,Puerto Rico,725.0
10898,Consumer,Caguas,PR,Puerto Rico,725.0
5994,Consumer,Caguas,PR,Puerto Rico,725.0
6847,Consumer,Caguas,PR,Puerto Rico,725.0
7182,Consumer,Caguas,PR,Puerto Rico,725.0
11504,Consumer,Caguas,PR,Puerto Rico,725.0
1613,Consumer,Caguas,PR,Puerto Rico,725.0
11074,Consumer,Caguas,PR,Puerto Rico,725.0
3476,Consumer,Caguas,PR,Puerto Rico,725.0
6294,Consumer,Caguas,PR,Puerto Rico,725.0
3879,Consumer,Caguas,PR,Puerto Rico,725.0
10027,Consumer,Caguas,PR,Puerto Rico,725.0
9593,Consumer,Caguas,PR,Puerto Rico,725.0
4597,Consumer,Caguas,PR,Puerto Rico,725.0
6702,Consumer,Caguas,PR,Puerto Rico,725.0
1282,Consumer,Caguas,PR,Puerto Rico,725.0
1732,Consumer,Caguas,PR,Puerto Rico,725.0
978,Consumer,Caguas,PR,Puerto Rico,725.0
11230,Consumer,Caguas,PR,Puerto Rico,725.0
4322,Consumer,Caguas,PR,Puerto Rico,725.0
2374,Consumer,Caguas,PR,Puerto Rico,725.0
8211,Consumer,Caguas,PR,Puerto Rico,725.0
4589,Consumer,Caguas,PR,Puerto Rico,725.0
3378,Consumer,Caguas,PR,Puerto Rico,725.0
3799,Consumer,Caguas,PR,Puerto Rico,725.0
3722,Consumer,Caguas,PR,Puerto Rico,725.0
6590,Consumer,Caguas,PR,Puerto Rico,725.0
12413,Consumer,Caguas,PR,Puerto Rico,725.0
9560,Consumer,Caguas,PR,Puerto Rico,725.0
11982,Consumer,Caguas,PR,Puerto Rico,725.0
758,Consumer,Caguas,PR,Puerto Rico,725.0
9860,Consumer,Caguas,PR,Puerto Rico,725.0
5761,Consumer,Caguas,PR,Puerto Rico,725.0
3200,Consumer,Caguas,PR,Puerto Rico,725.0
3145,Consumer,Caguas,PR,Puerto Rico,725.0
6774,Consumer,Caguas,PR,Puerto Rico,725.0
8555,Consumer,Caguas,PR,Puerto Rico,725.0
2005,Consumer,Caguas,PR,Puerto Rico,725.0
5277,Consumer,Caguas,PR,Puerto Rico,725.0
10191,Consumer,Caguas,PR,Puerto Rico,725.0
8733,Consumer,Caguas,PR,Puerto Rico,725.0
10343,Consumer,Caguas,PR,Puerto Rico,725.0
3901,Consumer,Caguas,PR,Puerto Rico,725.0
5236,Consumer,Caguas,PR,Puerto Rico,725.0
2838,Consumer,Caguas,PR,Puerto Rico,725.0
11116,Consumer,Caguas,PR,Puerto Rico,725.0
9905,Consumer,Caguas,PR,Puerto Rico,725.0
3891,Consumer,Caguas,PR,Puerto Rico,725.0
6539,Consumer,Caguas,PR,Puerto Rico,725.0
6547,Consumer,Caguas,PR,Puerto Rico,725.0
8929,Consumer,Caguas,PR,Puerto Rico,725.0
2060,Consumer,Caguas,PR,Puerto Rico,725.0
1619,Consumer,Caguas,PR,Puerto Rico,725.0
2277,Consumer,Caguas,PR,Puerto Rico,725.0
1175,Consumer,Caguas,PR,Puerto Rico,725.0
11319,Consumer,Arecibo,PR,Puerto Rico,612.0
10866,Consumer,Caguas,PR,Puerto Rico,725.0
2625,Consumer,Caguas,PR,Puerto Rico,725.0
10321,Consumer,Caguas,PR,Puerto Rico,725.0
9073,Consumer,Bayamon,PR,Puerto Rico,957.0
6334,Consumer,Caguas,PR,Puerto Rico,725.0
9815,Consumer,Caguas,PR,Puerto Rico,725.0
5441,Consumer,Caguas,PR,Puerto Rico,725.0
12273,Consumer,Caguas,PR,Puerto Rico,725.0
4016,Consumer,Caguas,PR,Puerto Rico,725.0
1488,Consumer,Caguas,PR,Puerto Rico,725.0
4076,Consumer,Trujillo Alto,PR,Puerto Rico,976.0
10015,Consumer,Caguas,PR,Puerto Rico,725.0
4132,Consumer,Caguas,PR,Puerto Rico,725.0
8191,Consumer,Caguas,PR,Puerto Rico,725.0
2469,Consumer,Caguas,PR,Puerto Rico,725.0
11826,Consumer,Caguas,PR,Puerto Rico,725.0
949,Consumer,Caguas,PR,Puerto Rico,725.0
10757,Consumer,Caguas,PR,Puerto Rico,725.0
3920,Consumer,Caguas,PR,Puerto Rico,725.0
4567,Consumer,Caguas,PR,Puerto Rico,725.0
1807,Consumer,Caguas,PR,Puerto Rico,725.0
1907,Consumer,Caguas,PR,Puerto Rico,725.0
4042,Consumer,Caguas,PR,Puerto Rico,725.0
7811,Consumer,Caguas,PR,Puerto Rico,725.0
7538,Consumer,Caguas,PR,Puerto Rico,725.0
7522,Consumer,Caguas,PR,Puerto Rico,725.0
1751,Consumer,Caguas,PR,Puerto Rico,725.0
7878,Consumer,Caguas,PR,Puerto Rico,725.0
9118,Consumer,Caguas,PR,Puerto Rico,725.0
1373,Consumer,Caguas,PR,Puerto Rico,725.0
3439,Consumer,Caguas,PR,Puerto Rico,725.0
6699,Consumer,Caguas,PR,Puerto Rico,725.0
2457,Consumer,Caguas,PR,Puerto Rico,725.0
2771,Consumer,Caguas,PR,Puerto Rico,725.0
4569,Consumer,Caguas,PR,Puerto Rico,725.0
2572,Consumer,Caguas,PR,Puerto Rico,725.0
3987,Consumer,Caguas,PR,Puerto Rico,725.0
1757,Consumer,Caguas,PR,Puerto Rico,725.0
9986,Consumer,Caguas,PR,Puerto Rico,725.0
5777,Consumer,Caguas,PR,Puerto Rico,725.0
429,Consumer,Caguas,PR,Puerto Rico,725.0
9848,Consumer,Caguas,PR,Puerto Rico,725.0
9590,Consumer,Caguas,PR,Puerto Rico,725.0
3478,Consumer,Caguas,PR,Puerto Rico,725.0
7227,Consumer,Caguas,PR,Puerto Rico,725.0
1216,Consumer,Caguas,PR,Puerto Rico,725.0
2406,Consumer,Caguas,PR,Puerto Rico,725.0
98,Consumer,Caguas,PR,Puerto Rico,725.0
8272,Consumer,Caguas,PR,Puerto Rico,725.0
7056,Consumer,Caguas,PR,Puerto Rico,725.0
3095,Consumer,Caguas,PR,Puerto Rico,725.0
9535,Consumer,Caguas,PR,Puerto Rico,725.0
5893,Consumer,Caguas,PR,Puerto Rico,725.0
10691,Consumer,Caguas,PR,Puerto Rico,725.0
4579,Consumer,Caguas,PR,Puerto Rico,725.0
2016,Consumer,Caguas,PR,Puerto Rico,725.0
6208,Consumer,Caguas,PR,Puerto Rico,725.0
4662,Consumer,Caguas,PR,Puerto Rico,725.0
9087,Consumer,Caguas,PR,Puerto Rico,725.0
10538,Consumer,Caguas,PR,Puerto Rico,725.0
419,Consumer,Caguas,PR,Puerto Rico,725.0
1502,Consumer,Caguas,PR,Puerto Rico,725.0
5238,Consumer,Caguas,PR,Puerto Rico,725.0
6484,Consumer,Caguas,PR,Puerto Rico,725.0
4511,Consumer,Caguas,PR,Puerto Rico,725.0
1315,Consumer,Caguas,PR,Puerto Rico,725.0
4436,Consumer,Caguas,PR,Puerto Rico,725.0
2723,Consumer,Caguas,PR,Puerto Rico,725.0
2932,Consumer,Caguas,PR,Puerto Rico,725.0
3102,Consumer,Caguas,PR,Puerto Rico,725.0
3599,Consumer,Caguas,PR,Puerto Rico,725.0
4095,Consumer,Caguas,PR,Puerto Rico,725.0
9041,Consumer,Caguas,PR,Puerto Rico,725.0
4059,Consumer,Caguas,PR,Puerto Rico,725.0
119,Consumer,Caguas,PR,Puerto Rico,725.0
2660,Consumer,Caguas,PR,Puerto Rico,725.0
12112,Consumer,Caguas,PR,Puerto Rico,725.0
8902,Consumer,Caguas,PR,Puerto Rico,725.0
4751,Consumer,Caguas,PR,Puerto Rico,725.0
5232,Consumer,Caguas,PR,Puerto Rico,725.0
7314,Consumer,Caguas,PR,Puerto Rico,725.0
6245,Consumer,Caguas,PR,Puerto Rico,725.0
8812,Consumer,Caguas,PR,Puerto Rico,725.0
5145,Consumer,Caguas,PR,Puerto Rico,725.0
10102,Consumer,Caguas,PR,Puerto Rico,725.0
2092,Consumer,Caguas,PR,Puerto Rico,725.0
8006,Consumer,San Juan,PR,Puerto Rico,921.0
10975,Consumer,Caguas,PR,Puerto Rico,725.0
8914,Consumer,Yauco,PR,Puerto Rico,698.0
1369,Consumer,Caguas,PR,Puerto Rico,725.0
1468,Consumer,Caguas,PR,Puerto Rico,725.0
9199,Consumer,Caguas,PR,Puerto Rico,725.0
10738,Consumer,Caguas,PR,Puerto Rico,725.0
9665,Consumer,Caguas,PR,Puerto Rico,725.0
9089,Consumer,Caguas,PR,Puerto Rico,725.0
11383,Consumer,Caguas,PR,Puerto Rico,725.0
6663,Consumer,Caguas,PR,Puerto Rico,725.0
5169,Consumer,Caguas,PR,Puerto Rico,725.0
5841,Consumer,Caguas,PR,Puerto Rico,725.0
8497,Consumer,Caguas,PR,Puerto Rico,725.0
5461,Consumer,Caguas,PR,Puerto Rico,725.0
10859,Consumer,Caguas,PR,Puerto Rico,725.0
9325,Consumer,Caguas,PR,Puerto Rico,725.0
6983,Consumer,Caguas,PR,Puerto Rico,725.0
568,Consumer,Caguas,PR,Puerto Rico,725.0
559,Consumer,Caguas,PR,Puerto Rico,725.0
4246,Consumer,Caguas,PR,Puerto Rico,725.0
4853,Consumer,Caguas,PR,Puerto Rico,725.0
3341,Consumer,Caguas,PR,Puerto Rico,725.0
11206,Consumer,Caguas,PR,Puerto Rico,725.0
3983,Corporate,Caguas,PR,Puerto Rico,725.0
6041,Corporate,Caguas,PR,Puerto Rico,725.0
3160,Corporate,Caguas,PR,Puerto Rico,725.0
8658,Corporate,Caguas,PR,Puerto Rico,725.0
7337,Corporate,Caguas,PR,Puerto Rico,725.0
1346,Corporate,Caguas,PR,Puerto Rico,725.0
12472,Corporate,Caguas,PR,Puerto Rico,725.0
3611,Corporate,Caguas,PR,Puerto Rico,725.0
23,Corporate,San Juan,PR,Puerto Rico,921.0
7568,Corporate,Caguas,PR,Puerto Rico,725.0
6345,Corporate,Rio Grande,PR,Puerto Rico,745.0
6413,Corporate,Caguas,PR,Puerto Rico,725.0
8268,Corporate,Caguas,PR,Puerto Rico,725.0
8388,Corporate,Caguas,PR,Puerto Rico,725.0
11852,Corporate,Caguas,PR,Puerto Rico,725.0
3169,Corporate,Caguas,PR,Puerto Rico,725.0
12002,Corporate,Caguas,PR,Puerto Rico,725.0
4412,Corporate,Caguas,PR,Puerto Rico,725.0
10785,Corporate,Caguas,PR,Puerto Rico,725.0
2238,Corporate,Caguas,PR,Puerto Rico,725.0
2083,Corporate,Caguas,PR,Puerto Rico,725.0
1802,Corporate,Caguas,PR,Puerto Rico,725.0
4182,Corporate,Caguas,PR,Puerto Rico,725.0
8032,Corporate,Caguas,PR,Puerto Rico,725.0
693,Corporate,Caguas,PR,Puerto Rico,725.0
6840,Corporate,Caguas,PR,Puerto Rico,725.0
9085,Corporate,Caguas,PR,Puerto Rico,725.0
232,Corporate,Caguas,PR,Puerto Rico,725.0
16,Corporate,Caguas,PR,Puerto Rico,725.0
1108,Corporate,Caguas,PR,Puerto Rico,725.0
1257,Corporate,Caguas,PR,Puerto Rico,725.0
9659,Corporate,Caguas,PR,Puerto Rico,725.0
4819,Corporate,Caguas,PR,Puerto Rico,725.0
12430,Corporate,Caguas,PR,Puerto Rico,725.0
8997,Corporate,Caguas,PR,Puerto Rico,725.0
4270,Corporate,Caguas,PR,Puerto Rico,725.0
19268,Corporate,Caguas,PR,Puerto Rico,725.0
19058,Corporate,Caguas,PR,Puerto Rico,725.0
19054,Corporate,Caguas,PR,Puerto Rico,725.0
18786,Corporate,Caguas,PR,Puerto Rico,725.0
1715,Corporate,Caguas,PR,Puerto Rico,725.0
8565,Corporate,Caguas,PR,Puerto Rico,725.0
2994,Corporate,Caguas,PR,Puerto Rico,725.0
158,Corporate,Caguas,PR,Puerto Rico,725.0
5371,Corporate,Caguas,PR,Puerto Rico,725.0
10490,Corporate,Caguas,PR,Puerto Rico,725.0
20473,Corporate,Caguas,PR,Puerto Rico,725.0
17950,Corporate,Caguas,PR,Puerto Rico,725.0
1184,Corporate,Caguas,PR,Puerto Rico,725.0
20395,Corporate,Caguas,PR,Puerto Rico,725.0
11354,Corporate,Caguas,PR,Puerto Rico,725.0
180,Corporate,Caguas,PR,Puerto Rico,725.0
10521,Corporate,Caguas,PR,Puerto Rico,725.0
1988,Corporate,Rio Grande,PR,Puerto Rico,745.0
4759,Corporate,Caguas,PR,Puerto Rico,725.0
15491,Corporate,Caguas,PR,Puerto Rico,725.0
15432,Corporate,Caguas,PR,Puerto Rico,725.0
9212,Corporate,Caguas,PR,Puerto Rico,725.0
6958,Corporate,Caguas,PR,Puerto Rico,725.0
2384,Corporate,Caguas,PR,Puerto Rico,725.0
5799,Corporate,Caguas,PR,Puerto Rico,725.0
20297,Corporate,Caguas,PR,Puerto Rico,725.0
16349,Corporate,Caguas,PR,Puerto Rico,725.0
16325,Corporate,Caguas,PR,Puerto Rico,725.0
17805,Corporate,Caguas,PR,Puerto Rico,725.0
10527,Corporate,Caguas,PR,Puerto Rico,725.0
5838,Corporate,Caguas,PR,Puerto Rico,725.0
4994,Corporate,Caguas,PR,Puerto Rico,725.0
7655,Corporate,Caguas,PR,Puerto Rico,725.0
5180,Corporate,Caguas,PR,Puerto Rico,725.0
2830,Corporate,Caguas,PR,Puerto Rico,725.0
32,Corporate,Caguas,PR,Puerto Rico,725.0
7319,Corporate,Caguas,PR,Puerto Rico,725.0
6935,Corporate,Caguas,PR,Puerto Rico,725.0
3425,Corporate,Caguas,PR,Puerto Rico,725.0
8842,Corporate,Caguas,PR,Puerto Rico,725.0
4667,Corporate,Caguas,PR,Puerto Rico,725.0
7260,Corporate,Caguas,PR,Puerto Rico,725.0
1064,Corporate,Caguas,PR,Puerto Rico,725.0
5955,Corporate,Carolina,PR,Puerto Rico,983.0
11958,Corporate,Caguas,PR,Puerto Rico,725.0
5918,Corporate,Caguas,PR,Puerto Rico,725.0
10089,Corporate,Caguas,PR,Puerto Rico,725.0
1867,Corporate,Caguas,PR,Puerto Rico,725.0
8009,Corporate,Caguas,PR,Puerto Rico,725.0
10377,Corporate,Caguas,PR,Puerto Rico,725.0
11923,Corporate,Caguas,PR,Puerto Rico,725.0
4924,Corporate,Caguas,PR,Puerto Rico,725.0
497,Corporate,Caguas,PR,Puerto Rico,725.0
3553,Corporate,Caguas,PR,Puerto Rico,725.0
9967,Corporate,Caguas,PR,Puerto Rico,725.0
10457,Corporate,Caguas,PR,Puerto Rico,725.0
11984,Corporate,Caguas,PR,Puerto Rico,725.0
10134,Corporate,Caguas,PR,Puerto Rico,725.0
9506,Corporate,Caguas,PR,Puerto Rico,725.0
3736,Corporate,Caguas,PR,Puerto Rico,725.0
11398,Corporate,Caguas,PR,Puerto Rico,725.0
11430,Corporate,Caguas,PR,Puerto Rico,725.0
11624,Corporate,Caguas,PR,Puerto Rico,725.0
7179,Corporate,Caguas,PR,Puerto Rico,725.0
10877,Corporate,Juana Diaz,PR,Puerto Rico,795.0
8915,Corporate,Caguas,PR,Puerto Rico,725.0
5317,Corporate,Caguas,PR,Puerto Rico,725.0
3849,Corporate,Caguas,PR,Puerto Rico,725.0
11576,Corporate,Caguas,PR,Puerto Rico,725.0
8656,Corporate,Caguas,PR,Puerto Rico,725.0
4606,Corporate,Caguas,PR,Puerto Rico,725.0
7938,Corporate,Caguas,PR,Puerto Rico,725.0
1842,Corporate,Caguas,PR,Puerto Rico,725.0
14075,Corporate,Caguas,PR,Puerto Rico,725.0
14609,Corporate,Caguas,PR,Puerto Rico,725.0
14480,Corporate,Caguas,PR,Puerto Rico,725.0
13447,Corporate,Caguas,PR,Puerto Rico,725.0
14424,Corporate,Rio Grande,PR,Puerto Rico,745.0
13086,Corporate,Caguas,PR,Puerto Rico,725.0
14635,Corporate,Caguas,PR,Puerto Rico,725.0
14653,Corporate,Caguas,PR,Puerto Rico,725.0
13332,Corporate,Caguas,PR,Puerto Rico,725.0
14331,Corporate,Caguas,PR,Puerto Rico,725.0
14403,Corporate,Caguas,PR,Puerto Rico,725.0
3410,Corporate,Caguas,PR,Puerto Rico,725.0
7353,Corporate,Caguas,PR,Puerto Rico,725.0
6446,Corporate,Caguas,PR,Puerto Rico,725.0
8341,Corporate,Caguas,PR,Puerto Rico,725.0
10163,Corporate,Caguas,PR,Puerto Rico,725.0
10187,Corporate,Caguas,PR,Puerto Rico,725.0
266,Corporate,Caguas,PR,Puerto Rico,725.0
10861,Corporate,Caguas,PR,Puerto Rico,725.0
3024,Corporate,Caguas,PR,Puerto Rico,725.0
1080,Corporate,Caguas,PR,Puerto Rico,725.0
13571,Corporate,Caguas,PR,Puerto Rico,725.0
11920,Corporate,Caguas,PR,Puerto Rico,725.0
3750,Corporate,Caguas,PR,Puerto Rico,725.0
2336,Corporate,Caguas,PR,Puerto Rico,725.0
6424,Corporate,Caguas,PR,Puerto Rico,725.0
3670,Corporate,Caguas,PR,Puerto Rico,725.0
10892,Corporate,Caguas,PR,Puerto Rico,725.0
6230,Corporate,Caguas,PR,Puerto Rico,725.0
14855,Corporate,Caguas,PR,Puerto Rico,725.0
12031,Corporate,Caguas,PR,Puerto Rico,725.0
10156,Corporate,Caguas,PR,Puerto Rico,725.0
1744,Corporate,Caguas,PR,Puerto Rico,725.0
599,Corporate,Caguas,PR,Puerto Rico,725.0
14817,Corporate,Caguas,PR,Puerto Rico,725.0
11908,Corporate,Caguas,PR,Puerto Rico,725.0
3589,Corporate,Caguas,PR,Puerto Rico,725.0
5638,Corporate,Caguas,PR,Puerto Rico,725.0
11934,Corporate,Caguas,PR,Puerto Rico,725.0
1591,Corporate,Caguas,PR,Puerto Rico,725.0
4290,Corporate,Caguas,PR,Puerto Rico,725.0
11820,Corporate,Caguas,PR,Puerto Rico,725.0
4348,Corporate,Caguas,PR,Puerto Rico,725.0
1904,Corporate,Caguas,PR,Puerto Rico,725.0
9541,Corporate,Caguas,PR,Puerto Rico,725.0
4179,Corporate,Caguas,PR,Puerto Rico,725.0
13648,Corporate,Caguas,PR,Puerto Rico,725.0
8043,Corporate,Caguas,PR,Puerto Rico,725.0
5873,Corporate,Caguas,PR,Puerto Rico,725.0
5733,Corporate,Caguas,PR,Puerto Rico,725.0
1617,Corporate,Caguas,PR,Puerto Rico,725.0
11640,Corporate,Caguas,PR,Puerto Rico,725.0
14862,Corporate,Caguas,PR,Puerto Rico,725.0
14736,Corporate,Caguas,PR,Puerto Rico,725.0
10232,Corporate,Caguas,PR,Puerto Rico,725.0
6690,Corporate,Caguas,PR,Puerto Rico,725.0
8155,Corporate,Caguas,PR,Puerto Rico,725.0
4967,Corporate,Caguas,PR,Puerto Rico,725.0
3083,Corporate,Caguas,PR,Puerto Rico,725.0
272,Corporate,Caguas,PR,Puerto Rico,725.0
11285,Corporate,Caguas,PR,Puerto Rico,725.0
4770,Corporate,Caguas,PR,Puerto Rico,725.0
7696,Corporate,Caguas,PR,Puerto Rico,725.0
9632,Corporate,Caguas,PR,Puerto Rico,725.0
1181,Corporate,Caguas,PR,Puerto Rico,725.0
4469,Corporate,Caguas,PR,Puerto Rico,725.0
5811,Corporate,Caguas,PR,Puerto Rico,725.0
7035,Corporate,Caguas,PR,Puerto Rico,725.0
1167,Corporate,Caguas,PR,Puerto Rico,725.0
6781,Corporate,Caguas,PR,Puerto Rico,725.0
10362,Corporate,Caguas,PR,Puerto Rico,725.0
2251,Corporate,Caguas,PR,Puerto Rico,725.0
2410,Corporate,Caguas,PR,Puerto Rico,725.0
12702,Corporate,Caguas,PR,Puerto Rico,725.0
15081,Corporate,Caguas,PR,Puerto Rico,725.0
15074,Corporate,Caguas,PR,Puerto Rico,725.0
14929,Corporate,Caguas,PR,Puerto Rico,725.0
15090,Corporate,Caguas,PR,Puerto Rico,725.0
9765,Corporate,Caguas,PR,Puerto Rico,725.0
8838,Corporate,Caguas,PR,Puerto Rico,725.0
7161,Corporate,Caguas,PR,Puerto Rico,725.0
2341,Corporate,Caguas,PR,Puerto Rico,725.0
6273,Corporate,Caguas,PR,Puerto Rico,725.0
9469,Corporate,Caguas,PR,Puerto Rico,725.0
10616,Corporate,Caguas,PR,Puerto Rico,725.0
4299,Corporate,Caguas,PR,Puerto Rico,725.0
6184,Corporate,Caguas,PR,Puerto Rico,725.0
6270,Corporate,Caguas,PR,Puerto Rico,725.0
3027,Corporate,Caguas,PR,Puerto Rico,725.0
911,Corporate,Caguas,PR,Puerto Rico,725.0
597,Corporate,Caguas,PR,Puerto Rico,725.0
11370,Corporate,Caguas,PR,Puerto Rico,725.0
9051,Corporate,Caguas,PR,Puerto Rico,725.0
2181,Corporate,Caguas,PR,Puerto Rico,725.0
6638,Corporate,Caguas,PR,Puerto Rico,725.0
5535,Corporate,Caguas,PR,Puerto Rico,725.0
10940,Corporate,Caguas,PR,Puerto Rico,725.0
4541,Corporate,Caguas,PR,Puerto Rico,725.0
8548,Corporate,Caguas,PR,Puerto Rico,725.0
9635,Corporate,Caguas,PR,Puerto Rico,725.0
2556,Corporate,Caguas,PR,Puerto Rico,725.0
12104,Corporate,Caguas,PR,Puerto Rico,725.0
3634,Corporate,Caguas,PR,Puerto Rico,725.0
1692,Corporate,Mayaguez,PR,Puerto Rico,680.0
1863,Corporate,Caguas,PR,Puerto Rico,725.0
3460,Corporate,Caguas,PR,Puerto Rico,725.0
7217,Corporate,Caguas,PR,Puerto Rico,725.0
9321,Corporate,Caguas,PR,Puerto Rico,725.0
6155,Corporate,Caguas,PR,Puerto Rico,725.0
679,Corporate,Caguas,PR,Puerto Rico,725.0
12011,Corporate,Caguas,PR,Puerto Rico,725.0
5526,Corporate,Caguas,PR,Puerto Rico,725.0
752,Corporate,Caguas,PR,Puerto Rico,725.0
5973,Corporate,Caguas,PR,Puerto Rico,725.0
6052,Corporate,Caguas,PR,Puerto Rico,725.0
6067,Corporate,Caguas,PR,Puerto Rico,725.0
5466,Corporate,Caguas,PR,Puerto Rico,725.0
1102,Corporate,Caguas,PR,Puerto Rico,725.0
2328,Corporate,Caguas,PR,Puerto Rico,725.0
10303,Corporate,Caguas,PR,Puerto Rico,725.0
5759,Corporate,Caguas,PR,Puerto Rico,725.0
10885,Corporate,Caguas,PR,Puerto Rico,725.0
9111,Corporate,Caguas,PR,Puerto Rico,725.0
11183,Corporate,San Juan,PR,Puerto Rico,921.0
6787,Corporate,Caguas,PR,Puerto Rico,725.0
2025,Corporate,Caguas,PR,Puerto Rico,725.0
5560,Corporate,Caguas,PR,Puerto Rico,725.0
2668,Corporate,Caguas,PR,Puerto Rico,725.0
9741,Corporate,Caguas,PR,Puerto Rico,725.0
11416,Corporate,Caguas,PR,Puerto Rico,725.0
8580,Corporate,Caguas,PR,Puerto Rico,725.0
11158,Corporate,Caguas,PR,Puerto Rico,725.0
11970,Corporate,Caguas,PR,Puerto Rico,725.0
9605,Corporate,Bayamon,PR,Puerto Rico,957.0
8586,Corporate,Caguas,PR,Puerto Rico,725.0
2578,Corporate,Caguas,PR,Puerto Rico,725.0
6564,Corporate,Caguas,PR,Puerto Rico,725.0
1941,Corporate,Caguas,PR,Puerto Rico,725.0
2408,Corporate,Caguas,PR,Puerto Rico,725.0
11050,Corporate,Caguas,PR,Puerto Rico,725.0
3596,Corporate,Caguas,PR,Puerto Rico,725.0
4026,Corporate,Caguas,PR,Puerto Rico,725.0
6048,Corporate,Caguas,PR,Puerto Rico,725.0
9903,Corporate,Caguas,PR,Puerto Rico,725.0
4084,Corporate,Caguas,PR,Puerto Rico,725.0
8163,Corporate,Caguas,PR,Puerto Rico,725.0
5940,Corporate,Caguas,PR,Puerto Rico,725.0
18109,Corporate,Caguas,PR,Puerto Rico,725.0
18106,Corporate,Caguas,PR,Puerto Rico,725.0
18267,Corporate,Caguas,PR,Puerto Rico,725.0
16531,Corporate,Caguas,PR,Puerto Rico,725.0
19128,Corporate,Caguas,PR,Puerto Rico,725.0
15809,Corporate,Caguas,PR,Puerto Rico,725.0
18799,Corporate,Caguas,PR,Puerto Rico,725.0
8183,Corporate,Caguas,PR,Puerto Rico,725.0
6602,Corporate,Caguas,PR,Puerto Rico,725.0
4008,Corporate,Caguas,PR,Puerto Rico,725.0
3263,Corporate,Caguas,PR,Puerto Rico,725.0
1435,Corporate,Caguas,PR,Puerto Rico,725.0
6302,Corporate,Caguas,PR,Puerto Rico,725.0
3346,Corporate,Arecibo,PR,Puerto Rico,612.0
20446,Corporate,Caguas,PR,Puerto Rico,725.0
3883,Corporate,Caguas,PR,Puerto Rico,725.0
4987,Corporate,Caguas,PR,Puerto Rico,725.0
4342,Corporate,Caguas,PR,Puerto Rico,725.0
8796,Corporate,Caguas,PR,Puerto Rico,725.0
9366,Corporate,Caguas,PR,Puerto Rico,725.0
18316,Corporate,Caguas,PR,Puerto Rico,725.0
10104,Corporate,Caguas,PR,Puerto Rico,725.0
17939,Corporate,Caguas,PR,Puerto Rico,725.0
3994,Corporate,Caguas,PR,Puerto Rico,725.0
12379,Corporate,Caguas,PR,Puerto Rico,725.0
17393,Corporate,Caguas,PR,Puerto Rico,725.0
3325,Corporate,Caguas,PR,Puerto Rico,725.0
4585,Corporate,Caguas,PR,Puerto Rico,725.0
10541,Corporate,Caguas,PR,Puerto Rico,725.0
8460,Corporate,Aguadilla,PR,Puerto Rico,603.0
18346,Corporate,Caguas,PR,Puerto Rico,725.0
740,Corporate,Caguas,PR,Puerto Rico,725.0
8354,Corporate,Caguas,PR,Puerto Rico,725.0
3020,Corporate,Caguas,PR,Puerto Rico,725.0
7658,Corporate,Caguas,PR,Puerto Rico,725.0
16063,Corporate,Caguas,PR,Puerto Rico,725.0
20703,Corporate,Caguas,PR,Puerto Rico,725.0
18019,Corporate,Caguas,PR,Puerto Rico,725.0
7669,Corporate,Caguas,PR,Puerto Rico,725.0
3771,Corporate,Caguas,PR,Puerto Rico,725.0
17725,Corporate,Caguas,PR,Puerto Rico,725.0
10576,Corporate,Caguas,PR,Puerto Rico,725.0
11542,Corporate,Caguas,PR,Puerto Rico,725.0
16006,Corporate,Caguas,PR,Puerto Rico,725.0
12134,Corporate,Caguas,PR,Puerto Rico,725.0
10766,Corporate,Caguas,PR,Puerto Rico,725.0
2072,Corporate,Caguas,PR,Puerto Rico,725.0
2799,Corporate,Caguas,PR,Puerto Rico,725.0
5414,Corporate,Caguas,PR,Puerto Rico,725.0
12173,Corporate,Caguas,PR,Puerto Rico,725.0
7039,Corporate,Caguas,PR,Puerto Rico,725.0
7883,Corporate,Caguas,PR,Puerto Rico,725.0
15394,Corporate,Caguas,PR,Puerto Rico,725.0
15300,Corporate,Caguas,PR,Puerto Rico,725.0
15624,Corporate,Caguas,PR,Puerto Rico,725.0
1742,Corporate,Caguas,PR,Puerto Rico,725.0
10951,Corporate,Caguas,PR,Puerto Rico,725.0
5040,Corporate,Caguas,PR,Puerto Rico,725.0
4382,Corporate,Caguas,PR,Puerto Rico,725.0
10873,Corporate,Caguas,PR,Puerto Rico,725.0
11612,Corporate,Caguas,PR,Puerto Rico,725.0
7250,Corporate,Caguas,PR,Puerto Rico,725.0
9110,Corporate,Mount Pleasant,MI,EE. UU.,48858.0
8655,Corporate,San Bernardino,CA,EE. UU.,92410.0
8150,Corporate,Los Angeles,CA,EE. UU.,90018.0
8088,Corporate,San Marcos,TX,EE. UU.,78666.0
12168,Corporate,Bronx,NY,EE. UU.,10463.0
3086,Corporate,Tampa,FL,EE. UU.,33614.0
8156,Corporate,Los Angeles,CA,EE. UU.,90044.0
608,Corporate,Fairfield,OH,EE. UU.,45014.0
563,Corporate,Los Angeles,CA,EE. UU.,90066.0
7320,Corporate,Salina,KS,EE. UU.,67401.0
1835,Corporate,Buffalo,NY,EE. UU.,14221.0
1864,Corporate,Chicago,IL,EE. UU.,60647.0
4689,Corporate,Baltimore,MD,EE. UU.,21215.0
2026,Corporate,Colorado Springs,CO,EE. UU.,80906.0
10615,Corporate,Escondido,CA,EE. UU.,92027.0
10833,Corporate,Dundalk,MD,EE. UU.,21222.0
5043,Corporate,Bronx,NY,EE. UU.,10466.0
4083,Corporate,Wyandotte,MI,EE. UU.,48192.0
7338,Corporate,Santee,CA,EE. UU.,92071.0
5311,Corporate,Brighton,MA,EE. UU.,2135.0
10392,Corporate,Gardena,CA,EE. UU.,90247.0
10151,Corporate,Oxnard,CA,EE. UU.,93033.0
917,Corporate,Palatine,IL,EE. UU.,60067.0
1761,Corporate,Bend,OR,EE. UU.,97701.0
2559,Corporate,Orlando,FL,EE. UU.,32825.0
8890,Corporate,York,PA,EE. UU.,17404.0
4684,Corporate,San Ramon,CA,EE. UU.,94583.0
10804,Corporate,Ridgewood,NY,EE. UU.,11385.0
8963,Corporate,Los Angeles,CA,EE. UU.,90026.0
2885,Corporate,New York,NY,EE. UU.,10002.0
787,Corporate,Piscataway,NJ,EE. UU.,8854.0
4604,Corporate,Brooklyn,NY,EE. UU.,11216.0
935,Corporate,New York,NY,EE. UU.,10029.0
7559,Corporate,Chandler,AZ,EE. UU.,85224.0
10470,Corporate,Greensboro,NC,EE. UU.,27410.0
4383,Corporate,Taylor,MI,EE. UU.,48180.0
9658,Corporate,Houston,TX,EE. UU.,77083.0
9261,Corporate,Fond Du Lac,WI,EE. UU.,54935.0
4823,Corporate,Compton,CA,EE. UU.,90221.0
4403,Corporate,Bismarck,ND,EE. UU.,58501.0
7015,Corporate,Rosemead,CA,EE. UU.,91770.0
8940,Corporate,Greensboro,NC,EE. UU.,27406.0
3243,Corporate,Hamilton,OH,EE. UU.,45011.0
3986,Corporate,Ewa Beach,HI,EE. UU.,96706.0
11611,Corporate,Metairie,LA,EE. UU.,70003.0
7249,Corporate,Apex,NC,EE. UU.,27502.0
3487,Corporate,Findlay,OH,EE. UU.,45840.0
3362,Corporate,Denver,CO,EE. UU.,80219.0
3505,Corporate,Chicago,IL,EE. UU.,60647.0
10265,Corporate,Wyoming,MI,EE. UU.,49509.0
7879,Corporate,Aurora,CO,EE. UU.,80010.0
948,Corporate,Lawrence,MA,EE. UU.,1841.0
3737,Corporate,Chapel Hill,NC,EE. UU.,27514.0
9434,Corporate,Merced,CA,EE. UU.,95340.0
9582,Corporate,Cleveland,OH,EE. UU.,44120.0
7476,Corporate,Austin,TX,EE. UU.,78704.0
9838,Corporate,La Mirada,CA,EE. UU.,90638.0
1711,Corporate,Salem,OR,EE. UU.,97301.0
589,Corporate,Oxnard,CA,EE. UU.,93033.0
10290,Corporate,Watsonville,CA,EE. UU.,95076.0
3406,Corporate,El Paso,TX,EE. UU.,79927.0
9040,Corporate,Bowling Green,KY,EE. UU.,42101.0
2667,Corporate,Sun Valley,CA,EE. UU.,91352.0
5741,Corporate,Los Angeles,CA,EE. UU.,90023.0
11092,Corporate,Rochester,NY,EE. UU.,14609.0
264,Corporate,Goleta,CA,EE. UU.,93117.0
990,Corporate,Merced,CA,EE. UU.,95340.0
6593,Corporate,Miami,FL,EE. UU.,33165.0
10318,Corporate,Columbus,OH,EE. UU.,43230.0
6093,Corporate,Santa Ana,CA,EE. UU.,92704.0
2154,Corporate,Laredo,TX,EE. UU.,78040.0
6868,Corporate,Detroit,MI,EE. UU.,48227.0
4810,Corporate,El Paso,TX,EE. UU.,79924.0
5213,Corporate,South Gate,CA,EE. UU.,90280.0
8611,Corporate,Wichita,KS,EE. UU.,67212.0
4637,Corporate,Folsom,CA,EE. UU.,95630.0
5198,Corporate,Warren,MI,EE. UU.,48093.0
8090,Corporate,Clarksville,TN,EE. UU.,37042.0
4610,Corporate,North Tonawanda,NY,EE. UU.,14120.0
8687,Corporate,Brooklyn,NY,EE. UU.,11226.0
8162,Corporate,Fort Worth,TX,EE. UU.,76133.0
10258,Corporate,Cleveland,OH,EE. UU.,44130.0
11389,Corporate,Saint Louis,MO,EE. UU.,63129.0
10460,Corporate,New Braunfels,TX,EE. UU.,78130.0
9513,Corporate,Denver,CO,EE. UU.,80219.0
7770,Corporate,South Gate,CA,EE. UU.,90280.0
5465,Corporate,Alameda,CA,EE. UU.,94501.0
7509,Corporate,Brooklyn,NY,EE. UU.,11203.0
4156,Corporate,Fairfield,CA,EE. UU.,94533.0
3489,Corporate,Austin,TX,EE. UU.,78704.0
6454,Corporate,Albuquerque,NM,EE. UU.,87105.0
8538,Corporate,Laredo,TX,EE. UU.,78040.0
5558,Corporate,Kaneohe,HI,EE. UU.,96744.0
779,Corporate,New Haven,CT,EE. UU.,6511.0
1590,Corporate,Katy,TX,EE. UU.,77450.0
7647,Corporate,Muskegon,MI,EE. UU.,49442.0
6779,Corporate,Pacoima,CA,EE. UU.,91331.0
8362,Corporate,Hampton,VA,EE. UU.,23666.0
7212,Corporate,Fort Worth,TX,EE. UU.,76106.0
1721,Corporate,Ventura,CA,EE. UU.,93003.0
1000,Corporate,Freeport,NY,EE. UU.,11520.0
97,Corporate,Phoenix,AZ,EE. UU.,85008.0
4636,Corporate,Yonkers,NY,EE. UU.,10701.0
3001,Corporate,Compton,CA,EE. UU.,90221.0
2317,Corporate,Santa Cruz,CA,EE. UU.,95060.0
2539,Corporate,Brooklyn,NY,EE. UU.,11214.0
1730,Corporate,Lake Forest,CA,EE. UU.,92630.0
5133,Corporate,Jacksonville,NC,EE. UU.,28540.0
9206,Corporate,Pomona,CA,EE. UU.,91767.0
6623,Corporate,Aurora,CO,EE. UU.,80011.0
6439,Corporate,Lancaster,SC,EE. UU.,29720.0
11000,Corporate,Elmhurst,NY,EE. UU.,11373.0
4258,Corporate,San Diego,CA,EE. UU.,92126.0
12351,Corporate,Bowling Green,KY,EE. UU.,42101.0
7645,Corporate,Laredo,TX,EE. UU.,78046.0
7069,Corporate,Santa Clara,CA,EE. UU.,95051.0
8322,Corporate,Vista,CA,EE. UU.,92084.0
7528,Corporate,Brooklyn,NY,EE. UU.,11209.0
3276,Corporate,Lancaster,PA,EE. UU.,17602.0
2391,Corporate,Westland,MI,EE. UU.,48185.0
7211,Corporate,Littleton,CO,EE. UU.,80126.0
6601,Corporate,Fort Lauderdale,FL,EE. UU.,33324.0
2145,Corporate,Tempe,AZ,EE. UU.,85282.0
2666,Corporate,Los Angeles,CA,EE. UU.,90033.0
11747,Corporate,Las Vegas,NV,EE. UU.,89123.0
12313,Corporate,Chandler,AZ,EE. UU.,85224.0
3514,Corporate,Danbury,CT,EE. UU.,6810.0
8830,Corporate,Bensalem,PA,EE. UU.,19020.0
1441,Corporate,Houston,TX,EE. UU.,77055.0
3896,Corporate,Orlando,FL,EE. UU.,32825.0
5997,Corporate,Lynn,MA,EE. UU.,1902.0
1869,Corporate,Summerville,SC,EE. UU.,29483.0
8667,Corporate,Alameda,CA,EE. UU.,94501.0
4224,Corporate,Brooklyn,NY,EE. UU.,11236.0
9688,Corporate,Tucson,AZ,EE. UU.,85719.0
9994,Corporate,Encinitas,CA,EE. UU.,92024.0
7305,Corporate,Brooklyn,NY,EE. UU.,11212.0
5814,Corporate,Washington,DC,EE. UU.,20020.0
5639,Corporate,Tampa,FL,EE. UU.,33624.0
11871,Corporate,Clarksville,TN,EE. UU.,37042.0
1140,Corporate,Highland,CA,EE. UU.,92346.0
7630,Corporate,Opelousas,LA,EE. UU.,70570.0
8366,Corporate,Las Vegas,NV,EE. UU.,89110.0
2084,Corporate,Compton,CA,EE. UU.,90221.0
2526,Corporate,Seattle,WA,EE. UU.,98115.0
3008,Corporate,Salina,KS,EE. UU.,67401.0
943,Corporate,Tucson,AZ,EE. UU.,85706.0
5563,Corporate,West Chester,PA,EE. UU.,19380.0
9898,Corporate,Pasadena,MD,EE. UU.,21122.0
5259,Corporate,Houston,TX,EE. UU.,77036.0
10579,Corporate,Fontana,CA,EE. UU.,92335.0
5223,Corporate,Rowland Heights,CA,EE. UU.,91748.0
7140,Corporate,San Jose,CA,EE. UU.,95124.0
4870,Corporate,Decatur,GA,EE. UU.,30032.0
8959,Corporate,Dearborn,MI,EE. UU.,48126.0
1225,Corporate,Scottsdale,AZ,EE. UU.,85254.0
2769,Corporate,Honolulu,HI,EE. UU.,96817.0
2699,Corporate,Fairfield,OH,EE. UU.,45014.0
10361,Corporate,Corona,CA,EE. UU.,92882.0
8336,Corporate,Hesperia,CA,EE. UU.,92345.0
2163,Corporate,Irving,TX,EE. UU.,75061.0
476,Corporate,Eugene,OR,EE. UU.,97405.0
1119,Corporate,North Richland Hills,TX,EE. UU.,76180.0
3552,Corporate,La Mesa,CA,EE. UU.,91941.0
4010,Corporate,Honolulu,HI,EE. UU.,96822.0
1274,Corporate,Virginia Beach,VA,EE. UU.,23455.0
9912,Corporate,Houston,TX,EE. UU.,77080.0
3308,Corporate,Annandale,VA,EE. UU.,22003.0
11387,Corporate,San Antonio,TX,EE. UU.,78228.0
12311,Corporate,Los Angeles,CA,EE. UU.,90066.0
11342,Corporate,Salem,OR,EE. UU.,97303.0
2335,Corporate,Riverside,CA,EE. UU.,92507.0
11501,Corporate,Buena Park,CA,EE. UU.,90620.0
3411,Corporate,Salina,KS,EE. UU.,67401.0
10623,Corporate,Mililani,HI,EE. UU.,96789.0
2246,Corporate,Ontario,CA,EE. UU.,91764.0
6241,Corporate,Arlington Heights,IL,EE. UU.,60004.0
8620,Corporate,Philadelphia,PA,EE. UU.,19124.0
154,Corporate,Brandon,FL,EE. UU.,33511.0
7768,Corporate,Winnetka,CA,EE. UU.,91306.0
2468,Corporate,Enfield,CT,EE. UU.,6082.0
10407,Corporate,West Chester,PA,EE. UU.,19382.0
10854,Corporate,Diamond Bar,CA,EE. UU.,91765.0
5960,Corporate,Round Rock,TX,EE. UU.,78664.0
9537,Corporate,East Lansing,MI,EE. UU.,48823.0
5221,Corporate,Ballwin,MO,EE. UU.,63021.0
4678,Corporate,La Mirada,CA,EE. UU.,90638.0
10252,Corporate,Honolulu,HI,EE. UU.,96819.0
575,Corporate,Rancho Cucamonga,CA,EE. UU.,91730.0
2622,Corporate,Fayetteville,NC,EE. UU.,28314.0
3477,Corporate,Wheeling,WV,EE. UU.,26003.0
517,Corporate,Brooklyn,NY,EE. UU.,11211.0
2936,Corporate,Visalia,CA,EE. UU.,93277.0
4747,Corporate,Chicago,IL,EE. UU.,60645.0
3426,Corporate,Fort Lauderdale,FL,EE. UU.,33312.0
5716,Corporate,Longview,WA,EE. UU.,98632.0
6655,Corporate,Pekin,IL,EE. UU.,61554.0
2767,Corporate,Webster,NY,EE. UU.,14580.0
6051,Corporate,Ewa Beach,HI,EE. UU.,96706.0
8501,Corporate,Bloomfield,NJ,EE. UU.,7003.0
7984,Corporate,Chillicothe,OH,EE. UU.,45601.0
7966,Corporate,Elgin,IL,EE. UU.,60120.0
1310,Corporate,Indianapolis,IN,EE. UU.,46227.0
2075,Corporate,Lansdale,PA,EE. UU.,19446.0
4818,Corporate,Gardena,CA,EE. UU.,90247.0
2910,Corporate,Mount Prospect,IL,EE. UU.,60056.0
1696,Corporate,Los Angeles,CA,EE. UU.,90002.0
2478,Corporate,Las Vegas,NV,EE. UU.,89103.0
286,Corporate,Santa Cruz,CA,EE. UU.,95060.0
12048,Corporate,Hamtramck,MI,EE. UU.,48212.0
3668,Corporate,Salem,OR,EE. UU.,97301.0
8371,Corporate,San Jose,CA,EE. UU.,95112.0
1709,Corporate,Westland,MI,EE. UU.,48185.0
3190,Corporate,Sandusky,OH,EE. UU.,44870.0
8557,Corporate,Lansdale,PA,EE. UU.,19446.0
7185,Corporate,Wichita,KS,EE. UU.,67212.0
1189,Corporate,Detroit,MI,EE. UU.,48238.0
9208,Corporate,Hempstead,NY,EE. UU.,11550.0
3690,Corporate,Virginia Beach,VA,EE. UU.,23455.0
10650,Corporate,Redmond,WA,EE. UU.,98052.0
10010,Corporate,Phoenix,AZ,EE. UU.,85033.0
8768,Corporate,Hamtramck,MI,EE. UU.,48212.0
3422,Corporate,Atlanta,GA,EE. UU.,30318.0
7503,Corporate,Union City,CA,EE. UU.,94587.0
7842,Corporate,Murfreesboro,TN,EE. UU.,37130.0
11910,Corporate,Woodbridge,VA,EE. UU.,22192.0
2892,Corporate,San Antonio,TX,EE. UU.,78228.0
10746,Corporate,Winter Park,FL,EE. UU.,32792.0
436,Corporate,Tampa,FL,EE. UU.,33614.0
1028,Corporate,Austin,TX,EE. UU.,78704.0
3955,Corporate,Yonkers,NY,EE. UU.,10701.0
907,Corporate,North Las Vegas,NV,EE. UU.,89030.0
8175,Corporate,Santa Maria,CA,EE. UU.,93458.0
7498,Corporate,Milpitas,CA,EE. UU.,95035.0
5095,Corporate,Doylestown,PA,EE. UU.,18901.0
9496,Corporate,Parkville,MD,EE. UU.,21234.0
7672,Corporate,Chicago,IL,EE. UU.,60632.0
3566,Corporate,Chicago,IL,EE. UU.,60640.0
10512,Corporate,Brooklyn,NY,EE. UU.,11201.0
10555,Corporate,Van Nuys,CA,EE. UU.,91405.0
2561,Corporate,Jersey City,NJ,EE. UU.,7307.0
7316,Corporate,Baytown,TX,EE. UU.,77520.0
4170,Corporate,Amarillo,TX,EE. UU.,79109.0
6215,Corporate,Painesville,OH,EE. UU.,44077.0
8030,Corporate,Virginia Beach,VA,EE. UU.,23452.0
4772,Corporate,Rochester,NY,EE. UU.,14609.0
7541,Corporate,Pompano Beach,FL,EE. UU.,33064.0
6342,Corporate,El Paso,TX,EE. UU.,79912.0
1974,Corporate,Wheaton,IL,EE. UU.,60187.0
5327,Corporate,Raleigh,NC,EE. UU.,27610.0
11904,Corporate,Washington,DC,EE. UU.,20002.0
6229,Corporate,Richmond,IN,EE. UU.,47374.0
5488,Corporate,Ontario,CA,EE. UU.,91764.0
11190,Corporate,Toms River,NJ,EE. UU.,8753.0
8152,Corporate,Colton,CA,EE. UU.,92324.0
7303,Corporate,Madison,WI,EE. UU.,53704.0
4868,Corporate,Austin,TX,EE. UU.,78753.0
5863,Corporate,Cordova,TN,EE. UU.,38018.0
7162,Corporate,Brooklyn,NY,EE. UU.,11219.0
1196,Corporate,Bronx,NY,EE. UU.,10457.0
6027,Corporate,Hollister,CA,EE. UU.,95023.0
9936,Corporate,Anaheim,CA,EE. UU.,92801.0
10437,Corporate,San Francisco,CA,EE. UU.,94110.0
7814,Corporate,Dallas,TX,EE. UU.,75217.0
1640,Corporate,Bell Gardens,CA,EE. UU.,90201.0
1258,Corporate,Houston,TX,EE. UU.,77072.0
932,Corporate,Middletown,OH,EE. UU.,45044.0
462,Corporate,Newark,NJ,EE. UU.,7105.0
8975,Corporate,Fort Worth,TX,EE. UU.,76116.0
2232,Corporate,Louisville,KY,EE. UU.,40214.0
713,Corporate,Moreno Valley,CA,EE. UU.,92557.0
9235,Corporate,Buffalo,NY,EE. UU.,14221.0
8610,Corporate,Federal Way,WA,EE. UU.,98023.0
5637,Corporate,New Orleans,LA,EE. UU.,70117.0
10687,Corporate,Hialeah,FL,EE. UU.,33010.0
1127,Corporate,Chicago,IL,EE. UU.,60624.0
6081,Corporate,Chicago,IL,EE. UU.,60623.0
7605,Corporate,San Marcos,TX,EE. UU.,78666.0
6729,Corporate,Bridgeton,NJ,EE. UU.,8302.0
1038,Corporate,Highland,CA,EE. UU.,92346.0
7738,Corporate,Pharr,TX,EE. UU.,78577.0
9946,Corporate,Simi Valley,CA,EE. UU.,93063.0
2057,Corporate,Bountiful,UT,EE. UU.,84010.0
6375,Corporate,Levittown,NY,EE. UU.,11756.0
11028,Corporate,Tampa,FL,EE. UU.,33624.0
4250,Corporate,Dallas,TX,EE. UU.,75240.0
8961,Corporate,Huntington Beach,CA,EE. UU.,92647.0
6968,Corporate,Elyria,OH,EE. UU.,44035.0
1845,Corporate,York,PA,EE. UU.,17404.0
5812,Corporate,New York,NY,EE. UU.,10031.0
1142,Corporate,Columbia,SC,EE. UU.,29223.0
9256,Corporate,New Orleans,LA,EE. UU.,70117.0
8839,Corporate,Campbell,CA,EE. UU.,95008.0
5528,Corporate,Fresno,CA,EE. UU.,93722.0
1101,Corporate,Rowland Heights,CA,EE. UU.,91748.0
8767,Corporate,Pasadena,MD,EE. UU.,21122.0
2420,Corporate,Weslaco,TX,EE. UU.,78596.0
8757,Corporate,Aurora,CO,EE. UU.,80012.0
7729,Corporate,Las Vegas,NV,EE. UU.,89108.0
4698,Corporate,College Station,TX,EE. UU.,77840.0
8688,Corporate,Eagle Pass,TX,EE. UU.,78852.0
786,Corporate,Chicago,IL,EE. UU.,60622.0
11087,Corporate,Wichita,KS,EE. UU.,67212.0
10472,Corporate,Bakersfield,CA,EE. UU.,93307.0
5211,Corporate,New Brunswick,NJ,EE. UU.,8901.0
7474,Corporate,Memphis,TN,EE. UU.,38109.0
9757,Corporate,Santa Maria,CA,EE. UU.,93458.0
10061,Corporate,South San Francisco,CA,EE. UU.,94080.0
10715,Corporate,Philadelphia,PA,EE. UU.,19134.0
7214,Corporate,Memphis,TN,EE. UU.,38116.0
8369,Corporate,Garden Grove,CA,EE. UU.,92843.0
624,Corporate,Oceanside,CA,EE. UU.,92057.0
5619,Corporate,Potomac,MD,EE. UU.,20854.0
8527,Corporate,Orlando,FL,EE. UU.,32808.0
3908,Corporate,Lakewood,NJ,EE. UU.,8701.0
10363,Corporate,Riverside,CA,EE. UU.,92509.0
10095,Corporate,New York,NY,EE. UU.,10031.0
6221,Corporate,San Jose,CA,EE. UU.,95127.0
10661,Corporate,Fremont,CA,EE. UU.,94536.0
985,Consumer,Richmond,IN,EE. UU.,47374.0
10350,Consumer,Freeport,NY,EE. UU.,11520.0
10261,Consumer,Jamaica,NY,EE. UU.,11432.0
8231,Consumer,Marietta,GA,EE. UU.,30067.0
7359,Consumer,Jackson,MI,EE. UU.,49201.0
1997,Consumer,Hanford,CA,EE. UU.,93230.0
3330,Consumer,Hagerstown,MD,EE. UU.,21740.0
1422,Consumer,Compton,CA,EE. UU.,90221.0
5972,Consumer,Pomona,CA,EE. UU.,91767.0
3595,Consumer,Catonsville,MD,EE. UU.,21228.0
3177,Consumer,Irvington,NJ,EE. UU.,7111.0
2,Consumer,Littleton,CO,EE. UU.,80126.0
6337,Consumer,Madison,WI,EE. UU.,53704.0
2330,Consumer,Corona,CA,EE. UU.,92879.0
6467,Consumer,Tucson,AZ,EE. UU.,85746.0
4672,Consumer,Detroit,MI,EE. UU.,48235.0
5756,Consumer,Charlotte,NC,EE. UU.,28205.0
5725,Consumer,Brooklyn,NY,EE. UU.,11219.0
5778,Consumer,Eagle Pass,TX,EE. UU.,78852.0
9271,Consumer,Fort Worth,TX,EE. UU.,76106.0
1503,Consumer,Las Vegas,NV,EE. UU.,89103.0
8016,Consumer,Carson,CA,EE. UU.,90745.0
7470,Consumer,Orlando,FL,EE. UU.,32808.0
1,Consumer,Brownsville,TX,EE. UU.,78521.0
8147,Consumer,Muskegon,MI,EE. UU.,49442.0
10839,Consumer,Detroit,MI,EE. UU.,48234.0
2837,Consumer,Roswell,GA,EE. UU.,30075.0
11262,Consumer,Long Beach,CA,EE. UU.,90805.0
3328,Consumer,Chicago,IL,EE. UU.,60610.0
11471,Consumer,Round Rock,TX,EE. UU.,78664.0
8790,Consumer,Toms River,NJ,EE. UU.,8753.0
12290,Consumer,Enfield,CT,EE. UU.,6082.0
8979,Consumer,Albuquerque,NM,EE. UU.,87111.0
11381,Consumer,Bronx,NY,EE. UU.,10469.0
6536,Consumer,San Francisco,CA,EE. UU.,94112.0
851,Consumer,El Centro,CA,EE. UU.,92243.0
4097,Consumer,Aurora,CO,EE. UU.,80015.0
578,Consumer,Kaneohe,HI,EE. UU.,96744.0
4754,Consumer,Freeport,NY,EE. UU.,11520.0
2444,Consumer,Moline,IL,EE. UU.,61265.0
4190,Consumer,Woonsocket,RI,EE. UU.,2895.0
3168,Consumer,Chicago,IL,EE. UU.,60649.0
12180,Consumer,Zanesville,OH,EE. UU.,43701.0
10889,Consumer,Houston,TX,EE. UU.,77072.0
458,Consumer,San Francisco,CA,EE. UU.,94109.0
11788,Consumer,Florissant,MO,EE. UU.,63033.0
5616,Consumer,Oxnard,CA,EE. UU.,93030.0
6296,Consumer,Bakersfield,CA,EE. UU.,93306.0
8352,Consumer,San Diego,CA,EE. UU.,92115.0
6637,Consumer,Saint Paul,MN,EE. UU.,55124.0
4492,Consumer,Lawrence,MA,EE. UU.,1841.0
6879,Consumer,Sanford,NC,EE. UU.,27330.0
5567,Consumer,New York,NY,EE. UU.,10031.0
9317,Consumer,Brooklyn,NY,EE. UU.,11203.0
7362,Consumer,Lakewood,OH,EE. UU.,44107.0
2443,Consumer,Stone Mountain,GA,EE. UU.,30083.0
421,Consumer,San Ramon,CA,EE. UU.,94583.0
8107,Consumer,Denver,CO,EE. UU.,80231.0
12318,Consumer,Saint Paul,MN,EE. UU.,55106.0
4481,Consumer,Doylestown,PA,EE. UU.,18901.0
3692,Consumer,Los Angeles,CA,EE. UU.,90034.0
2951,Consumer,El Monte,CA,EE. UU.,91732.0
1813,Consumer,Katy,TX,EE. UU.,77450.0
12414,Consumer,Chicago,IL,EE. UU.,60615.0
4,Consumer,San Marcos,CA,EE. UU.,92069.0
7030,Consumer,Alpharetta,GA,EE. UU.,30022.0
10641,Consumer,Irving,TX,EE. UU.,75060.0
4498,Consumer,Los Angeles,CA,EE. UU.,90047.0
7780,Consumer,Richardson,TX,EE. UU.,75080.0
435,Consumer,Chicago,IL,EE. UU.,60628.0
5780,Consumer,Bronx,NY,EE. UU.,10460.0
5245,Consumer,Elyria,OH,EE. UU.,44035.0
9924,Consumer,Daly City,CA,EE. UU.,94015.0
9591,Consumer,Sunnyvale,CA,EE. UU.,94087.0
5661,Consumer,Indio,CA,EE. UU.,92201.0
7499,Consumer,Seattle,WA,EE. UU.,98115.0
11998,Consumer,Montebello,CA,EE. UU.,90640.0
9771,Consumer,Virginia Beach,VA,EE. UU.,23454.0
938,Consumer,Madison,WI,EE. UU.,53704.0
4599,Consumer,Newark,NJ,EE. UU.,7104.0
9775,Consumer,Chicago,IL,EE. UU.,60638.0
641,Consumer,Plainfield,NJ,EE. UU.,7060.0
7785,Consumer,Fort Washington,MD,EE. UU.,20744.0
4496,Consumer,Newark,NJ,EE. UU.,7104.0
9104,Consumer,Apex,NC,EE. UU.,27502.0
6193,Consumer,Quincy,MA,EE. UU.,2169.0
10874,Consumer,San Diego,CA,EE. UU.,92154.0
3811,Consumer,Lancaster,CA,EE. UU.,93536.0
9018,Consumer,Dallas,TX,EE. UU.,75240.0
3550,Consumer,Philadelphia,PA,EE. UU.,19148.0
1707,Consumer,Kaneohe,HI,EE. UU.,96744.0
12335,Consumer,Knoxville,TN,EE. UU.,37922.0
4815,Consumer,Los Angeles,CA,EE. UU.,90001.0
10799,Consumer,Brockton,MA,EE. UU.,2301.0
7355,Consumer,San Diego,CA,EE. UU.,92113.0
10921,Consumer,Wyoming,MI,EE. UU.,49509.0
3569,Consumer,West Jordan,UT,EE. UU.,84084.0
4945,Consumer,Brownsville,TX,EE. UU.,78520.0
11523,Consumer,Tampa,FL,EE. UU.,33624.0
9108,Consumer,Methuen,MA,EE. UU.,1844.0
1480,Consumer,Chicago,IL,EE. UU.,60619.0
6465,Consumer,Massapequa,NY,EE. UU.,11758.0
10263,Consumer,Germantown,MD,EE. UU.,20874.0
953,Consumer,Philadelphia,PA,EE. UU.,19140.0
8472,Consumer,Findlay,OH,EE. UU.,45840.0
11122,Consumer,Troy,MI,EE. UU.,48098.0
6986,Consumer,North Hollywood,CA,EE. UU.,91605.0
11059,Consumer,Brooklyn,NY,EE. UU.,11221.0
2316,Consumer,West Orange,NJ,EE. UU.,7052.0
2003,Consumer,Lancaster,PA,EE. UU.,17603.0
5135,Consumer,Tempe,AZ,EE. UU.,85283.0
5127,Consumer,Tempe,AZ,EE. UU.,85283.0
7756,Consumer,Daly City,CA,EE. UU.,94014.0
79,Consumer,Knoxville,TN,EE. UU.,37922.0
4783,Consumer,South Richmond Hill,NY,EE. UU.,11419.0
8793,Consumer,Bellingham,WA,EE. UU.,98226.0
4643,Consumer,South San Francisco,CA,EE. UU.,94080.0
1035,Consumer,Milford,CT,EE. UU.,6460.0
2619,Consumer,Warren,MI,EE. UU.,48093.0
883,Consumer,Santa Clara,CA,EE. UU.,95051.0
1076,Consumer,Fort Worth,TX,EE. UU.,76116.0
9195,Consumer,Fresno,CA,EE. UU.,93727.0
8198,Consumer,New Orleans,LA,EE. UU.,70117.0
7411,Consumer,Fresno,CA,EE. UU.,93720.0
818,Consumer,San Diego,CA,EE. UU.,92104.0
6079,Consumer,Plymouth,MA,EE. UU.,2360.0
11727,Consumer,Staten Island,NY,EE. UU.,10312.0
9614,Consumer,Rosemead,CA,EE. UU.,91770.0
10111,Consumer,Westerville,OH,EE. UU.,43081.0
9281,Consumer,Los Angeles,CA,EE. UU.,90046.0
7248,Consumer,Houston,TX,EE. UU.,77036.0
1927,Consumer,Los Angeles,CA,EE. UU.,90043.0
5146,Consumer,Santa Ana,CA,EE. UU.,92707.0
7434,Consumer,Cordova,TN,EE. UU.,38018.0
7354,Consumer,Flushing,NY,EE. UU.,11354.0
4494,Consumer,Orange Park,FL,EE. UU.,32073.0
10762,Consumer,Antioch,TN,EE. UU.,37013.0
504,Consumer,Orange Park,FL,EE. UU.,32073.0
8788,Consumer,Chicago,IL,EE. UU.,60643.0
10142,Consumer,Cerritos,CA,EE. UU.,90703.0
3909,Consumer,Mount Prospect,IL,EE. UU.,60056.0
5914,Consumer,Chicago,IL,EE. UU.,60629.0
10452,Consumer,Gilroy,CA,EE. UU.,95020.0
6308,Consumer,Huntington Beach,CA,EE. UU.,92647.0
8324,Consumer,South Gate,CA,EE. UU.,90280.0
2963,Consumer,Los Angeles,CA,EE. UU.,90042.0
7511,Consumer,Miami,FL,EE. UU.,33176.0
8918,Consumer,Bakersfield,CA,EE. UU.,93309.0
8376,Consumer,Silver Spring,MD,EE. UU.,20904.0
3376,Consumer,Tonawanda,NY,EE. UU.,14150.0
10459,Consumer,El Paso,TX,EE. UU.,79924.0
8725,Consumer,New York,NY,EE. UU.,10003.0
746,Consumer,Santa Ana,CA,EE. UU.,92707.0
12063,Consumer,Fort Worth,TX,EE. UU.,76133.0
3721,Consumer,Mount Pleasant,MI,EE. UU.,48858.0
6323,Consumer,Brighton,MA,EE. UU.,2135.0
1540,Consumer,Pittsfield,MA,EE. UU.,1201.0
11936,Consumer,Laguna Niguel,CA,EE. UU.,92677.0
8808,Consumer,Glen Burnie,MD,EE. UU.,21061.0
6164,Consumer,Los Angeles,CA,EE. UU.,90057.0
3100,Consumer,Huntington Park,CA,EE. UU.,90255.0
8972,Consumer,Bismarck,ND,EE. UU.,58501.0
10769,Consumer,Los Angeles,CA,EE. UU.,90026.0
9968,Consumer,Saint Louis,MO,EE. UU.,63129.0
10114,Consumer,Los Angeles,CA,EE. UU.,90027.0
2424,Consumer,Jacksonville,FL,EE. UU.,32244.0
10005,Consumer,Clearfield,UT,EE. UU.,84015.0
5194,Consumer,Chandler,AZ,EE. UU.,85225.0
7228,Consumer,Wayne,NJ,EE. UU.,7470.0
7414,Consumer,Laredo,TX,EE. UU.,78040.0
4941,Consumer,Chicago,IL,EE. UU.,60640.0
1930,Consumer,Saint Paul,MN,EE. UU.,55104.0
1278,Consumer,San Antonio,TX,EE. UU.,78240.0
4336,Consumer,Azusa,CA,EE. UU.,91702.0
1474,Consumer,Milpitas,CA,EE. UU.,95035.0
3679,Consumer,New York,NY,EE. UU.,10027.0
2685,Consumer,La Crosse,WI,EE. UU.,54601.0
973,Consumer,Cleveland,OH,EE. UU.,44105.0
4602,Consumer,East Lansing,MI,EE. UU.,48823.0
3772,Consumer,Brooklyn,NY,EE. UU.,11229.0
840,Consumer,Sylmar,CA,EE. UU.,91342.0
2276,Consumer,Bowling Green,KY,EE. UU.,42101.0
2210,Consumer,Saint Charles,MO,EE. UU.,63301.0
8664,Consumer,El Cajon,CA,EE. UU.,92020.0
12040,Consumer,Harlingen,TX,EE. UU.,78550.0
3855,Consumer,New York,NY,EE. UU.,10023.0
2651,Consumer,Salem,OR,EE. UU.,97303.0
9569,Consumer,Napa,CA,EE. UU.,94558.0
5831,Consumer,Hesperia,CA,EE. UU.,92345.0
1307,Consumer,Highland,CA,EE. UU.,92346.0
8214,Consumer,North Hills,CA,EE. UU.,91343.0
708,Consumer,Phoenix,AZ,EE. UU.,85022.0
6751,Consumer,Los Angeles,CA,EE. UU.,90002.0
11478,Consumer,Jackson,MI,EE. UU.,49201.0
4233,Consumer,Parkville,MD,EE. UU.,21234.0
1018,Consumer,Metairie,LA,EE. UU.,70003.0
2414,Consumer,Mesa,AZ,EE. UU.,85201.0
9523,Consumer,Sun Valley,CA,EE. UU.,91352.0
10405,Consumer,Houston,TX,EE. UU.,77072.0
2912,Consumer,Simi Valley,CA,EE. UU.,93063.0
5657,Consumer,Lakewood,OH,EE. UU.,44107.0
8330,Consumer,Mchenry,IL,EE. UU.,60050.0
10506,Consumer,Wayne,NJ,EE. UU.,7470.0
10905,Consumer,Hayward,CA,EE. UU.,94544.0
9127,Consumer,Dallas,TX,EE. UU.,75216.0
11312,Consumer,New York,NY,EE. UU.,10128.0
9856,Consumer,Albuquerque,NM,EE. UU.,87111.0
8189,Consumer,Portland,OR,EE. UU.,97229.0
6812,Consumer,Cleveland,OH,EE. UU.,44105.0
6714,Consumer,Smyrna,GA,EE. UU.,30080.0
12300,Consumer,Roswell,GA,EE. UU.,30075.0
9618,Consumer,Brandon,FL,EE. UU.,33511.0
10796,Consumer,Potomac,MD,EE. UU.,20854.0
8726,Consumer,New Brunswick,NJ,EE. UU.,8901.0
8991,Consumer,Rancho Cucamonga,CA,EE. UU.,91730.0
8307,Consumer,Dallas,TX,EE. UU.,75228.0
10596,Consumer,Milford,CT,EE. UU.,6460.0
12013,Consumer,Daly City,CA,EE. UU.,94015.0
4229,Consumer,Lockport,NY,EE. UU.,14094.0
1498,Consumer,Houston,TX,EE. UU.,77084.0
10056,Consumer,Salt Lake City,UT,EE. UU.,84120.0
3978,Consumer,Walnut,CA,EE. UU.,91789.0
8018,Consumer,Grove City,OH,EE. UU.,43123.0
6578,Consumer,Laredo,TX,EE. UU.,78040.0
9944,Consumer,Lawrenceville,GA,EE. UU.,30043.0
8851,Consumer,Long Beach,CA,EE. UU.,90813.0
3026,Consumer,Augusta,GA,EE. UU.,30907.0
8576,Consumer,Fremont,CA,EE. UU.,94536.0
10367,Consumer,Fort Lauderdale,FL,EE. UU.,33324.0
4183,Consumer,Chicago,IL,EE. UU.,60629.0
2642,Consumer,Lindenhurst,NY,EE. UU.,11757.0
91,Consumer,Spring,TX,EE. UU.,77379.0
9100,Consumer,La Habra,CA,EE. UU.,90631.0
9852,Consumer,Cincinnati,OH,EE. UU.,45238.0
7839,Consumer,Hamtramck,MI,EE. UU.,48212.0
6901,Consumer,Garland,TX,EE. UU.,75043.0
8692,Consumer,Summerville,SC,EE. UU.,29483.0
3643,Consumer,Los Angeles,CA,EE. UU.,90032.0
3334,Consumer,Mount Pleasant,MI,EE. UU.,48858.0
5152,Consumer,El Monte,CA,EE. UU.,91732.0
11033,Consumer,Laredo,TX,EE. UU.,78046.0
11712,Consumer,Woodbridge,VA,EE. UU.,22193.0
2034,Consumer,Fort Lauderdale,FL,EE. UU.,33313.0
12097,Consumer,San Jose,CA,EE. UU.,95125.0
1148,Consumer,Augusta,GA,EE. UU.,30907.0
6791,Consumer,Orlando,FL,EE. UU.,32808.0
1797,Consumer,Memphis,TN,EE. UU.,38118.0
1680,Consumer,Bloomfield,NJ,EE. UU.,7003.0
6927,Consumer,Summerville,SC,EE. UU.,29483.0
10685,Consumer,San Jose,CA,EE. UU.,95116.0
6127,Consumer,Pompano Beach,FL,EE. UU.,33065.0
2734,Consumer,Valrico,FL,EE. UU.,33594.0
9553,Consumer,Florissant,MO,EE. UU.,63031.0
5709,Consumer,Strongsville,OH,EE. UU.,44136.0
11550,Consumer,Ventura,CA,EE. UU.,93003.0
5046,Consumer,Astoria,NY,EE. UU.,11103.0
10212,Consumer,Irving,TX,EE. UU.,75060.0
2508,Consumer,Ann Arbor,MI,EE. UU.,48103.0
6313,Consumer,Phoenix,AZ,EE. UU.,85032.0
5886,Consumer,Hampton,VA,EE. UU.,23666.0
12186,Consumer,Flushing,NY,EE. UU.,11355.0
1489,Consumer,New York,NY,EE. UU.,10003.0
10378,Consumer,Forest Hills,NY,EE. UU.,11375.0
3973,Consumer,Alhambra,CA,EE. UU.,91801.0
7061,Consumer,Marietta,GA,EE. UU.,30062.0
13172,Consumer,Longview,WA,EE. UU.,98632.0
868,Consumer,Irvington,NJ,EE. UU.,7111.0
5168,Consumer,Fort Worth,TX,EE. UU.,76116.0
5797,Consumer,La Mirada,CA,EE. UU.,90638.0
6850,Consumer,Albuquerque,NM,EE. UU.,87105.0
14467,Consumer,Los Angeles,CA,EE. UU.,90006.0
13182,Consumer,Santa Ana,CA,EE. UU.,92707.0
13287,Consumer,El Centro,CA,EE. UU.,92243.0
14159,Consumer,Moreno Valley,CA,EE. UU.,92557.0
13123,Consumer,Garden Grove,CA,EE. UU.,92840.0
14339,Consumer,Blacksburg,VA,EE. UU.,24060.0
13248,Consumer,Bronx,NY,EE. UU.,10462.0
13464,Consumer,Austin,TX,EE. UU.,78704.0
13356,Consumer,New Braunfels,TX,EE. UU.,78130.0
13517,Consumer,Sacramento,CA,EE. UU.,95823.0
13138,Consumer,Bend,OR,EE. UU.,97701.0
13442,Consumer,Laredo,TX,EE. UU.,78040.0
13136,Consumer,Chula Vista,CA,EE. UU.,91910.0
14153,Consumer,Porterville,CA,EE. UU.,93257.0
13277,Consumer,Bronx,NY,EE. UU.,10463.0
13276,Consumer,Sylmar,CA,EE. UU.,91342.0
11684,Consumer,Rego Park,NY,EE. UU.,11374.0
10159,Consumer,Hollywood,FL,EE. UU.,33025.0
2237,Consumer,West New York,NJ,EE. UU.,7093.0
8271,Consumer,North Hollywood,CA,EE. UU.,91606.0
744,Consumer,North Hollywood,CA,EE. UU.,91606.0
5964,Consumer,Saint Louis,MO,EE. UU.,63116.0
7009,Consumer,Lancaster,CA,EE. UU.,93536.0
11214,Consumer,Santa Ana,CA,EE. UU.,92704.0
1179,Consumer,Broken Arrow,OK,EE. UU.,74012.0
3062,Consumer,Columbus,OH,EE. UU.,43228.0
5502,Consumer,Brooklyn,NY,EE. UU.,11226.0
1859,Consumer,Milwaukee,WI,EE. UU.,53209.0
10522,Consumer,Chicago,IL,EE. UU.,60620.0
418,Consumer,Gardena,CA,EE. UU.,90247.0
11874,Consumer,Elyria,OH,EE. UU.,44035.0
11227,Consumer,Orlando,FL,EE. UU.,32825.0
1708,Consumer,Arlington,TX,EE. UU.,76010.0
5013,Consumer,Reynoldsburg,OH,EE. UU.,43068.0
13606,Consumer,Morristown,NJ,EE. UU.,7960.0
8285,Consumer,Brooklyn,NY,EE. UU.,11219.0
9397,Consumer,Fontana,CA,EE. UU.,92336.0
8200,Consumer,Muskegon,MI,EE. UU.,49442.0
1994,Consumer,Cleveland,OH,EE. UU.,44105.0
7895,Consumer,Milford,CT,EE. UU.,6460.0
1145,Consumer,Columbus,OH,EE. UU.,43230.0
2605,Consumer,Livermore,CA,EE. UU.,94550.0
9389,Consumer,Miami,FL,EE. UU.,33165.0
1843,Consumer,Lawton,OK,EE. UU.,73505.0
9042,Consumer,Ogden,UT,EE. UU.,84404.0
7431,Consumer,Houston,TX,EE. UU.,77080.0
5719,Consumer,Virginia Beach,VA,EE. UU.,23455.0
10748,Consumer,Aurora,IL,EE. UU.,60504.0
7800,Consumer,Bronx,NY,EE. UU.,10463.0
4409,Consumer,Garden Grove,CA,EE. UU.,92840.0
3270,Consumer,National City,CA,EE. UU.,91950.0
12787,Consumer,Stockton,CA,EE. UU.,95206.0
14886,Consumer,Newark,DE,EE. UU.,19702.0
8987,Consumer,Chicago,IL,EE. UU.,60639.0
12768,Consumer,Placentia,CA,EE. UU.,92870.0
8671,Consumer,Santa Fe,NM,EE. UU.,87505.0
5457,Consumer,Mesa,AZ,EE. UU.,85204.0
7234,Consumer,San Antonio,TX,EE. UU.,78201.0
3011,Consumer,Wichita,KS,EE. UU.,67212.0
14811,Consumer,Bronx,NY,EE. UU.,10467.0
8718,Consumer,Seattle,WA,EE. UU.,98115.0
1147,Consumer,Brooklyn,NY,EE. UU.,11235.0
1309,Consumer,Roswell,NM,EE. UU.,88201.0
2711,Consumer,Bronx,NY,EE. UU.,10460.0
13736,Consumer,Mission,TX,EE. UU.,78572.0
7413,Consumer,San Bernardino,CA,EE. UU.,92404.0
6618,Consumer,Huntington Beach,CA,EE. UU.,92647.0
998,Consumer,Anaheim,CA,EE. UU.,92805.0
1116,Consumer,Warren,MI,EE. UU.,48093.0
4765,Consumer,Milford,CT,EE. UU.,6460.0
7403,Consumer,Honolulu,HI,EE. UU.,96822.0
10182,Consumer,San Diego,CA,EE. UU.,92117.0
4093,Consumer,Brockton,MA,EE. UU.,2301.0
4922,Consumer,Bronx,NY,EE. UU.,10466.0
8396,Consumer,San Jose,CA,EE. UU.,95148.0
11508,Consumer,Newark,DE,EE. UU.,19702.0
10698,Consumer,La Mirada,CA,EE. UU.,90638.0
3402,Consumer,Moreno Valley,CA,EE. UU.,92553.0
3658,Consumer,Huntington Beach,CA,EE. UU.,92646.0
4002,Consumer,Columbus,GA,EE. UU.,31907.0
7110,Consumer,Beaverton,OR,EE. UU.,97007.0
8305,Consumer,Jackson,MI,EE. UU.,49201.0
706,Consumer,Brighton,MA,EE. UU.,2135.0
1643,Consumer,Staten Island,NY,EE. UU.,10306.0
2814,Consumer,Chicago,IL,EE. UU.,60614.0
1626,Consumer,Garden Grove,CA,EE. UU.,92840.0
1458,Consumer,Philadelphia,PA,EE. UU.,19148.0
11718,Consumer,Chino,CA,EE. UU.,91710.0
5494,Consumer,Oceanside,CA,EE. UU.,92056.0
2555,Consumer,Costa Mesa,CA,EE. UU.,92626.0
1567,Consumer,San Diego,CA,EE. UU.,92109.0
7099,Consumer,Orlando,FL,EE. UU.,32822.0
2872,Corporate,Bronx,NY,EE. UU.,10461.0
6802,Corporate,Alpharetta,GA,EE. UU.,30022.0
3192,Corporate,Panorama City,CA,EE. UU.,91402.0
9348,Corporate,Wyoming,MI,EE. UU.,49509.0
4540,Corporate,Wichita,KS,EE. UU.,67212.0
9613,Corporate,Phoenix,AZ,EE. UU.,85040.0
10705,Corporate,Orlando,FL,EE. UU.,32808.0
11259,Corporate,Palo Alto,CA,EE. UU.,94303.0
5727,Corporate,Cleveland,OH,EE. UU.,44102.0
8761,Corporate,Bronx,NY,EE. UU.,10467.0
3629,Corporate,North Tonawanda,NY,EE. UU.,14120.0
4478,Corporate,West Jordan,UT,EE. UU.,84084.0
9904,Corporate,Chicago,IL,EE. UU.,60610.0
4339,Corporate,Astoria,NY,EE. UU.,11103.0
11912,Corporate,Glendale,AZ,EE. UU.,85308.0
64,Corporate,Chicago,IL,EE. UU.,60647.0
6305,Corporate,Mount Pleasant,MI,EE. UU.,48858.0
5561,Corporate,Martinsburg,WV,EE. UU.,25401.0
6043,Corporate,Detroit,MI,EE. UU.,48224.0
2452,Corporate,Santa Fe,NM,EE. UU.,87505.0
6789,Corporate,Pompano Beach,FL,EE. UU.,33068.0
1170,Corporate,Morristown,NJ,EE. UU.,7960.0
12,Corporate,San Antonio,TX,EE. UU.,78227.0
325,Corporate,Washington,DC,EE. UU.,20019.0
7886,Corporate,Salem,OR,EE. UU.,97301.0
1265,Corporate,San Francisco,CA,EE. UU.,94122.0
3267,Corporate,Henrico,VA,EE. UU.,23233.0
12378,Corporate,Eugene,OR,EE. UU.,97405.0
6261,Corporate,Corona,CA,EE. UU.,92882.0
6688,Corporate,Los Angeles,CA,EE. UU.,90003.0
7732,Corporate,Bronx,NY,EE. UU.,10456.0
1870,Corporate,Amarillo,TX,EE. UU.,79109.0
2705,Corporate,Hanover,PA,EE. UU.,17331.0
8683,Corporate,Brighton,MA,EE. UU.,2135.0
7794,Corporate,Chicago,IL,EE. UU.,60623.0
11702,Corporate,Lawrence,MA,EE. UU.,1841.0
7792,Corporate,La Mirada,CA,EE. UU.,90638.0
6386,Corporate,Folsom,CA,EE. UU.,95630.0
371,Corporate,San Antonio,TX,EE. UU.,78223.0
10184,Corporate,Holland,MI,EE. UU.,49423.0
1081,Corporate,Sacramento,CA,EE. UU.,95823.0
4696,Corporate,Ballwin,MO,EE. UU.,63021.0
3623,Corporate,Bayonne,NJ,EE. UU.,7002.0
1537,Corporate,Pompano Beach,FL,EE. UU.,33064.0
2187,Corporate,Westminster,CA,EE. UU.,92683.0
4139,Corporate,Antioch,CA,EE. UU.,94509.0
11992,Corporate,Mentor,OH,EE. UU.,44060.0
4736,Corporate,New Orleans,LA,EE. UU.,70119.0
10218,Corporate,Vallejo,CA,EE. UU.,94591.0
1985,Corporate,San Antonio,TX,EE. UU.,78250.0
1741,Corporate,Mission Viejo,CA,EE. UU.,92691.0
9003,Corporate,Lancaster,SC,EE. UU.,29720.0
3862,Corporate,Watsonville,CA,EE. UU.,95076.0
3274,Corporate,Des Plaines,IL,EE. UU.,60016.0
9654,Corporate,Mentor,OH,EE. UU.,44060.0
10540,Corporate,Virginia Beach,VA,EE. UU.,23455.0
3075,Corporate,Algonquin,IL,EE. UU.,60102.0
567,Corporate,Las Vegas,NV,EE. UU.,89103.0
7598,Corporate,San Benito,TX,EE. UU.,78586.0
11819,Corporate,Honolulu,HI,EE. UU.,96816.0
6343,Corporate,Virginia Beach,VA,EE. UU.,23462.0
1385,Corporate,Littleton,CO,EE. UU.,80126.0
3609,Corporate,Hollywood,FL,EE. UU.,33024.0
6046,Corporate,Denton,TX,EE. UU.,76201.0
8126,Corporate,Philadelphia,PA,EE. UU.,19124.0
11719,Corporate,Chicago,IL,EE. UU.,60626.0
11695,Corporate,Chicago,IL,EE. UU.,60629.0
10037,Corporate,Weslaco,TX,EE. UU.,78596.0
7542,Corporate,Buffalo,NY,EE. UU.,14221.0
5433,Corporate,Columbus,OH,EE. UU.,43229.0
3482,Corporate,Richmond,VA,EE. UU.,23223.0
9899,Corporate,Elk Grove,CA,EE. UU.,95758.0
5572,Corporate,San Jose,CA,EE. UU.,95127.0
5069,Corporate,Hialeah,FL,EE. UU.,33015.0
12376,Corporate,San Francisco,CA,EE. UU.,94110.0
3361,Corporate,San Diego,CA,EE. UU.,92105.0
4266,Corporate,Miami,FL,EE. UU.,33165.0
6957,Corporate,Los Angeles,CA,EE. UU.,90065.0
9063,Corporate,New York,NY,EE. UU.,10029.0
6731,Corporate,Norwalk,CA,EE. UU.,90650.0
4757,Corporate,New Orleans,LA,EE. UU.,70117.0
3541,Corporate,Atlanta,GA,EE. UU.,30318.0
1682,Corporate,Woodside,NY,EE. UU.,11377.0
11411,Corporate,Glendale,AZ,EE. UU.,85308.0
8592,Corporate,Carol Stream,IL,EE. UU.,60188.0
5219,Corporate,Fort Lauderdale,FL,EE. UU.,33324.0
6888,Corporate,San Jose,CA,EE. UU.,95122.0
5999,Corporate,Cupertino,CA,EE. UU.,95014.0
5041,Corporate,Massillon,OH,EE. UU.,44646.0
8033,Corporate,Miami,FL,EE. UU.,33186.0
2156,Corporate,Livermore,CA,EE. UU.,94550.0
8877,Corporate,Livermore,CA,EE. UU.,94550.0
2889,Corporate,Hialeah,FL,EE. UU.,33010.0
9707,Corporate,Brooklyn,NY,EE. UU.,11230.0
1589,Corporate,Cleveland,OH,EE. UU.,44102.0
11115,Corporate,Williamsport,PA,EE. UU.,17701.0
4710,Corporate,Daly City,CA,EE. UU.,94015.0
1917,Corporate,Moreno Valley,CA,EE. UU.,92553.0
2296,Corporate,Phoenix,AZ,EE. UU.,85033.0
11287,Corporate,Houston,TX,EE. UU.,77081.0
6053,Corporate,Elmhurst,NY,EE. UU.,11373.0
5704,Corporate,Medford,MA,EE. UU.,2155.0
8653,Corporate,Saint Louis,MO,EE. UU.,63116.0
8321,Corporate,Sugar Land,TX,EE. UU.,77478.0
2765,Corporate,Woodbridge,VA,EE. UU.,22192.0
9448,Corporate,Grand Prairie,TX,EE. UU.,75052.0
812,Corporate,Bronx,NY,EE. UU.,10462.0
2839,Corporate,Stockbridge,GA,EE. UU.,30281.0
5431,Corporate,Oceanside,CA,EE. UU.,92054.0
4988,Corporate,Washington,DC,EE. UU.,20009.0
9045,Corporate,Chicago,IL,EE. UU.,60636.0
11488,Corporate,Salem,OR,EE. UU.,97303.0
12135,Corporate,Chicago,IL,EE. UU.,60651.0
626,Corporate,Dallas,TX,EE. UU.,75228.0
6962,Corporate,Elgin,IL,EE. UU.,60123.0
5803,Corporate,Jamaica,NY,EE. UU.,11434.0
2094,Corporate,Portland,OR,EE. UU.,97223.0
3957,Corporate,Cumberland,MD,EE. UU.,21502.0
11001,Corporate,Sylmar,CA,EE. UU.,91342.0
5958,Corporate,Garden Grove,CA,EE. UU.,92843.0
7157,Corporate,Vallejo,CA,EE. UU.,94591.0
9763,Corporate,Irving,TX,EE. UU.,75061.0
11295,Corporate,Chula Vista,CA,EE. UU.,91910.0
10980,Corporate,Chicago,IL,EE. UU.,60639.0
224,Corporate,Wheeling,WV,EE. UU.,26003.0
4411,Corporate,Brighton,MA,EE. UU.,2135.0
10696,Corporate,Waipahu,HI,EE. UU.,96797.0
1652,Corporate,Raleigh,NC,EE. UU.,27610.0
3159,Corporate,Cleveland,OH,EE. UU.,44118.0
11173,Corporate,Enfield,CT,EE. UU.,6082.0
12133,Corporate,Mililani,HI,EE. UU.,96789.0
5362,Corporate,Milford,CT,EE. UU.,6460.0
4915,Corporate,Fort Lauderdale,FL,EE. UU.,33324.0
10117,Corporate,Waipahu,HI,EE. UU.,96797.0
11794,Corporate,Brooklyn,NY,EE. UU.,11230.0
7187,Corporate,Apex,NC,EE. UU.,27502.0
6354,Corporate,Visalia,CA,EE. UU.,93277.0
8694,Corporate,Winter Park,FL,EE. UU.,32792.0
682,Corporate,Salinas,CA,EE. UU.,93906.0
11071,Corporate,Brooklyn,NY,EE. UU.,11208.0
3005,Corporate,San Diego,CA,EE. UU.,92111.0
2562,Corporate,Apex,NC,EE. UU.,27502.0
213,Corporate,Enfield,CT,EE. UU.,6082.0
10138,Corporate,Brighton,MA,EE. UU.,2135.0
11314,Corporate,Encinitas,CA,EE. UU.,92024.0
8657,Corporate,Douglasville,GA,EE. UU.,30135.0
6963,Corporate,Harlingen,TX,EE. UU.,78550.0
10676,Corporate,Quincy,IL,EE. UU.,62301.0
9930,Corporate,Detroit,MI,EE. UU.,48235.0
3310,Corporate,Glenview,IL,EE. UU.,60025.0
8500,Corporate,Brooklyn,NY,EE. UU.,11216.0
10812,Corporate,Albuquerque,NM,EE. UU.,87112.0
7657,Corporate,Goleta,CA,EE. UU.,93117.0
8008,Corporate,Oxnard,CA,EE. UU.,93033.0
5148,Corporate,Findlay,OH,EE. UU.,45840.0
2050,Corporate,Doylestown,PA,EE. UU.,18901.0
1703,Corporate,Birmingham,AL,EE. UU.,35215.0
2184,Corporate,Hollister,CA,EE. UU.,95023.0
10566,Corporate,Los Angeles,CA,EE. UU.,90007.0
8367,Corporate,Newark,DE,EE. UU.,19711.0
783,Corporate,Broomfield,CO,EE. UU.,80020.0
6896,Corporate,Santa Ana,CA,EE. UU.,92707.0
946,Corporate,La Mesa,CA,EE. UU.,91941.0
12302,Corporate,Austin,TX,EE. UU.,78753.0
7978,Corporate,Chicago,IL,EE. UU.,60626.0
53,Corporate,Roswell,GA,EE. UU.,30075.0
742,Corporate,Santa Maria,CA,EE. UU.,93458.0
2926,Corporate,Levittown,NY,EE. UU.,11756.0
11888,Corporate,Fullerton,CA,EE. UU.,92833.0
5629,Corporate,Glendale,AZ,EE. UU.,85301.0
12106,Corporate,Los Angeles,CA,EE. UU.,90032.0
413,Corporate,Potomac,MD,EE. UU.,20854.0
5876,Corporate,Costa Mesa,CA,EE. UU.,92627.0
821,Corporate,Piscataway,NJ,EE. UU.,8854.0
2992,Corporate,Newark,OH,EE. UU.,43055.0
4291,Corporate,Corona,NY,EE. UU.,11368.0
10843,Corporate,Saint Louis,MO,EE. UU.,63136.0
9542,Corporate,Chicago,IL,EE. UU.,60634.0
7510,Corporate,Albuquerque,NM,EE. UU.,87111.0
8621,Corporate,Salem,OR,EE. UU.,97303.0
3757,Corporate,Rosemead,CA,EE. UU.,91770.0
11331,Corporate,Ypsilanti,MI,EE. UU.,48197.0
11320,Corporate,Tracy,CA,EE. UU.,95376.0
2436,Corporate,Albuquerque,NM,EE. UU.,87120.0
1141,Corporate,Howell,MI,EE. UU.,48843.0
10619,Corporate,North Tonawanda,NY,EE. UU.,14120.0
5527,Corporate,Sacramento,CA,EE. UU.,95823.0
3149,Corporate,Dallas,TX,EE. UU.,75287.0
10207,Corporate,Nashville,TN,EE. UU.,37211.0
7848,Corporate,Hickory,NC,EE. UU.,28601.0
3434,Corporate,Greensboro,NC,EE. UU.,27406.0
933,Corporate,Bridgeton,NJ,EE. UU.,8302.0
7983,Corporate,New York,NY,EE. UU.,10009.0
5463,Corporate,Fond Du Lac,WI,EE. UU.,54935.0
4860,Corporate,Aurora,CO,EE. UU.,80010.0
11735,Corporate,Richmond,TX,EE. UU.,77469.0
11460,Corporate,New York,NY,EE. UU.,10128.0
592,Corporate,Detroit,MI,EE. UU.,48235.0
6672,Corporate,Fort Lauderdale,FL,EE. UU.,33324.0
2613,Corporate,Chicago,IL,EE. UU.,60629.0
4888,Corporate,Modesto,CA,EE. UU.,95351.0
7841,Corporate,Brooklyn,NY,EE. UU.,11229.0
1776,Corporate,Glendale,AZ,EE. UU.,85301.0
7287,Home Office,Caguas,PR,Puerto Rico,725.0
3196,Home Office,Caguas,PR,Puerto Rico,725.0
5162,Home Office,Caguas,PR,Puerto Rico,725.0
10683,Home Office,Caguas,PR,Puerto Rico,725.0
1710,Home Office,Caguas,PR,Puerto Rico,725.0
10871,Home Office,Caguas,PR,Puerto Rico,725.0
7589,Home Office,Caguas,PR,Puerto Rico,725.0
7426,Home Office,Caguas,PR,Puerto Rico,725.0
11619,Home Office,Caguas,PR,Puerto Rico,725.0
73,Home Office,Caguas,PR,Puerto Rico,725.0
5486,Home Office,Caguas,PR,Puerto Rico,725.0
3981,Home Office,Caguas,PR,Puerto Rico,725.0
5684,Home Office,Caguas,PR,Puerto Rico,725.0
7417,Home Office,Caguas,PR,Puerto Rico,725.0
11316,Home Office,Caguas,PR,Puerto Rico,725.0
4056,Home Office,Caguas,PR,Puerto Rico,725.0
11458,Home Office,Caguas,PR,Puerto Rico,725.0
1822,Home Office,Caguas,PR,Puerto Rico,725.0
14846,Home Office,Caguas,PR,Puerto Rico,725.0
13273,Home Office,Caguas,PR,Puerto Rico,725.0
13216,Home Office,Caguas,PR,Puerto Rico,725.0
14570,Home Office,Caguas,PR,Puerto Rico,725.0
1104,Home Office,Caguas,PR,Puerto Rico,725.0
13667,Home Office,Caguas,PR,Puerto Rico,725.0
8046,Home Office,Caguas,PR,Puerto Rico,725.0
5304,Home Office,Caguas,PR,Puerto Rico,725.0
10351,Home Office,Caguas,PR,Puerto Rico,725.0
12686,Home Office,Caguas,PR,Puerto Rico,725.0
13129,Home Office,Caguas,PR,Puerto Rico,725.0
13016,Home Office,Caguas,PR,Puerto Rico,725.0
14584,Home Office,Caguas,PR,Puerto Rico,725.0
7267,Home Office,Caguas,PR,Puerto Rico,725.0
921,Home Office,Caguas,PR,Puerto Rico,725.0
5264,Home Office,Caguas,PR,Puerto Rico,725.0
7142,Home Office,Caguas,PR,Puerto Rico,725.0
14844,Home Office,Caguas,PR,Puerto Rico,725.0
4378,Home Office,Caguas,PR,Puerto Rico,725.0
5568,Home Office,Caguas,PR,Puerto Rico,725.0
9711,Home Office,Caguas,PR,Puerto Rico,725.0
96,Home Office,Caguas,PR,Puerto Rico,725.0
12557,Home Office,Caguas,PR,Puerto Rico,725.0
15101,Home Office,Trujillo Alto,PR,Puerto Rico,976.0
12915,Home Office,Caguas,PR,Puerto Rico,725.0
9360,Home Office,Caguas,PR,Puerto Rico,725.0
390,Home Office,Caguas,PR,Puerto Rico,725.0
11052,Home Office,Caguas,PR,Puerto Rico,725.0
890,Home Office,Caguas,PR,Puerto Rico,725.0
7891,Home Office,Caguas,PR,Puerto Rico,725.0
9504,Home Office,Caguas,PR,Puerto Rico,725.0
8833,Home Office,Caguas,PR,Puerto Rico,725.0
8418,Home Office,Caguas,PR,Puerto Rico,725.0
3778,Home Office,Caguas,PR,Puerto Rico,725.0
5436,Home Office,Caguas,PR,Puerto Rico,725.0
202,Home Office,Caguas,PR,Puerto Rico,725.0
2179,Home Office,Caguas,PR,Puerto Rico,725.0
8306,Home Office,Caguas,PR,Puerto Rico,725.0
9362,Home Office,Caguas,PR,Puerto Rico,725.0
9715,Home Office,Caguas,PR,Puerto Rico,725.0
1161,Home Office,Caguas,PR,Puerto Rico,725.0
20634,Home Office,Caguas,PR,Puerto Rico,725.0
16108,Home Office,Caguas,PR,Puerto Rico,725.0
19257,Home Office,Caguas,PR,Puerto Rico,725.0
5191,Home Office,Caguas,PR,Puerto Rico,725.0
10988,Home Office,Caguas,PR,Puerto Rico,725.0
5349,Home Office,Caguas,PR,Puerto Rico,725.0
20533,Home Office,Caguas,PR,Puerto Rico,725.0
8971,Home Office,Caguas,PR,Puerto Rico,725.0
3356,Home Office,Caguas,PR,Puerto Rico,725.0
9845,Home Office,Caguas,PR,Puerto Rico,725.0
17933,Home Office,Caguas,PR,Puerto Rico,725.0
20740,Home Office,Caguas,PR,Puerto Rico,725.0
214,Home Office,Caguas,PR,Puerto Rico,725.0
11879,Home Office,Caguas,PR,Puerto Rico,725.0
17554,Home Office,Caguas,PR,Puerto Rico,725.0
20295,Home Office,Caguas,PR,Puerto Rico,725.0
16216,Home Office,Caguas,PR,Puerto Rico,725.0
18902,Home Office,Caguas,PR,Puerto Rico,725.0
17896,Home Office,Caguas,PR,Puerto Rico,725.0
18216,Home Office,Caguas,PR,Puerto Rico,725.0
18085,Home Office,Caguas,PR,Puerto Rico,725.0
19101,Home Office,Caguas,PR,Puerto Rico,725.0
18871,Home Office,Caguas,PR,Puerto Rico,725.0
17946,Home Office,Caguas,PR,Puerto Rico,725.0
15291,Home Office,Carolina,PR,Puerto Rico,983.0
20153,Home Office,Caguas,PR,Puerto Rico,725.0
20149,Home Office,Caguas,PR,Puerto Rico,725.0
16214,Home Office,Caguas,PR,Puerto Rico,725.0
20031,Home Office,Caguas,PR,Puerto Rico,725.0
15799,Home Office,Caguas,PR,Puerto Rico,725.0
10815,Home Office,Caguas,PR,Puerto Rico,725.0
11091,Home Office,Caguas,PR,Puerto Rico,725.0
7156,Home Office,Caguas,PR,Puerto Rico,725.0
9728,Home Office,Caguas,PR,Puerto Rico,725.0
1285,Home Office,Caguas,PR,Puerto Rico,725.0
3899,Home Office,Caguas,PR,Puerto Rico,725.0
11026,Home Office,Caguas,PR,Puerto Rico,725.0
5590,Home Office,Caguas,PR,Puerto Rico,725.0
8459,Home Office,Caguas,PR,Puerto Rico,725.0
6675,Home Office,Caguas,PR,Puerto Rico,725.0
61,Home Office,Caguas,PR,Puerto Rico,725.0
11950,Home Office,Caguas,PR,Puerto Rico,725.0
9732,Home Office,Caguas,PR,Puerto Rico,725.0
6820,Home Office,Caguas,PR,Puerto Rico,725.0
5594,Home Office,Caguas,PR,Puerto Rico,725.0
10906,Home Office,Caguas,PR,Puerto Rico,725.0
11250,Home Office,Caguas,PR,Puerto Rico,725.0
7888,Home Office,Caguas,PR,Puerto Rico,725.0
4979,Home Office,Caguas,PR,Puerto Rico,725.0
4286,Home Office,Caguas,PR,Puerto Rico,725.0
2419,Home Office,Caguas,PR,Puerto Rico,725.0
12821,Home Office,Caguas,PR,Puerto Rico,725.0
6379,Home Office,Caguas,PR,Puerto Rico,725.0
9730,Home Office,Caguas,PR,Puerto Rico,725.0
15063,Home Office,Caguas,PR,Puerto Rico,725.0
12071,Home Office,Caguas,PR,Puerto Rico,725.0
9952,Home Office,Caguas,PR,Puerto Rico,725.0
4031,Home Office,Caguas,PR,Puerto Rico,725.0
3464,Home Office,Caguas,PR,Puerto Rico,725.0
8951,Home Office,Caguas,PR,Puerto Rico,725.0
6629,Home Office,Caguas,PR,Puerto Rico,725.0
20644,Home Office,Caguas,PR,Puerto Rico,725.0
20460,Home Office,Caguas,PR,Puerto Rico,725.0
15423,Home Office,Caguas,PR,Puerto Rico,725.0
9135,Home Office,Caguas,PR,Puerto Rico,725.0
17201,Home Office,Caguas,PR,Puerto Rico,725.0
15420,Home Office,Caguas,PR,Puerto Rico,725.0
1639,Home Office,Caguas,PR,Puerto Rico,725.0
17595,Home Office,Caguas,PR,Puerto Rico,725.0
129,Home Office,Caguas,PR,Puerto Rico,725.0
12242,Home Office,Caguas,PR,Puerto Rico,725.0
10289,Home Office,Caguas,PR,Puerto Rico,725.0
5491,Home Office,Caguas,PR,Puerto Rico,725.0
872,Home Office,Caguas,PR,Puerto Rico,725.0
5764,Home Office,Caguas,PR,Puerto Rico,725.0
8662,Home Office,Caguas,PR,Puerto Rico,725.0
348,Home Office,Caguas,PR,Puerto Rico,725.0
352,Home Office,Caguas,PR,Puerto Rico,725.0
15022,Home Office,Caguas,PR,Puerto Rico,725.0
13073,Home Office,Caguas,PR,Puerto Rico,725.0
14289,Home Office,Caguas,PR,Puerto Rico,725.0
9974,Home Office,Caguas,PR,Puerto Rico,725.0
9457,Home Office,Caguas,PR,Puerto Rico,725.0
9945,Home Office,Caguas,PR,Puerto Rico,725.0
13670,Home Office,Caguas,PR,Puerto Rico,725.0
1288,Home Office,Caguas,PR,Puerto Rico,725.0
13075,Home Office,Caguas,PR,Puerto Rico,725.0
13337,Home Office,Caguas,PR,Puerto Rico,725.0
2965,Home Office,Caguas,PR,Puerto Rico,725.0
7796,Home Office,Caguas,PR,Puerto Rico,725.0
2361,Home Office,Caguas,PR,Puerto Rico,725.0
14905,Home Office,Caguas,PR,Puerto Rico,725.0
11137,Home Office,Caguas,PR,Puerto Rico,725.0
13706,Home Office,Caguas,PR,Puerto Rico,725.0
9116,Home Office,Caguas,PR,Puerto Rico,725.0
12077,Home Office,Caguas,PR,Puerto Rico,725.0
10638,Home Office,Caguas,PR,Puerto Rico,725.0
1923,Home Office,Caguas,PR,Puerto Rico,725.0
2258,Home Office,Caguas,PR,Puerto Rico,725.0
11142,Home Office,Caguas,PR,Puerto Rico,725.0
8818,Home Office,Caguas,PR,Puerto Rico,725.0
8784,Home Office,Caguas,PR,Puerto Rico,725.0
2580,Home Office,Caguas,PR,Puerto Rico,725.0
12266,Home Office,Caguas,PR,Puerto Rico,725.0
10346,Home Office,Caguas,PR,Puerto Rico,725.0
4985,Home Office,Caguas,PR,Puerto Rico,725.0
861,Home Office,Caguas,PR,Puerto Rico,725.0
7346,Home Office,Caguas,PR,Puerto Rico,725.0
7591,Home Office,Caguas,PR,Puerto Rico,725.0
4633,Home Office,Caguas,PR,Puerto Rico,725.0
19906,Home Office,Caguas,PR,Puerto Rico,725.0
18175,Home Office,Caguas,PR,Puerto Rico,725.0
16462,Home Office,Caguas,PR,Puerto Rico,725.0
15696,Home Office,Caguas,PR,Puerto Rico,725.0
5354,Home Office,Caguas,PR,Puerto Rico,725.0
3516,Home Office,Caguas,PR,Puerto Rico,725.0
15209,Home Office,Caguas,PR,Puerto Rico,725.0
19820,Home Office,Caguas,PR,Puerto Rico,725.0
16599,Home Office,Caguas,PR,Puerto Rico,725.0
15775,Home Office,Caguas,PR,Puerto Rico,725.0
7833,Home Office,Caguas,PR,Puerto Rico,725.0
20667,Home Office,Caguas,PR,Puerto Rico,725.0
15952,Home Office,Caguas,PR,Puerto Rico,725.0
18651,Home Office,Caguas,PR,Puerto Rico,725.0
5376,Home Office,Caguas,PR,Puerto Rico,725.0
10123,Home Office,Caguas,PR,Puerto Rico,725.0
8856,Home Office,Caguas,PR,Puerto Rico,725.0
10168,Home Office,Caguas,PR,Puerto Rico,725.0
19861,Home Office,Caguas,PR,Puerto Rico,725.0
16306,Home Office,Caguas,PR,Puerto Rico,725.0
19818,Home Office,Caguas,PR,Puerto Rico,725.0
17628,Home Office,Caguas,PR,Puerto Rico,725.0
24,Home Office,Caguas,PR,Puerto Rico,725.0
5344,Home Office,Caguas,PR,Puerto Rico,725.0
3743,Home Office,Caguas,PR,Puerto Rico,725.0
4962,Home Office,Caguas,PR,Puerto Rico,725.0
10406,Home Office,Caguas,PR,Puerto Rico,725.0
3165,Home Office,Caguas,PR,Puerto Rico,725.0
2283,Home Office,Caguas,PR,Puerto Rico,725.0
1687,Home Office,Caguas,PR,Puerto Rico,725.0
11662,Home Office,Caguas,PR,Puerto Rico,725.0
5009,Home Office,Caguas,PR,Puerto Rico,725.0
10626,Home Office,Caguas,PR,Puerto Rico,725.0
4188,Home Office,Caguas,PR,Puerto Rico,725.0
3501,Home Office,Caguas,PR,Puerto Rico,725.0
10185,Home Office,Caguas,PR,Puerto Rico,725.0
10504,Home Office,Caguas,PR,Puerto Rico,725.0
1684,Home Office,Caguas,PR,Puerto Rico,725.0
9694,Home Office,Caguas,PR,Puerto Rico,725.0
1349,Home Office,Caguas,PR,Puerto Rico,725.0
5315,Home Office,Caguas,PR,Puerto Rico,725.0
3568,Home Office,Caguas,PR,Puerto Rico,725.0
1890,Home Office,Caguas,PR,Puerto Rico,725.0
8946,Home Office,Caguas,PR,Puerto Rico,725.0
6822,Home Office,Caguas,PR,Puerto Rico,725.0
6358,Home Office,Caguas,PR,Puerto Rico,725.0
10300,Home Office,Caguas,PR,Puerto Rico,725.0
8129,Home Office,Caguas,PR,Puerto Rico,725.0
9296,Home Office,Caguas,PR,Puerto Rico,725.0
5681,Home Office,Caguas,PR,Puerto Rico,725.0
8462,Home Office,Caguas,PR,Puerto Rico,725.0
13748,Home Office,Caguas,PR,Puerto Rico,725.0
9772,Home Office,Caguas,PR,Puerto Rico,725.0
3782,Home Office,Caguas,PR,Puerto Rico,725.0
14292,Home Office,Caguas,PR,Puerto Rico,725.0
14395,Home Office,Caguas,PR,Puerto Rico,725.0
14080,Home Office,Caguas,PR,Puerto Rico,725.0
13168,Home Office,Caguas,PR,Puerto Rico,725.0
13150,Home Office,Caguas,PR,Puerto Rico,725.0
12026,Home Office,Caguas,PR,Puerto Rico,725.0
6806,Home Office,Caguas,PR,Puerto Rico,725.0
2077,Home Office,Caguas,PR,Puerto Rico,725.0
1704,Home Office,Caguas,PR,Puerto Rico,725.0
11479,Home Office,Caguas,PR,Puerto Rico,725.0
13906,Home Office,Caguas,PR,Puerto Rico,725.0
14833,Home Office,Caguas,PR,Puerto Rico,725.0
10024,Home Office,Caguas,PR,Puerto Rico,725.0
3607,Home Office,Caguas,PR,Puerto Rico,725.0
11666,Home Office,Caguas,PR,Puerto Rico,725.0
14719,Home Office,Caguas,PR,Puerto Rico,725.0
11798,Home Office,Caguas,PR,Puerto Rico,725.0
1895,Home Office,Caguas,PR,Puerto Rico,725.0
1412,Home Office,Caguas,PR,Puerto Rico,725.0
2201,Home Office,Caguas,PR,Puerto Rico,725.0
858,Home Office,Caguas,PR,Puerto Rico,725.0
6173,Home Office,Caguas,PR,Puerto Rico,725.0
15012,Home Office,Caguas,PR,Puerto Rico,725.0
15076,Home Office,Caguas,PR,Puerto Rico,725.0
14364,Home Office,Caguas,PR,Puerto Rico,725.0
14256,Home Office,Caguas,PR,Puerto Rico,725.0
14398,Home Office,Caguas,PR,Puerto Rico,725.0
14245,Home Office,Caguas,PR,Puerto Rico,725.0
13494,Home Office,Caguas,PR,Puerto Rico,725.0
12365,Home Office,Caguas,PR,Puerto Rico,725.0
12780,Home Office,Caguas,PR,Puerto Rico,725.0
2032,Home Office,Caguas,PR,Puerto Rico,725.0
3780,Home Office,Caguas,PR,Puerto Rico,725.0
14746,Home Office,Bayamon,PR,Puerto Rico,957.0
12790,Home Office,Caguas,PR,Puerto Rico,725.0
2848,Home Office,Caguas,PR,Puerto Rico,725.0
12788,Home Office,Caguas,PR,Puerto Rico,725.0
3217,Home Office,Caguas,PR,Puerto Rico,725.0
7428,Home Office,Caguas,PR,Puerto Rico,725.0
5748,Home Office,Caguas,PR,Puerto Rico,725.0
2604,Home Office,Caguas,PR,Puerto Rico,725.0
10384,Home Office,Caguas,PR,Puerto Rico,725.0
7400,Home Office,Caguas,PR,Puerto Rico,725.0
765,Home Office,Caguas,PR,Puerto Rico,725.0
1110,Consumer,Caguas,PR,Puerto Rico,725.0
8436,Consumer,Caguas,PR,Puerto Rico,725.0
8724,Consumer,Caguas,PR,Puerto Rico,725.0
11717,Consumer,Caguas,PR,Puerto Rico,725.0
2950,Consumer,Caguas,PR,Puerto Rico,725.0
3284,Consumer,Caguas,PR,Puerto Rico,725.0
2128,Consumer,Caguas,PR,Puerto Rico,725.0
9344,Consumer,Caguas,PR,Puerto Rico,725.0
5771,Consumer,Caguas,PR,Puerto Rico,725.0
11269,Consumer,Caguas,PR,Puerto Rico,725.0
12088,Consumer,Caguas,PR,Puerto Rico,725.0
7001,Consumer,Caguas,PR,Puerto Rico,725.0
1486,Consumer,Caguas,PR,Puerto Rico,725.0
7572,Consumer,Caguas,PR,Puerto Rico,725.0
12099,Consumer,Caguas,PR,Puerto Rico,725.0
7487,Consumer,Caguas,PR,Puerto Rico,725.0
3431,Consumer,Caguas,PR,Puerto Rico,725.0
10622,Consumer,Caguas,PR,Puerto Rico,725.0
1931,Consumer,Caguas,PR,Puerto Rico,725.0
2262,Consumer,Caguas,PR,Puerto Rico,725.0
1544,Consumer,Caguas,PR,Puerto Rico,725.0
660,Consumer,Caguas,PR,Puerto Rico,725.0
5937,Consumer,San Sebastian,PR,Puerto Rico,685.0
7124,Consumer,Caguas,PR,Puerto Rico,725.0
11866,Consumer,Caguas,PR,Puerto Rico,725.0
5399,Consumer,Caguas,PR,Puerto Rico,725.0
3747,Consumer,Caguas,PR,Puerto Rico,725.0
7747,Consumer,Caguas,PR,Puerto Rico,725.0
11182,Consumer,Caguas,PR,Puerto Rico,725.0
10136,Consumer,Caguas,PR,Puerto Rico,725.0
8791,Consumer,Caguas,PR,Puerto Rico,725.0
8584,Consumer,Caguas,PR,Puerto Rico,725.0
8242,Consumer,Caguas,PR,Puerto Rico,725.0
1302,Consumer,Caguas,PR,Puerto Rico,725.0
2929,Consumer,Caguas,PR,Puerto Rico,725.0
8711,Consumer,Caguas,PR,Puerto Rico,725.0
1044,Consumer,Caguas,PR,Puerto Rico,725.0
10401,Consumer,Caguas,PR,Puerto Rico,725.0
7024,Consumer,Caguas,PR,Puerto Rico,725.0
8493,Consumer,Caguas,PR,Puerto Rico,725.0
2793,Consumer,Caguas,PR,Puerto Rico,725.0
3288,Consumer,Caguas,PR,Puerto Rico,725.0
11123,Consumer,Caguas,PR,Puerto Rico,725.0
8057,Consumer,Caguas,PR,Puerto Rico,725.0
2004,Consumer,Guaynabo,PR,Puerto Rico,969.0
11305,Consumer,Caguas,PR,Puerto Rico,725.0
12425,Consumer,Caguas,PR,Puerto Rico,725.0
8743,Consumer,Caguas,PR,Puerto Rico,725.0
3556,Consumer,Caguas,PR,Puerto Rico,725.0
7754,Consumer,Caguas,PR,Puerto Rico,725.0
10923,Consumer,Caguas,PR,Puerto Rico,725.0
1871,Consumer,Caguas,PR,Puerto Rico,725.0
11839,Consumer,Caguas,PR,Puerto Rico,725.0
10946,Consumer,Caguas,PR,Puerto Rico,725.0
6584,Consumer,Caguas,PR,Puerto Rico,725.0
2365,Consumer,Caguas,PR,Puerto Rico,725.0
11302,Consumer,Caguas,PR,Puerto Rico,725.0
152,Consumer,Caguas,PR,Puerto Rico,725.0
879,Consumer,Caguas,PR,Puerto Rico,725.0
6444,Consumer,Caguas,PR,Puerto Rico,725.0
3857,Consumer,Caguas,PR,Puerto Rico,725.0
1972,Consumer,Caguas,PR,Puerto Rico,725.0
10829,Consumer,Caguas,PR,Puerto Rico,725.0
9384,Consumer,Caguas,PR,Puerto Rico,725.0
6181,Consumer,Caguas,PR,Puerto Rico,725.0
749,Consumer,Caguas,PR,Puerto Rico,725.0
8378,Consumer,Caguas,PR,Puerto Rico,725.0
4914,Consumer,Caguas,PR,Puerto Rico,725.0
5587,Consumer,Bayamon,PR,Puerto Rico,957.0
1621,Consumer,Caguas,PR,Puerto Rico,725.0
12258,Consumer,Caguas,PR,Puerto Rico,725.0
4230,Consumer,Caguas,PR,Puerto Rico,725.0
8981,Consumer,Caguas,PR,Puerto Rico,725.0
12388,Consumer,Caguas,PR,Puerto Rico,725.0
85,Consumer,Caguas,PR,Puerto Rico,725.0
681,Consumer,Caguas,PR,Puerto Rico,725.0
2119,Consumer,Caguas,PR,Puerto Rico,725.0
6996,Consumer,Caguas,PR,Puerto Rico,725.0
3936,Consumer,Caguas,PR,Puerto Rico,725.0
12305,Consumer,Caguas,PR,Puerto Rico,725.0
6440,Consumer,Caguas,PR,Puerto Rico,725.0
9482,Consumer,Caguas,PR,Puerto Rico,725.0
11010,Consumer,Caguas,PR,Puerto Rico,725.0
7838,Consumer,Caguas,PR,Puerto Rico,725.0
4128,Consumer,Caguas,PR,Puerto Rico,725.0
7343,Consumer,Caguas,PR,Puerto Rico,725.0
4509,Consumer,Caguas,PR,Puerto Rico,725.0
5782,Consumer,Caguas,PR,Puerto Rico,725.0
8861,Consumer,Caguas,PR,Puerto Rico,725.0
5250,Consumer,Caguas,PR,Puerto Rico,725.0
5251,Consumer,Bayamon,PR,Puerto Rico,957.0
3672,Consumer,Caguas,PR,Puerto Rico,725.0
9035,Consumer,Caguas,PR,Puerto Rico,725.0
6078,Consumer,Caguas,PR,Puerto Rico,725.0
5718,Consumer,Caguas,PR,Puerto Rico,725.0
1154,Consumer,Caguas,PR,Puerto Rico,725.0
4297,Consumer,Caguas,PR,Puerto Rico,725.0
11755,Consumer,Caguas,PR,Puerto Rico,725.0
3859,Consumer,Caguas,PR,Puerto Rico,725.0
5286,Consumer,Caguas,PR,Puerto Rico,725.0
11278,Consumer,Caguas,PR,Puerto Rico,725.0
6928,Consumer,Caguas,PR,Puerto Rico,725.0
8277,Consumer,Caguas,PR,Puerto Rico,725.0
12217,Consumer,Caguas,PR,Puerto Rico,725.0
1193,Consumer,Caguas,PR,Puerto Rico,725.0
7257,Consumer,Aguadilla,PR,Puerto Rico,603.0
4664,Consumer,Caguas,PR,Puerto Rico,725.0
1538,Consumer,Caguas,PR,Puerto Rico,725.0
10426,Consumer,Caguas,PR,Puerto Rico,725.0
7062,Consumer,Caguas,PR,Puerto Rico,725.0
2940,Consumer,Caguas,PR,Puerto Rico,725.0
9140,Consumer,Caguas,PR,Puerto Rico,725.0
5753,Consumer,Caguas,PR,Puerto Rico,725.0
8093,Consumer,Caguas,PR,Puerto Rico,725.0
3167,Consumer,Caguas,PR,Puerto Rico,725.0
13275,Consumer,Caguas,PR,Puerto Rico,725.0
14113,Consumer,Caguas,PR,Puerto Rico,725.0
14184,Consumer,Caguas,PR,Puerto Rico,725.0
14309,Consumer,Caguas,PR,Puerto Rico,725.0
13165,Consumer,Caguas,PR,Puerto Rico,725.0
14628,Consumer,Caguas,PR,Puerto Rico,725.0
14466,Consumer,Caguas,PR,Puerto Rico,725.0
13056,Consumer,Caguas,PR,Puerto Rico,725.0
14663,Consumer,Caguas,PR,Puerto Rico,725.0
14109,Consumer,Caguas,PR,Puerto Rico,725.0
13378,Consumer,Caguas,PR,Puerto Rico,725.0
13306,Consumer,Caguas,PR,Puerto Rico,725.0
14234,Consumer,Caguas,PR,Puerto Rico,725.0
14162,Consumer,Caguas,PR,Puerto Rico,725.0
14516,Consumer,Caguas,PR,Puerto Rico,725.0
13233,Consumer,Caguas,PR,Puerto Rico,725.0
14107,Consumer,Caguas,PR,Puerto Rico,725.0
14678,Consumer,Caguas,PR,Puerto Rico,725.0
13430,Consumer,Caguas,PR,Puerto Rico,725.0
14230,Consumer,Caguas,PR,Puerto Rico,725.0
13266,Consumer,Caguas,PR,Puerto Rico,725.0
14494,Consumer,Caguas,PR,Puerto Rico,725.0
14319,Consumer,Caguas,PR,Puerto Rico,725.0
13516,Consumer,Caguas,PR,Puerto Rico,725.0
12976,Consumer,Caguas,PR,Puerto Rico,725.0
14210,Consumer,Caguas,PR,Puerto Rico,725.0
13299,Consumer,Caguas,PR,Puerto Rico,725.0
13425,Consumer,Caguas,PR,Puerto Rico,725.0
13064,Consumer,Caguas,PR,Puerto Rico,725.0
14370,Consumer,Caguas,PR,Puerto Rico,725.0
14208,Consumer,Caguas,PR,Puerto Rico,725.0
14190,Consumer,Caguas,PR,Puerto Rico,725.0
14333,Consumer,Caguas,PR,Puerto Rico,725.0
14243,Consumer,Caguas,PR,Puerto Rico,725.0
13387,Consumer,Caguas,PR,Puerto Rico,725.0
14387,Consumer,Caguas,PR,Puerto Rico,725.0
14315,Consumer,Caguas,PR,Puerto Rico,725.0
14117,Consumer,Caguas,PR,Puerto Rico,725.0
12972,Consumer,Caguas,PR,Puerto Rico,725.0
13422,Consumer,Caguas,PR,Puerto Rico,725.0
13475,Consumer,Caguas,PR,Puerto Rico,725.0
13043,Consumer,Caguas,PR,Puerto Rico,725.0
14133,Consumer,Caguas,PR,Puerto Rico,725.0
14384,Consumer,Caguas,PR,Puerto Rico,725.0
14168,Consumer,Caguas,PR,Puerto Rico,725.0
10113,Consumer,Caguas,PR,Puerto Rico,725.0
6881,Consumer,Caguas,PR,Puerto Rico,725.0
1847,Consumer,Caguas,PR,Puerto Rico,725.0
5663,Consumer,Caguas,PR,Puerto Rico,725.0
3219,Consumer,Caguas,PR,Puerto Rico,725.0
5260,Consumer,Caguas,PR,Puerto Rico,725.0
8535,Consumer,Caguas,PR,Puerto Rico,725.0
465,Consumer,Caguas,PR,Puerto Rico,725.0
11681,Consumer,Caguas,PR,Puerto Rico,725.0
4211,Consumer,Caguas,PR,Puerto Rico,725.0
7258,Consumer,Caguas,PR,Puerto Rico,725.0
9046,Consumer,San Juan,PR,Puerto Rico,921.0
554,Consumer,Caguas,PR,Puerto Rico,725.0
7092,Consumer,Caguas,PR,Puerto Rico,725.0
11104,Consumer,Caguas,PR,Puerto Rico,725.0
10479,Consumer,Caguas,PR,Puerto Rico,725.0
10564,Consumer,Caguas,PR,Puerto Rico,725.0
6198,Consumer,Caguas,PR,Puerto Rico,725.0
9388,Consumer,Caguas,PR,Puerto Rico,725.0
9515,Consumer,Caguas,PR,Puerto Rico,725.0
3960,Consumer,Caguas,PR,Puerto Rico,725.0
11905,Consumer,Caguas,PR,Puerto Rico,725.0
13609,Consumer,Caguas,PR,Puerto Rico,725.0
4849,Consumer,Carolina,PR,Puerto Rico,983.0
7940,Consumer,Caguas,PR,Puerto Rico,725.0
10449,Consumer,Caguas,PR,Puerto Rico,725.0
11228,Consumer,Caguas,PR,Puerto Rico,725.0
14040,Consumer,Caguas,PR,Puerto Rico,725.0
11659,Consumer,Caguas,PR,Puerto Rico,725.0
7031,Consumer,Caguas,PR,Puerto Rico,725.0
10972,Consumer,Caguas,PR,Puerto Rico,725.0
970,Consumer,Caguas,PR,Puerto Rico,725.0
9180,Consumer,Caguas,PR,Puerto Rico,725.0
6844,Consumer,Caguas,PR,Puerto Rico,725.0
13805,Consumer,Caguas,PR,Puerto Rico,725.0
8684,Consumer,Caguas,PR,Puerto Rico,725.0
13967,Consumer,Caguas,PR,Puerto Rico,725.0
2254,Consumer,Caguas,PR,Puerto Rico,725.0
1229,Consumer,Caguas,PR,Puerto Rico,725.0
8280,Consumer,Caguas,PR,Puerto Rico,725.0
5234,Consumer,Caguas,PR,Puerto Rico,725.0
6609,Consumer,Caguas,PR,Puerto Rico,725.0
6643,Consumer,Caguas,PR,Puerto Rico,725.0
6278,Consumer,Vega Baja,PR,Puerto Rico,693.0
13840,Consumer,Caguas,PR,Puerto Rico,725.0
9487,Consumer,Caguas,PR,Puerto Rico,725.0
10996,Consumer,Caguas,PR,Puerto Rico,725.0
5990,Consumer,Mayaguez,PR,Puerto Rico,680.0
12795,Consumer,Caguas,PR,Puerto Rico,725.0
13732,Consumer,Caguas,PR,Puerto Rico,725.0
2864,Consumer,Caguas,PR,Puerto Rico,725.0
3033,Consumer,Caguas,PR,Puerto Rico,725.0
1231,Consumer,Caguas,PR,Puerto Rico,725.0
2652,Consumer,Caguas,PR,Puerto Rico,725.0
5553,Consumer,Caguas,PR,Puerto Rico,725.0
849,Consumer,Caguas,PR,Puerto Rico,725.0
2594,Consumer,Guaynabo,PR,Puerto Rico,969.0
3496,Consumer,Caguas,PR,Puerto Rico,725.0
13857,Consumer,Caguas,PR,Puerto Rico,725.0
8994,Consumer,Caguas,PR,Puerto Rico,725.0
11997,Consumer,Caguas,PR,Puerto Rico,725.0
3976,Consumer,Carolina,PR,Puerto Rico,983.0
14713,Consumer,Caguas,PR,Puerto Rico,725.0
7506,Consumer,Caguas,PR,Puerto Rico,725.0
10306,Consumer,Caguas,PR,Puerto Rico,725.0
21,Consumer,Caguas,PR,Puerto Rico,725.0
9313,Consumer,Caguas,PR,Puerto Rico,725.0
10670,Consumer,Caguas,PR,Puerto Rico,725.0
2789,Consumer,Caguas,PR,Puerto Rico,725.0
6167,Consumer,Caguas,PR,Puerto Rico,725.0
11786,Consumer,Caguas,PR,Puerto Rico,725.0
290,Consumer,Caguas,PR,Puerto Rico,725.0
1500,Consumer,Caguas,PR,Puerto Rico,725.0
10139,Consumer,Caguas,PR,Puerto Rico,725.0
14820,Consumer,Caguas,PR,Puerto Rico,725.0
4703,Consumer,Caguas,PR,Puerto Rico,725.0
10642,Consumer,Caguas,PR,Puerto Rico,725.0
6018,Consumer,Caguas,PR,Puerto Rico,725.0
1457,Consumer,Caguas,PR,Puerto Rico,725.0
9538,Consumer,Caguas,PR,Puerto Rico,725.0
11420,Consumer,Caguas,PR,Puerto Rico,725.0
6258,Consumer,Caguas,PR,Puerto Rico,725.0
11163,Consumer,Caguas,PR,Puerto Rico,725.0
2535,Consumer,Caguas,PR,Puerto Rico,725.0
6852,Consumer,Caguas,PR,Puerto Rico,725.0
8374,Consumer,Caguas,PR,Puerto Rico,725.0
8487,Consumer,Caguas,PR,Puerto Rico,725.0
318,Consumer,Caguas,PR,Puerto Rico,725.0
2869,Consumer,Caguas,PR,Puerto Rico,725.0
12215,Consumer,Caguas,PR,Puerto Rico,725.0
6905,Consumer,Caguas,PR,Puerto Rico,725.0
10552,Consumer,Caguas,PR,Puerto Rico,725.0
316,Consumer,Caguas,PR,Puerto Rico,725.0
8197,Consumer,Caguas,PR,Puerto Rico,725.0
14836,Consumer,Caguas,PR,Puerto Rico,725.0
2609,Consumer,Caguas,PR,Puerto Rico,725.0
9885,Consumer,Caguas,PR,Puerto Rico,725.0
12754,Consumer,Caguas,PR,Puerto Rico,725.0
10973,Consumer,Mayaguez,PR,Puerto Rico,680.0
13835,Consumer,Caguas,PR,Puerto Rico,725.0
250,Consumer,Caguas,PR,Puerto Rico,725.0
1706,Consumer,Caguas,PR,Puerto Rico,725.0
7047,Consumer,Caguas,PR,Puerto Rico,725.0
1013,Consumer,Caguas,PR,Puerto Rico,725.0
14780,Consumer,Caguas,PR,Puerto Rico,725.0
13762,Consumer,Caguas,PR,Puerto Rico,725.0
13690,Consumer,Caguas,PR,Puerto Rico,725.0
11490,Consumer,Caguas,PR,Puerto Rico,725.0
13924,Consumer,Caguas,PR,Puerto Rico,725.0
11418,Consumer,Caguas,PR,Puerto Rico,725.0
10953,Consumer,Caguas,PR,Puerto Rico,725.0
6829,Consumer,Caguas,PR,Puerto Rico,725.0
8721,Consumer,Caguas,PR,Puerto Rico,725.0
2654,Consumer,Caguas,PR,Puerto Rico,725.0
7243,Consumer,Caguas,PR,Puerto Rico,725.0
12752,Consumer,Caguas,PR,Puerto Rico,725.0
8091,Consumer,Caguas,PR,Puerto Rico,725.0
12035,Consumer,Caguas,PR,Puerto Rico,725.0
5275,Consumer,Trujillo Alto,PR,Puerto Rico,976.0
14013,Consumer,Caguas,PR,Puerto Rico,725.0
8816,Consumer,Caguas,PR,Puerto Rico,725.0
7500,Consumer,Caguas,PR,Puerto Rico,725.0
12389,Consumer,Arecibo,PR,Puerto Rico,612.0
8246,Consumer,Caguas,PR,Puerto Rico,725.0
11537,Consumer,Caguas,PR,Puerto Rico,725.0
8776,Consumer,Caguas,PR,Puerto Rico,725.0
8926,Consumer,Caguas,PR,Puerto Rico,725.0
1439,Consumer,Caguas,PR,Puerto Rico,725.0
9479,Consumer,Caguas,PR,Puerto Rico,725.0
8239,Consumer,Caguas,PR,Puerto Rico,725.0
9833,Consumer,Caguas,PR,Puerto Rico,725.0
9407,Consumer,Caguas,PR,Puerto Rico,725.0
9194,Consumer,Caguas,PR,Puerto Rico,725.0
2819,Consumer,Caguas,PR,Puerto Rico,725.0
13994,Consumer,Caguas,PR,Puerto Rico,725.0
8949,Consumer,Caguas,PR,Puerto Rico,725.0
5027,Consumer,Caguas,PR,Puerto Rico,725.0
8432,Consumer,Caguas,PR,Puerto Rico,725.0
11539,Consumer,Caguas,PR,Puerto Rico,725.0
13867,Consumer,Caguas,PR,Puerto Rico,725.0
8237,Consumer,Caguas,PR,Puerto Rico,725.0
12804,Consumer,Caguas,PR,Puerto Rico,725.0
2791,Consumer,Caguas,PR,Puerto Rico,725.0
13759,Consumer,Caguas,PR,Puerto Rico,725.0
13561,Consumer,Caguas,PR,Puerto Rico,725.0
14777,Consumer,Caguas,PR,Puerto Rico,725.0
11631,Consumer,Caguas,PR,Puerto Rico,725.0
3774,Consumer,Caguas,PR,Puerto Rico,725.0
2946,Consumer,Caguas,PR,Puerto Rico,725.0
9105,Consumer,Caguas,PR,Puerto Rico,725.0
7901,Consumer,Caguas,PR,Puerto Rico,725.0
2638,Consumer,Caguas,PR,Puerto Rico,725.0
6455,Consumer,Caguas,PR,Puerto Rico,725.0
4946,Consumer,Caguas,PR,Puerto Rico,725.0
2344,Consumer,Caguas,PR,Puerto Rico,725.0
3538,Consumer,Caguas,PR,Puerto Rico,725.0
13740,Consumer,Caguas,PR,Puerto Rico,725.0
976,Consumer,Caguas,PR,Puerto Rico,725.0
7616,Consumer,Caguas,PR,Puerto Rico,725.0
3532,Consumer,Caguas,PR,Puerto Rico,725.0
5409,Consumer,Caguas,PR,Puerto Rico,725.0
3843,Consumer,Caguas,PR,Puerto Rico,725.0
9790,Consumer,Toa Alta,PR,Puerto Rico,953.0
6937,Consumer,Caguas,PR,Puerto Rico,725.0
14721,Consumer,Caguas,PR,Puerto Rico,725.0
1073,Consumer,Caguas,PR,Puerto Rico,725.0
9218,Consumer,Caguas,PR,Puerto Rico,725.0
6481,Consumer,Cayey,PR,Puerto Rico,736.0
12784,Consumer,Caguas,PR,Puerto Rico,725.0
1037,Consumer,Caguas,PR,Puerto Rico,725.0
2242,Consumer,Caguas,PR,Puerto Rico,725.0
6020,Consumer,Caguas,PR,Puerto Rico,725.0
9009,Consumer,Caguas,PR,Puerto Rico,725.0
11728,Consumer,Caguas,PR,Puerto Rico,725.0
8960,Consumer,Caguas,PR,Puerto Rico,725.0
7950,Consumer,Caguas,PR,Puerto Rico,725.0
7404,Consumer,Caguas,PR,Puerto Rico,725.0
13792,Consumer,San Juan,PR,Puerto Rico,921.0
1787,Consumer,Caguas,PR,Puerto Rico,725.0
9825,Consumer,Caguas,PR,Puerto Rico,725.0
1364,Consumer,Caguas,PR,Puerto Rico,725.0
1115,Consumer,Caguas,PR,Puerto Rico,725.0
3723,Consumer,Humacao,PR,Puerto Rico,791.0
7409,Consumer,Caguas,PR,Puerto Rico,725.0
12782,Consumer,Caguas,PR,Puerto Rico,725.0
13845,Consumer,Caguas,PR,Puerto Rico,725.0
10277,Consumer,Caguas,PR,Puerto Rico,725.0
7640,Consumer,Caguas,PR,Puerto Rico,725.0
5288,Consumer,Caguas,PR,Puerto Rico,725.0
642,Consumer,Caguas,PR,Puerto Rico,725.0
14024,Consumer,Caguas,PR,Puerto Rico,725.0
14790,Consumer,Caguas,PR,Puerto Rico,725.0
2058,Consumer,Caguas,PR,Puerto Rico,725.0
3542,Consumer,Caguas,PR,Puerto Rico,725.0
9155,Consumer,Caguas,PR,Puerto Rico,725.0
1979,Consumer,Caguas,PR,Puerto Rico,725.0
12745,Consumer,Caguas,PR,Puerto Rico,725.0
13880,Consumer,Caguas,PR,Puerto Rico,725.0
12039,Consumer,Caguas,PR,Puerto Rico,725.0
11587,Consumer,Caguas,PR,Puerto Rico,725.0
4108,Consumer,Caguas,PR,Puerto Rico,725.0
9150,Consumer,Caguas,PR,Puerto Rico,725.0
361,Consumer,Caguas,PR,Puerto Rico,725.0
8174,Consumer,Caguas,PR,Puerto Rico,725.0
168,Consumer,Caguas,PR,Puerto Rico,725.0
11627,Consumer,Caguas,PR,Puerto Rico,725.0
2496,Consumer,Caguas,PR,Puerto Rico,725.0
4973,Consumer,Caguas,PR,Puerto Rico,725.0
11176,Consumer,Caguas,PR,Puerto Rico,725.0
11477,Consumer,Caguas,PR,Puerto Rico,725.0
6192,Consumer,Caguas,PR,Puerto Rico,725.0
8919,Consumer,Caguas,PR,Puerto Rico,725.0
11134,Consumer,Caguas,PR,Puerto Rico,725.0
2445,Consumer,Caguas,PR,Puerto Rico,725.0
9019,Consumer,Caguas,PR,Puerto Rico,725.0
335,Consumer,Caguas,PR,Puerto Rico,725.0
11705,Consumer,Caguas,PR,Puerto Rico,725.0
3462,Consumer,Caguas,PR,Puerto Rico,725.0
760,Consumer,Caguas,PR,Puerto Rico,725.0
8420,Consumer,Caguas,PR,Puerto Rico,725.0
8516,Consumer,Caguas,PR,Puerto Rico,725.0
4307,Consumer,Caguas,PR,Puerto Rico,725.0
11689,Consumer,Caguas,PR,Puerto Rico,725.0
9424,Consumer,Caguas,PR,Puerto Rico,725.0
3079,Consumer,Caguas,PR,Puerto Rico,725.0
3530,Consumer,Caguas,PR,Puerto Rico,725.0
4544,Consumer,Caguas,PR,Puerto Rico,725.0
363,Consumer,Caguas,PR,Puerto Rico,725.0
11685,Consumer,Caguas,PR,Puerto Rico,725.0
10078,Consumer,Manati,PR,Puerto Rico,674.0
2586,Consumer,Caguas,PR,Puerto Rico,725.0
2961,Consumer,Caguas,PR,Puerto Rico,725.0
1453,Consumer,Caguas,PR,Puerto Rico,725.0
10443,Consumer,Caguas,PR,Puerto Rico,725.0
4953,Consumer,Caguas,PR,Puerto Rico,725.0
6171,Consumer,Caguas,PR,Puerto Rico,725.0
10663,Consumer,Caguas,PR,Puerto Rico,725.0
12254,Consumer,Caguas,PR,Puerto Rico,725.0
648,Consumer,Arecibo,PR,Puerto Rico,612.0
4669,Consumer,Humacao,PR,Puerto Rico,791.0
9954,Consumer,Caguas,PR,Puerto Rico,725.0
8805,Consumer,Caguas,PR,Puerto Rico,725.0
7809,Consumer,Caguas,PR,Puerto Rico,725.0
2044,Consumer,Caguas,PR,Puerto Rico,725.0
9510,Consumer,Caguas,PR,Puerto Rico,725.0
8573,Consumer,Guaynabo,PR,Puerto Rico,969.0
8989,Consumer,Caguas,PR,Puerto Rico,725.0
5247,Consumer,Caguas,PR,Puerto Rico,725.0
12096,Consumer,Caguas,PR,Puerto Rico,725.0
6442,Consumer,Caguas,PR,Puerto Rico,725.0
2447,Consumer,Caguas,PR,Puerto Rico,725.0
6253,Consumer,Caguas,PR,Puerto Rico,725.0
2422,Consumer,San Juan,PR,Puerto Rico,921.0
2777,Consumer,Caguas,PR,Puerto Rico,725.0
6471,Consumer,Caguas,PR,Puerto Rico,725.0
10571,Consumer,Caguas,PR,Puerto Rico,725.0
8798,Consumer,Caguas,PR,Puerto Rico,725.0
11036,Consumer,Caguas,PR,Puerto Rico,725.0
9767,Consumer,Caguas,PR,Puerto Rico,725.0
5151,Consumer,Caguas,PR,Puerto Rico,725.0
6562,Consumer,Caguas,PR,Puerto Rico,725.0
11929,Consumer,Caguas,PR,Puerto Rico,725.0
6921,Consumer,Caguas,PR,Puerto Rico,725.0
7799,Consumer,Caguas,PR,Puerto Rico,725.0
10925,Consumer,Caguas,PR,Puerto Rico,725.0
270,Consumer,Caguas,PR,Puerto Rico,725.0
7695,Consumer,Caguas,PR,Puerto Rico,725.0
5401,Consumer,Caguas,PR,Puerto Rico,725.0
11653,Consumer,Caguas,PR,Puerto Rico,725.0
9382,Consumer,Caguas,PR,Puerto Rico,725.0
3933,Consumer,Caguas,PR,Puerto Rico,725.0
4166,Consumer,Caguas,PR,Puerto Rico,725.0
4344,Consumer,Caguas,PR,Puerto Rico,725.0
11299,Consumer,Caguas,PR,Puerto Rico,725.0
6312,Consumer,Caguas,PR,Puerto Rico,725.0
3727,Consumer,Caguas,PR,Puerto Rico,725.0
5566,Consumer,Caguas,PR,Puerto Rico,725.0
1019,Consumer,Caguas,PR,Puerto Rico,725.0
6324,Consumer,Caguas,PR,Puerto Rico,725.0
12470,Consumer,Caguas,PR,Puerto Rico,725.0
12523,Consumer,Caguas,PR,Puerto Rico,725.0
12576,Consumer,Caguas,PR,Puerto Rico,725.0
12737,Consumer,Caguas,PR,Puerto Rico,725.0
12574,Consumer,Caguas,PR,Puerto Rico,725.0
12457,Consumer,Caguas,PR,Puerto Rico,725.0
12618,Consumer,Caguas,PR,Puerto Rico,725.0
12545,Consumer,Caguas,PR,Puerto Rico,725.0
12706,Consumer,Caguas,PR,Puerto Rico,725.0
12741,Consumer,Caguas,PR,Puerto Rico,725.0
14926,Consumer,Caguas,PR,Puerto Rico,725.0
12939,Consumer,Caguas,PR,Puerto Rico,725.0
14996,Consumer,Caguas,PR,Puerto Rico,725.0
14957,Consumer,Caguas,PR,Puerto Rico,725.0
12863,Consumer,Caguas,PR,Puerto Rico,725.0
15045,Consumer,Caguas,PR,Puerto Rico,725.0
12931,Consumer,Caguas,PR,Puerto Rico,725.0
12913,Consumer,Caguas,PR,Puerto Rico,725.0
15113,Consumer,Caguas,PR,Puerto Rico,725.0
15005,Consumer,Caguas,PR,Puerto Rico,725.0
12875,Consumer,Caguas,PR,Puerto Rico,725.0
14950,Consumer,Caguas,PR,Puerto Rico,725.0
15092,Consumer,Caguas,PR,Puerto Rico,725.0
15110,Consumer,Caguas,PR,Puerto Rico,725.0
15125,Consumer,Caguas,PR,Puerto Rico,725.0
13419,Consumer,Caguas,PR,Puerto Rico,725.0
14128,Consumer,Mayaguez,PR,Puerto Rico,680.0
12964,Consumer,Caguas,PR,Puerto Rico,725.0
13115,Consumer,Caguas,PR,Puerto Rico,725.0
5501,Consumer,Caguas,PR,Puerto Rico,725.0
6065,Consumer,Caguas,PR,Puerto Rico,725.0
9737,Consumer,Caguas,PR,Puerto Rico,725.0
5946,Consumer,Caguas,PR,Puerto Rico,725.0
10000,Consumer,Caguas,PR,Puerto Rico,725.0
230,Consumer,Caguas,PR,Puerto Rico,725.0
11897,Consumer,Caguas,PR,Puerto Rico,725.0
7998,Consumer,Caguas,PR,Puerto Rico,725.0
7759,Consumer,Caguas,PR,Puerto Rico,725.0
6866,Consumer,Caguas,PR,Puerto Rico,725.0
4614,Consumer,Caguas,PR,Puerto Rico,725.0
8430,Consumer,Caguas,PR,Puerto Rico,725.0
5423,Consumer,Caguas,PR,Puerto Rico,725.0
6196,Consumer,Caguas,PR,Puerto Rico,725.0
3447,Consumer,Caguas,PR,Puerto Rico,725.0
4969,Consumer,Caguas,PR,Puerto Rico,725.0
13594,Consumer,Caguas,PR,Puerto Rico,725.0
628,Consumer,Caguas,PR,Puerto Rico,725.0
867,Consumer,Caguas,PR,Puerto Rico,725.0
257,Consumer,Humacao,PR,Puerto Rico,791.0
7607,Consumer,Caguas,PR,Puerto Rico,725.0
6582,Consumer,Caguas,PR,Puerto Rico,725.0
6767,Consumer,Caguas,PR,Puerto Rico,725.0
5644,Consumer,Caguas,PR,Puerto Rico,725.0
10282,Consumer,Caguas,PR,Puerto Rico,725.0
4309,Consumer,Caguas,PR,Puerto Rico,725.0
5459,Consumer,Caguas,PR,Puerto Rico,725.0
10635,Consumer,Caguas,PR,Puerto Rico,725.0
4013,Consumer,Caguas,PR,Puerto Rico,725.0
10912,Consumer,Caguas,PR,Puerto Rico,725.0
3903,Corporate,Cleveland,OH,EE. UU.,44118.0
9625,Corporate,New York,NY,EE. UU.,10025.0
446,Corporate,Mission Viejo,CA,EE. UU.,92691.0
8261,Corporate,Dallas,TX,EE. UU.,75287.0
3170,Corporate,Woodbridge,VA,EE. UU.,22192.0
3175,Corporate,Tucson,AZ,EE. UU.,85713.0
10339,Corporate,Carol Stream,IL,EE. UU.,60188.0
10205,Corporate,Muskegon,MI,EE. UU.,49442.0
4874,Corporate,Seattle,WA,EE. UU.,98115.0
844,Corporate,Las Vegas,NV,EE. UU.,89101.0
3703,Corporate,Baldwin Park,CA,EE. UU.,91706.0
7641,Corporate,Houston,TX,EE. UU.,77015.0
5573,Corporate,Cleveland,OH,EE. UU.,44105.0
6595,Corporate,New York,NY,EE. UU.,10003.0
6990,Corporate,New York,NY,EE. UU.,10031.0
9615,Corporate,Escondido,CA,EE. UU.,92026.0
6553,Corporate,Waukegan,IL,EE. UU.,60085.0
1779,Corporate,South Ozone Park,NY,EE. UU.,11420.0
2657,Corporate,Allentown,PA,EE. UU.,18103.0
1183,Corporate,Phoenix,AZ,EE. UU.,85029.0
4913,Corporate,Amarillo,TX,EE. UU.,79109.0
9489,Corporate,Miami,FL,EE. UU.,33147.0
6722,Corporate,Normal,IL,EE. UU.,61761.0
4426,Corporate,Dallas,TX,EE. UU.,75228.0
3820,Corporate,Beaverton,OR,EE. UU.,97006.0
1909,Corporate,Carson,CA,EE. UU.,90745.0
9837,Corporate,Goose Creek,SC,EE. UU.,29445.0
5078,Corporate,Philadelphia,PA,EE. UU.,19131.0
10440,Corporate,Lakewood,NJ,EE. UU.,8701.0
4202,Corporate,Catonsville,MD,EE. UU.,21228.0
9329,Corporate,Metairie,LA,EE. UU.,70003.0
7613,Corporate,Pomona,CA,EE. UU.,91767.0
3189,Corporate,Atlanta,GA,EE. UU.,30318.0
11883,Corporate,Albuquerque,NM,EE. UU.,87120.0
10483,Corporate,Porterville,CA,EE. UU.,93257.0
11382,Corporate,Huntington Beach,CA,EE. UU.,92647.0
86,Corporate,Fort Worth,TX,EE. UU.,76106.0
9237,Corporate,Vista,CA,EE. UU.,92084.0
5356,Corporate,Reynoldsburg,OH,EE. UU.,43068.0
7604,Corporate,Phoenix,AZ,EE. UU.,85040.0
9655,Corporate,San Jose,CA,EE. UU.,95127.0
4219,Corporate,Hamilton,OH,EE. UU.,45011.0
1332,Corporate,Baltimore,MD,EE. UU.,21206.0
7656,Corporate,Bakersfield,CA,EE. UU.,93309.0
9862,Corporate,Highland,CA,EE. UU.,92346.0
11993,Corporate,Dundalk,MD,EE. UU.,21222.0
12427,Corporate,Plano,TX,EE. UU.,75093.0
10152,Corporate,Houston,TX,EE. UU.,77080.0
2564,Corporate,Amarillo,TX,EE. UU.,79109.0
5024,Corporate,Flushing,NY,EE. UU.,11355.0
2756,Corporate,Bakersfield,CA,EE. UU.,93304.0
4471,Corporate,Sacramento,CA,EE. UU.,95823.0
1960,Corporate,Newark,DE,EE. UU.,19711.0
2198,Corporate,Fort Lauderdale,FL,EE. UU.,33312.0
11737,Corporate,Miami,FL,EE. UU.,33175.0
2770,Corporate,Fremont,CA,EE. UU.,94539.0
10,Corporate,Stafford,VA,EE. UU.,22554.0
159,Corporate,Corona,NY,EE. UU.,11368.0
4413,Corporate,Sugar Land,TX,EE. UU.,77478.0
3999,Corporate,Bronx,NY,EE. UU.,10472.0
5059,Corporate,Goose Creek,SC,EE. UU.,29445.0
3906,Corporate,Tucson,AZ,EE. UU.,85719.0
12166,Corporate,Phoenix,AZ,EE. UU.,85022.0
7659,Corporate,Fairfield,OH,EE. UU.,45014.0
2204,Corporate,Hamtramck,MI,EE. UU.,48212.0
10970,Corporate,Newark,NJ,EE. UU.,7104.0
6012,Corporate,Brooklyn,NY,EE. UU.,11237.0
6436,Corporate,Dallas,TX,EE. UU.,75231.0
3058,Corporate,El Centro,CA,EE. UU.,92243.0
7558,Corporate,Bronx,NY,EE. UU.,10466.0
11596,Corporate,Brighton,MA,EE. UU.,2135.0
5685,Corporate,Brooklyn,NY,EE. UU.,11218.0
1033,Corporate,Miami,FL,EE. UU.,33157.0
5070,Corporate,Mililani,HI,EE. UU.,96789.0
6677,Corporate,Los Angeles,CA,EE. UU.,90016.0
8364,Corporate,Brooklyn,NY,EE. UU.,11238.0
10170,Corporate,Tulare,CA,EE. UU.,93274.0
10594,Corporate,Oakland,CA,EE. UU.,94601.0
7233,Corporate,Chicago,IL,EE. UU.,60621.0
659,Corporate,Greenville,NC,EE. UU.,27834.0
10631,Corporate,Union,NJ,EE. UU.,7083.0
572,Corporate,Spring Valley,CA,EE. UU.,91977.0
4168,Corporate,Weslaco,TX,EE. UU.,78596.0
9141,Corporate,Bakersfield,CA,EE. UU.,93304.0
11792,Corporate,Middletown,OH,EE. UU.,45044.0
6574,Corporate,Lakewood,NJ,EE. UU.,8701.0
1343,Corporate,Del Rio,TX,EE. UU.,78840.0
9874,Corporate,Dallas,TX,EE. UU.,75231.0
6911,Corporate,San Diego,CA,EE. UU.,92126.0
6969,Corporate,Tustin,CA,EE. UU.,92780.0
1982,Corporate,Washington,PA,EE. UU.,15301.0
170,Corporate,Broomfield,CO,EE. UU.,80020.0
3613,Corporate,Brooklyn,NY,EE. UU.,11201.0
9895,Corporate,La Crosse,WI,EE. UU.,54601.0
6988,Corporate,Denton,TX,EE. UU.,76201.0
3860,Corporate,San Antonio,TX,EE. UU.,78250.0
574,Corporate,Joliet,IL,EE. UU.,60435.0
2056,Corporate,Chicago Heights,IL,EE. UU.,60411.0
1405,Corporate,Strongsville,OH,EE. UU.,44136.0
8567,Corporate,Philadelphia,PA,EE. UU.,19143.0
3592,Corporate,Richmond,KY,EE. UU.,40475.0
4381,Corporate,Chicago,IL,EE. UU.,60637.0
12397,Corporate,Dearborn,MI,EE. UU.,48126.0
453,Corporate,Lancaster,SC,EE. UU.,29720.0
11099,Corporate,La Mirada,CA,EE. UU.,90638.0
1727,Corporate,Jamaica,NY,EE. UU.,11434.0
4040,Corporate,Roseville,MI,EE. UU.,48066.0
4468,Corporate,Carol Stream,IL,EE. UU.,60188.0
9377,Corporate,Philadelphia,PA,EE. UU.,19140.0
7318,Corporate,Memphis,TN,EE. UU.,38111.0
10786,Corporate,Stockton,CA,EE. UU.,95206.0
10270,Corporate,Hamilton,OH,EE. UU.,45013.0
5818,Corporate,El Paso,TX,EE. UU.,79912.0
7908,Corporate,Sugar Land,TX,EE. UU.,77478.0
6178,Corporate,Lancaster,SC,EE. UU.,29720.0
4178,Corporate,Miami,FL,EE. UU.,33147.0
5613,Corporate,Chicago,IL,EE. UU.,60632.0
5390,Corporate,Allentown,PA,EE. UU.,18103.0
5570,Corporate,Mission Viejo,CA,EE. UU.,92691.0
10586,Corporate,Huntington Station,NY,EE. UU.,11746.0
4865,Corporate,Bridgeton,NJ,EE. UU.,8302.0
9130,Corporate,Brooklyn,NY,EE. UU.,11214.0
10781,Corporate,Hialeah,FL,EE. UU.,33015.0
6923,Corporate,Miami,FL,EE. UU.,33155.0
6453,Corporate,Brooklyn,NY,EE. UU.,11209.0
5388,Corporate,Hendersonville,TN,EE. UU.,37075.0
6154,Corporate,Miami,FL,EE. UU.,33155.0
1648,Corporate,Cerritos,CA,EE. UU.,90703.0
6669,Corporate,Los Angeles,CA,EE. UU.,90047.0
9175,Corporate,Detroit,MI,EE. UU.,48224.0
4487,Corporate,Diamond Bar,CA,EE. UU.,91765.0
3744,Corporate,Ontario,CA,EE. UU.,91761.0
1714,Corporate,Crystal Lake,IL,EE. UU.,60014.0
8061,Corporate,Salt Lake City,UT,EE. UU.,84118.0
478,Corporate,Plainfield,IL,EE. UU.,60544.0
11226,Corporate,Philadelphia,PA,EE. UU.,19134.0
8109,Corporate,Opelousas,LA,EE. UU.,70570.0
6510,Corporate,Cumberland,MD,EE. UU.,21502.0
8745,Corporate,Ontario,CA,EE. UU.,91761.0
5476,Corporate,Aurora,CO,EE. UU.,80010.0
7130,Corporate,Brooklyn,NY,EE. UU.,11237.0
2763,Corporate,Mesa,AZ,EE. UU.,85201.0
5550,Corporate,Weslaco,TX,EE. UU.,78596.0
2829,Corporate,Costa Mesa,CA,EE. UU.,92626.0
8076,Corporate,Ann Arbor,MI,EE. UU.,48103.0
7933,Corporate,Chicago,IL,EE. UU.,60620.0
3831,Corporate,Bakersfield,CA,EE. UU.,93307.0
1112,Corporate,Saint Paul,MN,EE. UU.,55104.0
8453,Corporate,Virginia Beach,VA,EE. UU.,23455.0
1919,Corporate,Fort Worth,TX,EE. UU.,76106.0
189,Corporate,San Marcos,TX,EE. UU.,78666.0
1316,Corporate,Houston,TX,EE. UU.,77084.0
6328,Corporate,Los Angeles,CA,EE. UU.,90066.0
9176,Corporate,Webster,NY,EE. UU.,14580.0
1942,Corporate,Honolulu,HI,EE. UU.,96818.0
5266,Corporate,Brooklyn,NY,EE. UU.,11219.0
5244,Corporate,Bronx,NY,EE. UU.,10457.0
9810,Corporate,Ogden,UT,EE. UU.,84404.0
4925,Corporate,Union City,NJ,EE. UU.,7087.0
4713,Corporate,Passaic,NJ,EE. UU.,7055.0
9333,Corporate,Los Angeles,CA,EE. UU.,90026.0
9859,Corporate,York,PA,EE. UU.,17402.0
10275,Corporate,Forest Hills,NY,EE. UU.,11375.0
3828,Corporate,El Paso,TX,EE. UU.,79936.0
3106,Corporate,Las Cruces,NM,EE. UU.,88005.0
11362,Corporate,Bakersfield,CA,EE. UU.,93307.0
7847,Corporate,Saint Louis,MO,EE. UU.,63116.0
963,Corporate,Toms River,NJ,EE. UU.,8753.0
6554,Corporate,Pomona,CA,EE. UU.,91767.0
11439,Corporate,El Paso,TX,EE. UU.,79936.0
261,Corporate,Cerritos,CA,EE. UU.,90703.0
11926,Corporate,Saint Paul,MN,EE. UU.,55104.0
8347,Corporate,Lynnwood,WA,EE. UU.,98037.0
9322,Corporate,New Brunswick,NJ,EE. UU.,8901.0
11974,Corporate,Ventura,CA,EE. UU.,93003.0
2118,Corporate,Lakewood,NJ,EE. UU.,8701.0
1416,Corporate,Atlanta,GA,EE. UU.,30349.0
7535,Corporate,Honolulu,HI,EE. UU.,96822.0
1505,Corporate,Santa Ana,CA,EE. UU.,92703.0
9547,Corporate,Los Angeles,CA,EE. UU.,90027.0
6710,Corporate,Santa Fe,NM,EE. UU.,87505.0
9843,Corporate,Hayward,CA,EE. UU.,94541.0
4443,Corporate,Long Beach,CA,EE. UU.,90813.0
4057,Corporate,Aurora,CO,EE. UU.,80011.0
5050,Corporate,Huntington Beach,CA,EE. UU.,92647.0
10782,Corporate,Compton,CA,EE. UU.,90220.0
7661,Corporate,Dallas,TX,EE. UU.,75227.0
10806,Corporate,Fremont,CA,EE. UU.,94539.0
11807,Corporate,Marietta,GA,EE. UU.,30067.0
8679,Corporate,Lansdale,PA,EE. UU.,19446.0
6353,Corporate,Decatur,GA,EE. UU.,30032.0
10526,Corporate,Citrus Heights,CA,EE. UU.,95610.0
3287,Corporate,Kailua,HI,EE. UU.,96734.0
324,Corporate,Pico Rivera,CA,EE. UU.,90660.0
9660,Corporate,Pawtucket,RI,EE. UU.,2860.0
11375,Corporate,Sacramento,CA,EE. UU.,95828.0
2624,Corporate,Harvey,IL,EE. UU.,60426.0
8258,Corporate,Canton,MI,EE. UU.,48187.0
9357,Corporate,Encinitas,CA,EE. UU.,92024.0
4463,Corporate,Fairfield,CA,EE. UU.,94533.0
10105,Corporate,Zanesville,OH,EE. UU.,43701.0
1731,Corporate,Spring,TX,EE. UU.,77379.0
2836,Corporate,Chapel Hill,NC,EE. UU.,27514.0
7375,Corporate,Hagerstown,MD,EE. UU.,21740.0
11135,Corporate,New York,NY,EE. UU.,10024.0
11054,Corporate,Colton,CA,EE. UU.,92324.0
9756,Corporate,Dallas,TX,EE. UU.,75228.0
473,Corporate,Elmhurst,IL,EE. UU.,60126.0
11062,Corporate,Olathe,KS,EE. UU.,66062.0
8442,Corporate,Crown Point,IN,EE. UU.,46307.0
10489,Corporate,Washington,DC,EE. UU.,20009.0
6863,Corporate,Memphis,TN,EE. UU.,38127.0
3326,Corporate,Elmhurst,IL,EE. UU.,60126.0
11336,Corporate,Charlotte,NC,EE. UU.,28205.0
6392,Corporate,Washington,DC,EE. UU.,20019.0
10887,Corporate,Endicott,NY,EE. UU.,13760.0
1348,Corporate,Encinitas,CA,EE. UU.,92024.0
3473,Corporate,Hialeah,FL,EE. UU.,33015.0
10387,Corporate,New York,NY,EE. UU.,10128.0
11141,Corporate,Eugene,OR,EE. UU.,97405.0
2906,Corporate,Gardena,CA,EE. UU.,90247.0
11196,Corporate,Tempe,AZ,EE. UU.,85281.0
3299,Corporate,Bronx,NY,EE. UU.,10472.0
9827,Corporate,North Hollywood,CA,EE. UU.,91605.0
8888,Corporate,Alpharetta,GA,EE. UU.,30022.0
337,Corporate,New Haven,CT,EE. UU.,6511.0
541,Corporate,Lynwood,CA,EE. UU.,90262.0
2441,Corporate,Jacksonville,NC,EE. UU.,28540.0
3863,Corporate,Nashville,TN,EE. UU.,37211.0
5439,Corporate,Bronx,NY,EE. UU.,10457.0
1030,Corporate,Colorado Springs,CO,EE. UU.,80906.0
9966,Corporate,Lutz,FL,EE. UU.,33549.0
8410,Corporate,Miami,FL,EE. UU.,33177.0
1017,Corporate,Jackson Heights,NY,EE. UU.,11372.0
6982,Corporate,Canyon Country,CA,EE. UU.,91351.0
7109,Corporate,Chicago,IL,EE. UU.,60625.0
11821,Corporate,Bronx,NY,EE. UU.,10467.0
1977,Corporate,Los Angeles,CA,EE. UU.,90026.0
4693,Corporate,Brooklyn,NY,EE. UU.,11220.0
3009,Corporate,North Tonawanda,NY,EE. UU.,14120.0
929,Corporate,Pompano Beach,FL,EE. UU.,33063.0
9026,Corporate,Sacramento,CA,EE. UU.,95823.0
9347,Corporate,Oxnard,CA,EE. UU.,93033.0
3892,Corporate,Waukegan,IL,EE. UU.,60085.0
4449,Corporate,Peabody,MA,EE. UU.,1960.0
7999,Corporate,Compton,CA,EE. UU.,90220.0
7993,Corporate,San Antonio,TX,EE. UU.,78223.0
9633,Corporate,Saint Louis,MO,EE. UU.,63136.0
9871,Corporate,Panorama City,CA,EE. UU.,91402.0
6024,Corporate,Las Vegas,NV,EE. UU.,89123.0
10805,Corporate,Chicago,IL,EE. UU.,60639.0
3751,Corporate,Jersey City,NJ,EE. UU.,7305.0
5334,Corporate,Richmond,KY,EE. UU.,40475.0
3650,Corporate,Pompano Beach,FL,EE. UU.,33068.0
9611,Corporate,Saint Louis,MO,EE. UU.,63116.0
2370,Corporate,Poway,CA,EE. UU.,92064.0
8260,Corporate,Antioch,TN,EE. UU.,37013.0
4734,Consumer,Los Angeles,CA,EE. UU.,90027.0
6269,Consumer,Hendersonville,TN,EE. UU.,37075.0
1574,Consumer,Miami,FL,EE. UU.,33126.0
3492,Consumer,Campbell,CA,EE. UU.,95008.0
6126,Consumer,Chino,CA,EE. UU.,91710.0
11535,Consumer,Ypsilanti,MI,EE. UU.,48197.0
4956,Consumer,Austin,TX,EE. UU.,78745.0
8574,Consumer,Wyandotte,MI,EE. UU.,48192.0
10250,Consumer,Philadelphia,PA,EE. UU.,19104.0
10909,Consumer,Portland,OR,EE. UU.,97229.0
8206,Consumer,Hayward,CA,EE. UU.,94541.0
8113,Consumer,Pittsfield,MA,EE. UU.,1201.0
12129,Consumer,Bronx,NY,EE. UU.,10468.0
9010,Consumer,Santa Clara,CA,EE. UU.,95051.0
3844,Consumer,Hampton,VA,EE. UU.,23666.0
3114,Consumer,Billings,MT,EE. UU.,59102.0
12306,Consumer,Goose Creek,SC,EE. UU.,29445.0
4193,Consumer,Sanford,NC,EE. UU.,27330.0
11688,Consumer,Germantown,MD,EE. UU.,20874.0
9747,Consumer,Endicott,NY,EE. UU.,13760.0
9380,Consumer,South El Monte,CA,EE. UU.,91733.0
5237,Consumer,Rowland Heights,CA,EE. UU.,91748.0
5241,Consumer,Germantown,MD,EE. UU.,20874.0
1831,Consumer,Catonsville,MD,EE. UU.,21228.0
553,Consumer,Fremont,CA,EE. UU.,94538.0
6674,Consumer,Jackson Heights,NY,EE. UU.,11372.0
5249,Consumer,Sacramento,CA,EE. UU.,95822.0
5090,Consumer,Carlsbad,CA,EE. UU.,92009.0
688,Consumer,Houston,TX,EE. UU.,77081.0
1462,Consumer,Los Angeles,CA,EE. UU.,90016.0
9331,Consumer,Clementon,NJ,EE. UU.,8021.0
1380,Consumer,Huntington Beach,CA,EE. UU.,92647.0
6435,Consumer,Salinas,CA,EE. UU.,93905.0
4530,Consumer,Miami,FL,EE. UU.,33161.0
11660,Consumer,Sacramento,CA,EE. UU.,95828.0
1456,Consumer,Spring,TX,EE. UU.,77379.0
12080,Consumer,Baltimore,MD,EE. UU.,21215.0
2463,Consumer,Sheboygan,WI,EE. UU.,53081.0
4901,Consumer,Milford,CT,EE. UU.,6460.0
1634,Consumer,Morrisville,PA,EE. UU.,19067.0
6137,Consumer,Tustin,CA,EE. UU.,92780.0
3560,Consumer,Sandusky,OH,EE. UU.,44870.0
2845,Consumer,Aurora,CO,EE. UU.,80012.0
1024,Consumer,Bronx,NY,EE. UU.,10466.0
4208,Consumer,Atlanta,GA,EE. UU.,30331.0
4122,Consumer,Chicago,IL,EE. UU.,60615.0
3531,Consumer,Aurora,CO,EE. UU.,80012.0
1386,Consumer,Beaverton,OR,EE. UU.,97006.0
6478,Consumer,New York,NY,EE. UU.,10040.0
4483,Consumer,Baltimore,MD,EE. UU.,21215.0
11103,Consumer,Yonkers,NY,EE. UU.,10701.0
5810,Consumer,Rome,NY,EE. UU.,13440.0
2738,Consumer,Phoenix,AZ,EE. UU.,85008.0
9788,Consumer,Holland,MI,EE. UU.,49423.0
8749,Consumer,Bronx,NY,EE. UU.,10468.0
5377,Consumer,Middletown,OH,EE. UU.,45044.0
7460,Consumer,East Brunswick,NJ,EE. UU.,8816.0
2519,Consumer,Hamtramck,MI,EE. UU.,48212.0
7992,Consumer,Memphis,TN,EE. UU.,38111.0
6862,Consumer,Watsonville,CA,EE. UU.,95076.0
979,Consumer,Austin,TX,EE. UU.,78745.0
2953,Consumer,Albany,OR,EE. UU.,97321.0
3871,Consumer,Joliet,IL,EE. UU.,60435.0
5651,Consumer,West Chester,PA,EE. UU.,19380.0
5225,Consumer,Peabody,MA,EE. UU.,1960.0
12248,Consumer,San Diego,CA,EE. UU.,92126.0
10011,Consumer,Long Beach,CA,EE. UU.,90806.0
5781,Consumer,Los Angeles,CA,EE. UU.,90043.0
4535,Consumer,Los Angeles,CA,EE. UU.,90066.0
1795,Consumer,Washington,DC,EE. UU.,20020.0
1915,Consumer,Hialeah,FL,EE. UU.,33016.0
9198,Consumer,Bowling Green,KY,EE. UU.,42101.0
11107,Consumer,Brooklyn,NY,EE. UU.,11238.0
165,Consumer,Antioch,CA,EE. UU.,94509.0
6033,Consumer,Chicago,IL,EE. UU.,60620.0
11787,Consumer,Bronx,NY,EE. UU.,10460.0
2271,Consumer,Chicago,IL,EE. UU.,60632.0
2573,Consumer,Winter Park,FL,EE. UU.,32792.0
10160,Consumer,Apopka,FL,EE. UU.,32703.0
11777,Consumer,Roswell,NM,EE. UU.,88201.0
6679,Consumer,Sunnyvale,CA,EE. UU.,94086.0
4782,Consumer,Las Vegas,NV,EE. UU.,89108.0
6211,Consumer,Lynwood,CA,EE. UU.,90262.0
12194,Consumer,Chicago,IL,EE. UU.,60621.0
6483,Consumer,Baltimore,MD,EE. UU.,21224.0
2525,Consumer,Chicago,IL,EE. UU.,60640.0
694,Consumer,Elmhurst,NY,EE. UU.,11373.0
9529,Consumer,Sugar Land,TX,EE. UU.,77478.0
8529,Consumer,Clarksville,TN,EE. UU.,37042.0
6463,Consumer,Carlsbad,CA,EE. UU.,92009.0
4196,Consumer,Lynnwood,WA,EE. UU.,98037.0
962,Consumer,Saint Peters,MO,EE. UU.,63376.0
9136,Consumer,Philadelphia,PA,EE. UU.,19111.0
4968,Consumer,La Crosse,WI,EE. UU.,54601.0
9609,Consumer,Houston,TX,EE. UU.,77083.0
2631,Consumer,Ithaca,NY,EE. UU.,14850.0
5659,Consumer,Sheboygan,WI,EE. UU.,53081.0
11378,Consumer,Anaheim,CA,EE. UU.,92804.0
6540,Consumer,Phoenix,AZ,EE. UU.,85032.0
4503,Consumer,Saint Paul,MN,EE. UU.,55106.0
8865,Consumer,Philadelphia,PA,EE. UU.,19111.0
2812,Consumer,Raleigh,NC,EE. UU.,27606.0
8756,Consumer,Spokane,WA,EE. UU.,99205.0
6620,Consumer,Bountiful,UT,EE. UU.,84010.0
2144,Consumer,Kenner,LA,EE. UU.,70065.0
9886,Consumer,Pomona,CA,EE. UU.,91766.0
6703,Consumer,Columbus,GA,EE. UU.,31907.0
285,Consumer,Lancaster,CA,EE. UU.,93535.0
1723,Consumer,Moreno Valley,CA,EE. UU.,92557.0
2350,Consumer,West Haven,CT,EE. UU.,6516.0
4512,Consumer,San Diego,CA,EE. UU.,92115.0
11808,Consumer,Hollister,CA,EE. UU.,95023.0
7573,Consumer,Dubuque,IA,EE. UU.,52001.0
2895,Consumer,Houston,TX,EE. UU.,77093.0
3724,Consumer,Douglasville,GA,EE. UU.,30135.0
9816,Consumer,Honolulu,HI,EE. UU.,96818.0
12193,Consumer,Los Angeles,CA,EE. UU.,90006.0
9882,Consumer,Middletown,CT,EE. UU.,6457.0
8154,Consumer,Mission Viejo,CA,EE. UU.,92691.0
2348,Consumer,El Paso,TX,EE. UU.,79927.0
3583,Consumer,Goleta,CA,EE. UU.,93117.0
4432,Consumer,Wheaton,IL,EE. UU.,60187.0
3673,Consumer,Bell Gardens,CA,EE. UU.,90201.0
1893,Consumer,Chino,CA,EE. UU.,91710.0
4245,Consumer,Columbia,TN,EE. UU.,38401.0
2252,Consumer,Bronx,NY,EE. UU.,10458.0
2865,Consumer,Wichita,KS,EE. UU.,67212.0
845,Consumer,Carlsbad,CA,EE. UU.,92009.0
1284,Consumer,Chino Hills,CA,EE. UU.,91709.0
10273,Consumer,Memphis,TN,EE. UU.,38127.0
10450,Consumer,Tucson,AZ,EE. UU.,85746.0
4206,Consumer,Strongsville,OH,EE. UU.,44136.0
977,Consumer,Garden Grove,CA,EE. UU.,92840.0
1740,Consumer,Virginia Beach,VA,EE. UU.,23452.0
6251,Consumer,Madera,CA,EE. UU.,93638.0
6587,Consumer,Lancaster,PA,EE. UU.,17602.0
1527,Consumer,Alameda,CA,EE. UU.,94501.0
10501,Consumer,Plymouth,MA,EE. UU.,2360.0
936,Consumer,Winnetka,CA,EE. UU.,91306.0
8811,Consumer,Houston,TX,EE. UU.,77055.0
869,Consumer,Ontario,CA,EE. UU.,91761.0
3557,Consumer,Las Vegas,NV,EE. UU.,89103.0
2116,Consumer,New Brunswick,NJ,EE. UU.,8901.0
7242,Consumer,Princeton,NJ,EE. UU.,8540.0
3098,Consumer,Newburgh,NY,EE. UU.,12550.0
11428,Consumer,Fort Worth,TX,EE. UU.,76106.0
3571,Consumer,Harlingen,TX,EE. UU.,78550.0
8230,Consumer,Carlisle,PA,EE. UU.,17013.0
183,Consumer,Hayward,CA,EE. UU.,94541.0
4745,Consumer,Antioch,TN,EE. UU.,37013.0
909,Consumer,Kent,WA,EE. UU.,98031.0
4877,Consumer,New Brunswick,NJ,EE. UU.,8901.0
598,Consumer,Paramount,CA,EE. UU.,90723.0
5858,Consumer,Chicago,IL,EE. UU.,60639.0
3161,Consumer,Phoenix,AZ,EE. UU.,85040.0
11861,Consumer,Saint Paul,MN,EE. UU.,55112.0
1518,Consumer,Baltimore,MD,EE. UU.,21229.0
11025,Consumer,Chicago,IL,EE. UU.,60645.0
6615,Consumer,Olathe,KS,EE. UU.,66062.0
1232,Consumer,Peoria,AZ,EE. UU.,85345.0
579,Consumer,New Orleans,LA,EE. UU.,70119.0
7218,Consumer,Brooklyn,NY,EE. UU.,11208.0
11421,Consumer,New Orleans,LA,EE. UU.,70122.0
6415,Consumer,Lindenhurst,NY,EE. UU.,11757.0
9249,Consumer,Panorama City,CA,EE. UU.,91402.0
4883,Consumer,Baltimore,MD,EE. UU.,21224.0
2061,Consumer,Memphis,TN,EE. UU.,38109.0
8145,Consumer,Gilroy,CA,EE. UU.,95020.0
5485,Consumer,Corona,CA,EE. UU.,92879.0
3468,Consumer,San Francisco,CA,EE. UU.,94110.0
1233,Consumer,Winnetka,CA,EE. UU.,91306.0
3430,Consumer,Houston,TX,EE. UU.,77015.0
1074,Consumer,San Pedro,CA,EE. UU.,90731.0
6795,Consumer,Granada Hills,CA,EE. UU.,91344.0
10835,Consumer,New Orleans,LA,EE. UU.,70122.0
9907,Consumer,Nashville,TN,EE. UU.,37211.0
10547,Consumer,Bronx,NY,EE. UU.,10473.0
2139,Consumer,Los Angeles,CA,EE. UU.,90043.0
2174,Consumer,Brooklyn,NY,EE. UU.,11204.0
7020,Consumer,Lancaster,PA,EE. UU.,17602.0
7752,Consumer,Carlisle,PA,EE. UU.,17013.0
10431,Consumer,South Gate,CA,EE. UU.,90280.0
5888,Consumer,Jamaica,NY,EE. UU.,11434.0
1932,Consumer,Irving,TX,EE. UU.,75060.0
866,Consumer,Quincy,IL,EE. UU.,62301.0
11160,Consumer,Long Beach,CA,EE. UU.,90806.0
7997,Consumer,Howell,MI,EE. UU.,48843.0
3726,Consumer,Simi Valley,CA,EE. UU.,93063.0
6704,Consumer,Oregon City,OR,EE. UU.,97045.0
11963,Consumer,Lombard,IL,EE. UU.,60148.0
4454,Consumer,San Ramon,CA,EE. UU.,94583.0
2591,Consumer,Dallas,TX,EE. UU.,75231.0
5478,Consumer,Temecula,CA,EE. UU.,92592.0
11443,Consumer,Elyria,OH,EE. UU.,44035.0
5257,Consumer,College Station,TX,EE. UU.,77840.0
2544,Consumer,Hanover,PA,EE. UU.,17331.0
5529,Consumer,Hilliard,OH,EE. UU.,43026.0
5363,Consumer,Jackson,MI,EE. UU.,49201.0
2803,Consumer,Portland,OR,EE. UU.,97229.0
9746,Consumer,Reseda,CA,EE. UU.,91335.0
4550,Consumer,Rome,NY,EE. UU.,13440.0
11561,Consumer,Henrico,VA,EE. UU.,23233.0
7638,Consumer,El Paso,TX,EE. UU.,79927.0
8105,Consumer,Mesa,AZ,EE. UU.,85204.0
10157,Consumer,Detroit,MI,EE. UU.,48205.0
10545,Consumer,West Chester,PA,EE. UU.,19380.0
6544,Consumer,Pekin,IL,EE. UU.,61554.0
9679,Consumer,New Orleans,LA,EE. UU.,70122.0
7429,Consumer,Houston,TX,EE. UU.,77081.0
12020,Consumer,Pharr,TX,EE. UU.,78577.0
6380,Consumer,Chicago,IL,EE. UU.,60617.0
9667,Consumer,Garden Grove,CA,EE. UU.,92843.0
5314,Consumer,Everett,WA,EE. UU.,98208.0
6457,Consumer,Jersey City,NJ,EE. UU.,7307.0
12263,Consumer,Roswell,NM,EE. UU.,88201.0
5754,Consumer,San Antonio,TX,EE. UU.,78250.0
12239,Consumer,Las Cruces,NM,EE. UU.,88005.0
7410,Consumer,Quincy,IL,EE. UU.,62301.0
7893,Consumer,Porterville,CA,EE. UU.,93257.0
768,Consumer,Indio,CA,EE. UU.,92201.0
7041,Consumer,Elmhurst,IL,EE. UU.,60126.0
9736,Consumer,Las Vegas,NV,EE. UU.,89108.0
1138,Consumer,Mount Pleasant,MI,EE. UU.,48858.0
7493,Consumer,South Ozone Park,NY,EE. UU.,11420.0
5772,Consumer,Hampton,VA,EE. UU.,23666.0
864,Consumer,Plano,TX,EE. UU.,75023.0
7684,Consumer,Brentwood,NY,EE. UU.,11717.0
317,Consumer,Wayne,NJ,EE. UU.,7470.0
8227,Consumer,Bay Shore,NY,EE. UU.,11706.0
3039,Consumer,Sunnyvale,CA,EE. UU.,94087.0
8167,Consumer,Rochester,NY,EE. UU.,14609.0
2534,Consumer,Morrisville,PA,EE. UU.,19067.0
8028,Consumer,Arlington,TX,EE. UU.,76010.0
9267,Consumer,Chicago,IL,EE. UU.,60617.0
12251,Consumer,Los Angeles,CA,EE. UU.,90047.0
4473,Consumer,West Chester,PA,EE. UU.,19382.0
4665,Consumer,Escondido,CA,EE. UU.,92025.0
1242,Consumer,O Fallon,MO,EE. UU.,63366.0
8571,Consumer,Fort Lauderdale,FL,EE. UU.,33324.0
9230,Consumer,Columbus,OH,EE. UU.,43228.0
11274,Consumer,Upland,CA,EE. UU.,91786.0
9750,Consumer,Woodside,NY,EE. UU.,11377.0
6570,Consumer,Mentor,OH,EE. UU.,44060.0
7150,Consumer,Algonquin,IL,EE. UU.,60102.0
9776,Consumer,Endicott,NY,EE. UU.,13760.0
7724,Consumer,Morganton,NC,EE. UU.,28655.0
2067,Consumer,Columbia,MO,EE. UU.,65203.0
11710,Consumer,Hawthorne,CA,EE. UU.,90250.0
1646,Consumer,Miami,FL,EE. UU.,33175.0
5117,Consumer,Honolulu,HI,EE. UU.,96819.0
10149,Consumer,Newark,DE,EE. UU.,19702.0
8234,Consumer,Vacaville,CA,EE. UU.,95687.0
6037,Consumer,Tulare,CA,EE. UU.,93274.0
7080,Consumer,Washington,DC,EE. UU.,20020.0
2941,Consumer,Bronx,NY,EE. UU.,10473.0
12256,Consumer,Summerville,SC,EE. UU.,29483.0
12278,Consumer,Philadelphia,PA,EE. UU.,19104.0
7958,Consumer,Miami,FL,EE. UU.,33155.0
5910,Consumer,Long Beach,CA,EE. UU.,90813.0
9589,Consumer,Hacienda Heights,CA,EE. UU.,91745.0
12087,Consumer,Cordova,TN,EE. UU.,38018.0
4393,Consumer,Columbia,TN,EE. UU.,38401.0
9378,Consumer,Provo,UT,EE. UU.,84604.0
8698,Consumer,Oxnard,CA,EE. UU.,93030.0
7422,Consumer,San Jose,CA,EE. UU.,95123.0
12212,Consumer,New York,NY,EE. UU.,10023.0
12385,Consumer,Henrico,VA,EE. UU.,23233.0
12116,Consumer,West Lafayette,IN,EE. UU.,47906.0
9498,Consumer,Cleveland,OH,EE. UU.,44120.0
8440,Consumer,Napa,CA,EE. UU.,94558.0
8019,Consumer,Lodi,CA,EE. UU.,95240.0
11943,Consumer,Detroit,MI,EE. UU.,48213.0
4778,Consumer,Bridgeton,NJ,EE. UU.,8302.0
5923,Consumer,Highland,CA,EE. UU.,92346.0
4107,Consumer,Clearfield,UT,EE. UU.,84015.0
1792,Consumer,Jersey City,NJ,EE. UU.,7305.0
9824,Consumer,Ewa Beach,HI,EE. UU.,96706.0
4554,Consumer,Saginaw,MI,EE. UU.,48601.0
5279,Consumer,Fayetteville,NC,EE. UU.,28314.0
4476,Consumer,Brooklyn,NY,EE. UU.,11210.0
12027,Consumer,Bell Gardens,CA,EE. UU.,90201.0
1585,Consumer,Dubuque,IA,EE. UU.,52001.0
6646,Consumer,Madison,WI,EE. UU.,53704.0
12006,Consumer,Mesquite,TX,EE. UU.,75150.0
4039,Consumer,Honolulu,HI,EE. UU.,96817.0
8496,Consumer,South Ozone Park,NY,EE. UU.,11420.0
7096,Consumer,Vista,CA,EE. UU.,92084.0
3268,Consumer,Baltimore,MD,EE. UU.,21206.0
4260,Consumer,Stafford,VA,EE. UU.,22554.0
5623,Consumer,Columbus,OH,EE. UU.,43207.0
4373,Consumer,Lockport,NY,EE. UU.,14094.0
10872,Consumer,Ballwin,MO,EE. UU.,63021.0
7579,Consumer,Phoenix,AZ,EE. UU.,85022.0
8475,Consumer,Chicago,IL,EE. UU.,60610.0
3166,Consumer,Fort Lauderdale,FL,EE. UU.,33313.0
7639,Consumer,Columbus,OH,EE. UU.,43228.0
4038,Consumer,Waukegan,IL,EE. UU.,60085.0
1623,Consumer,Strongsville,OH,EE. UU.,44136.0
10379,Consumer,North Hollywood,CA,EE. UU.,91606.0
6204,Consumer,Quincy,MA,EE. UU.,2169.0
2887,Consumer,Madera,CA,EE. UU.,93638.0
9520,Consumer,Visalia,CA,EE. UU.,93277.0
5358,Consumer,Pacoima,CA,EE. UU.,91331.0
4658,Consumer,Seattle,WA,EE. UU.,98115.0
9804,Consumer,Memphis,TN,EE. UU.,38127.0
9669,Consumer,Cleveland,OH,EE. UU.,44120.0
8428,Consumer,Fort Worth,TX,EE. UU.,76106.0
5039,Consumer,Englewood,CO,EE. UU.,80110.0
6451,Consumer,Greenville,NC,EE. UU.,27858.0
14327,Consumer,Painesville,OH,EE. UU.,44077.0
13471,Consumer,Milford,CT,EE. UU.,6460.0
14691,Consumer,Philadelphia,PA,EE. UU.,19124.0
11301,Consumer,Winter Park,FL,EE. UU.,32792.0
9969,Consumer,Columbus,OH,EE. UU.,43207.0
12161,Consumer,Yuma,AZ,EE. UU.,85364.0
12798,Consumer,Diamond Bar,CA,EE. UU.,91765.0
6096,Consumer,Sun Valley,CA,EE. UU.,91352.0
9820,Consumer,Germantown,MD,EE. UU.,20874.0
3680,Consumer,Aurora,IL,EE. UU.,60504.0
7850,Consumer,O Fallon,MO,EE. UU.,63366.0
4205,Consumer,Brooklyn,NY,EE. UU.,11218.0
7914,Consumer,Annapolis,MD,EE. UU.,21401.0
12819,Consumer,Huntington Beach,CA,EE. UU.,92646.0
7753,Consumer,Columbus,OH,EE. UU.,43228.0
4282,Consumer,Lancaster,PA,EE. UU.,17601.0
2618,Consumer,Milpitas,CA,EE. UU.,95035.0
4843,Consumer,Glendale,AZ,EE. UU.,85301.0
4439,Consumer,Billings,MT,EE. UU.,59102.0
12896,Consumer,Milford,CT,EE. UU.,6460.0
11359,Consumer,San Pablo,CA,EE. UU.,94806.0
7122,Consumer,New York,NY,EE. UU.,10027.0
2169,Consumer,San Marcos,CA,EE. UU.,92069.0
1546,Consumer,Corona,CA,EE. UU.,92879.0
4762,Consumer,Ypsilanti,MI,EE. UU.,48197.0
10247,Consumer,Lilburn,GA,EE. UU.,30047.0
396,Consumer,Richmond,TX,EE. UU.,77469.0
5721,Consumer,Westland,MI,EE. UU.,48185.0
801,Consumer,Vista,CA,EE. UU.,92083.0
6200,Consumer,Seattle,WA,EE. UU.,98115.0
5835,Consumer,Livermore,CA,EE. UU.,94550.0
9250,Consumer,Detroit,MI,EE. UU.,48224.0
10584,Consumer,Los Angeles,CA,EE. UU.,90007.0
4547,Consumer,Van Nuys,CA,EE. UU.,91405.0
3619,Consumer,West Haven,CT,EE. UU.,6516.0
11558,Consumer,Los Angeles,CA,EE. UU.,90066.0
8737,Consumer,Costa Mesa,CA,EE. UU.,92627.0
11224,Consumer,Billings,MT,EE. UU.,59102.0
18843,Consumer,Brooklyn,NY,EE. UU.,11201.0
9391,Consumer,Beaverton,OR,EE. UU.,97006.0
7038,Consumer,Lancaster,PA,EE. UU.,17601.0
11588,Consumer,Chicago,IL,EE. UU.,60614.0
15942,Consumer,Phoenix,AZ,EE. UU.,85029.0
8421,Consumer,Van Nuys,CA,EE. UU.,91406.0
4654,Consumer,Oakland,CA,EE. UU.,94601.0
17709,Consumer,Brownsville,TX,EE. UU.,78520.0
17671,Consumer,Carrollton,TX,EE. UU.,75006.0
17527,Consumer,Mesquite,TX,EE. UU.,75150.0
6206,Consumer,Cerritos,CA,EE. UU.,90703.0
5003,Consumer,Laguna Niguel,CA,EE. UU.,92677.0
7333,Consumer,Richardson,TX,EE. UU.,75080.0
9216,Consumer,Brooklyn,NY,EE. UU.,11206.0
17862,Consumer,Honolulu,HI,EE. UU.,96822.0
11843,Consumer,Las Vegas,NV,EE. UU.,89108.0
9034,Consumer,Pomona,CA,EE. UU.,91767.0
11540,Consumer,Fresno,CA,EE. UU.,93727.0
11981,Consumer,Baltimore,MD,EE. UU.,21215.0
8392,Consumer,Bountiful,UT,EE. UU.,84010.0
2321,Consumer,Houston,TX,EE. UU.,77084.0
9227,Consumer,Wilkes Barre,PA,EE. UU.,18702.0
11140,Consumer,Anaheim,CA,EE. UU.,92804.0
2218,Consumer,Escondido,CA,EE. UU.,92027.0
11456,Consumer,New Albany,IN,EE. UU.,47150.0
10772,Consumer,Carol Stream,IL,EE. UU.,60188.0
2688,Consumer,Irving,TX,EE. UU.,75060.0
9939,Consumer,Dallas,TX,EE. UU.,75240.0
11255,Consumer,Martinez,CA,EE. UU.,94553.0
12111,Consumer,Santa Cruz,CA,EE. UU.,95060.0
5499,Consumer,Paramount,CA,EE. UU.,90723.0
8750,Consumer,Vista,CA,EE. UU.,92083.0
2104,Consumer,Reynoldsburg,OH,EE. UU.,43068.0
8774,Consumer,Dallas,TX,EE. UU.,75217.0
2043,Consumer,Medina,OH,EE. UU.,44256.0
409,Consumer,Greensboro,NC,EE. UU.,27406.0
10503,Consumer,Dallas,TX,EE. UU.,75220.0
3248,Consumer,Edison,NJ,EE. UU.,8817.0
5717,Consumer,Bakersfield,CA,EE. UU.,93308.0
1600,Consumer,El Cajon,CA,EE. UU.,92020.0
7421,Consumer,Dallas,TX,EE. UU.,75211.0
6532,Consumer,Phoenix,AZ,EE. UU.,85022.0
8988,Consumer,Pekin,IL,EE. UU.,61554.0
10636,Consumer,New Albany,IN,EE. UU.,47150.0
6732,Consumer,Honolulu,HI,EE. UU.,96816.0
13095,Consumer,Greenville,NC,EE. UU.,27834.0
14538,Consumer,Tustin,CA,EE. UU.,92780.0
14286,Consumer,Detroit,MI,EE. UU.,48235.0
14587,Consumer,Decatur,GA,EE. UU.,30034.0
13286,Consumer,North Bergen,NJ,EE. UU.,7047.0
14285,Consumer,Salinas,CA,EE. UU.,93905.0
14657,Consumer,Englewood,CO,EE. UU.,80110.0
13157,Consumer,Lancaster,SC,EE. UU.,29720.0
14473,Consumer,Rancho Cordova,CA,EE. UU.,95670.0
14632,Consumer,Pompano Beach,FL,EE. UU.,33068.0
5119,Consumer,San Diego,CA,EE. UU.,92109.0
1460,Consumer,Santa Cruz,CA,EE. UU.,95060.0
1054,Consumer,Chicago,IL,EE. UU.,60630.0
11119,Consumer,Saint Louis,MO,EE. UU.,63123.0
5137,Consumer,Riverside,CA,EE. UU.,92507.0
7920,Consumer,Plymouth,MA,EE. UU.,2360.0
10514,Consumer,Riverside,CA,EE. UU.,92503.0
9666,Consumer,College Station,TX,EE. UU.,77840.0
14825,Consumer,Memphis,TN,EE. UU.,38111.0
13824,Consumer,Virginia Beach,VA,EE. UU.,23464.0
3257,Consumer,Columbia,SC,EE. UU.,29223.0
37,Consumer,Norfolk,VA,EE. UU.,23503.0
10907,Consumer,Michigan City,IN,EE. UU.,46360.0
1547,Consumer,Phoenix,AZ,EE. UU.,85035.0
6997,Consumer,Fresno,CA,EE. UU.,93720.0
7197,Consumer,Saginaw,MI,EE. UU.,48601.0
4583,Consumer,Sanford,NC,EE. UU.,27330.0
14730,Consumer,San Diego,CA,EE. UU.,92154.0
9370,Consumer,Gaithersburg,MD,EE. UU.,20878.0
8300,Consumer,Santa Ana,CA,EE. UU.,92703.0
14891,Consumer,Carol Stream,IL,EE. UU.,60188.0
2486,Consumer,Philadelphia,PA,EE. UU.,19148.0
13548,Consumer,Saint Paul,MN,EE. UU.,55104.0
6686,Consumer,Saint Paul,MN,EE. UU.,55104.0
13888,Consumer,Plainfield,NJ,EE. UU.,7060.0
13995,Consumer,Aurora,CO,EE. UU.,80015.0
6322,Consumer,Hanford,CA,EE. UU.,93230.0
14849,Consumer,Virginia Beach,VA,EE. UU.,23454.0
8385,Consumer,Methuen,MA,EE. UU.,1844.0
13595,Consumer,Stone Mountain,GA,EE. UU.,30083.0
13613,Consumer,Far Rockaway,NY,EE. UU.,11691.0
13612,Consumer,Chula Vista,CA,EE. UU.,91910.0
8814,Consumer,Vallejo,CA,EE. UU.,94591.0
8210,Consumer,Los Angeles,CA,EE. UU.,90033.0
11046,Consumer,Hialeah,FL,EE. UU.,33015.0
12269,Consumer,Seattle,WA,EE. UU.,98115.0
1223,Consumer,Bronx,NY,EE. UU.,10469.0
1933,Consumer,Brighton,MA,EE. UU.,2135.0
12371,Consumer,San Diego,CA,EE. UU.,92109.0
4661,Consumer,Weslaco,TX,EE. UU.,78596.0
545,Consumer,El Cajon,CA,EE. UU.,92021.0
9171,Consumer,Virginia Beach,VA,EE. UU.,23464.0
11016,Consumer,Fond Du Lac,WI,EE. UU.,54935.0
924,Consumer,Eugene,OR,EE. UU.,97402.0
3250,Consumer,Bell Gardens,CA,EE. UU.,90201.0
10410,Consumer,Santa Ana,CA,EE. UU.,92705.0
14944,Consumer,Ann Arbor,MI,EE. UU.,48103.0
15033,Consumer,Walnut,CA,EE. UU.,91789.0
15027,Consumer,Dallas,TX,EE. UU.,75231.0
15044,Consumer,Philadelphia,PA,EE. UU.,19131.0
15002,Consumer,Merced,CA,EE. UU.,95340.0
10478,Consumer,Salt Lake City,UT,EE. UU.,84120.0
11768,Consumer,Miami,FL,EE. UU.,33176.0
5287,Consumer,Bronx,NY,EE. UU.,10456.0
12364,Consumer,Atlanta,GA,EE. UU.,30349.0
10825,Consumer,Jamaica,NY,EE. UU.,11435.0
8563,Consumer,Atlanta,GA,EE. UU.,30349.0
6642,Consumer,Florissant,MO,EE. UU.,63031.0
267,Consumer,Columbus,OH,EE. UU.,43229.0
8094,Consumer,Milwaukee,WI,EE. UU.,53215.0
11347,Consumer,San Jose,CA,EE. UU.,95123.0
2009,Consumer,Opa Locka,FL,EE. UU.,33055.0
11441,Consumer,Lutz,FL,EE. UU.,33549.0
3078,Consumer,Las Vegas,NV,EE. UU.,89119.0
11499,Consumer,Brooklyn,NY,EE. UU.,11209.0
10162,Consumer,Compton,CA,EE. UU.,90221.0
12109,Consumer,Mission Viejo,CA,EE. UU.,92692.0
2530,Consumer,Peabody,MA,EE. UU.,1960.0
1021,Consumer,Newburgh,NY,EE. UU.,12550.0
10398,Consumer,Stamford,CT,EE. UU.,6902.0
7029,Consumer,North Hollywood,CA,EE. UU.,91605.0
9354,Consumer,Roswell,GA,EE. UU.,30075.0
645,Consumer,Cupertino,CA,EE. UU.,95014.0
5370,Consumer,San Diego,CA,EE. UU.,92117.0
2051,Consumer,Philadelphia,PA,EE. UU.,19145.0
9214,Consumer,Philadelphia,PA,EE. UU.,19148.0
2621,Consumer,Philadelphia,PA,EE. UU.,19143.0
5667,Consumer,Ewa Beach,HI,EE. UU.,96706.0
1020,Consumer,Quincy,MA,EE. UU.,2169.0
4999,Consumer,San Bernardino,CA,EE. UU.,92404.0
11178,Consumer,Portland,OR,EE. UU.,97229.0
5479,Consumer,Columbia,SC,EE. UU.,29223.0
11432,Consumer,Stockton,CA,EE. UU.,95206.0
1860,Consumer,Fresno,CA,EE. UU.,93702.0
9217,Consumer,Meridian,ID,EE. UU.,83642.0
269,Consumer,Chicago,IL,EE. UU.,60609.0
5678,Consumer,Palmdale,CA,EE. UU.,93550.0
611,Consumer,El Cajon,CA,EE. UU.,92020.0
5755,Consumer,Chicago,IL,EE. UU.,60643.0
1685,Consumer,Chicago,IL,EE. UU.,60618.0
16459,Consumer,Round Rock,TX,EE. UU.,78664.0
19187,Consumer,Garden Grove,CA,EE. UU.,92840.0
16542,Consumer,North Hills,CA,EE. UU.,91343.0
15825,Consumer,Pittsfield,MA,EE. UU.,1201.0
15783,Consumer,El Paso,TX,EE. UU.,79912.0
15704,Consumer,Baltimore,MD,EE. UU.,21206.0
10779,Consumer,Milwaukee,WI,EE. UU.,53215.0
6400,Consumer,Miami,FL,EE. UU.,33126.0
7854,Consumer,Chicago,IL,EE. UU.,60629.0
18283,Consumer,Laguna Niguel,CA,EE. UU.,92677.0
17416,Consumer,San Bernardino,CA,EE. UU.,92404.0
17505,Consumer,Detroit,MI,EE. UU.,48224.0
17923,Consumer,Los Angeles,CA,EE. UU.,90001.0
18013,Consumer,Chillicothe,OH,EE. UU.,45601.0
17683,Consumer,Atlanta,GA,EE. UU.,30331.0
20623,Consumer,Chicago,IL,EE. UU.,60623.0
16089,Consumer,Princeton,NJ,EE. UU.,8540.0
11077,Consumer,New Orleans,LA,EE. UU.,70119.0
20657,Consumer,Wyandotte,MI,EE. UU.,48192.0
1094,Consumer,Bloomfield,NJ,EE. UU.,7003.0
17971,Consumer,Bronx,NY,EE. UU.,10473.0
5769,Consumer,Mcallen,TX,EE. UU.,78501.0
602,Consumer,Brooklyn,NY,EE. UU.,11236.0
20707,Consumer,Greeley,CO,EE. UU.,80631.0
5827,Consumer,Seattle,WA,EE. UU.,98115.0
3096,Consumer,Lynn,MA,EE. UU.,1902.0
3112,Consumer,Milwaukee,WI,EE. UU.,53209.0
1978,Consumer,Los Angeles,CA,EE. UU.,90033.0
17949,Consumer,Raleigh,NC,EE. UU.,27610.0
18432,Consumer,Moreno Valley,CA,EE. UU.,92553.0
16044,Consumer,Brooklyn,NY,EE. UU.,11212.0
17927,Consumer,Waukegan,IL,EE. UU.,60085.0
38,Consumer,Opelousas,LA,EE. UU.,70570.0
18482,Consumer,Hialeah,FL,EE. UU.,33016.0
965,Consumer,Jonesboro,AR,EE. UU.,72401.0
6518,Consumer,Warren,MI,EE. UU.,48093.0
3389,Consumer,Pittsfield,MA,EE. UU.,1201.0
10317,Consumer,Moreno Valley,CA,EE. UU.,92553.0
15413,Consumer,Baltimore,MD,EE. UU.,21218.0
15590,Consumer,Chicago,IL,EE. UU.,60643.0
15571,Consumer,Houston,TX,EE. UU.,77093.0
15553,Consumer,Rowland Heights,CA,EE. UU.,91748.0
15462,Consumer,Augusta,GA,EE. UU.,30907.0
15318,Consumer,Amarillo,TX,EE. UU.,79109.0
15619,Consumer,Buffalo,NY,EE. UU.,14221.0
5911,Consumer,Burnsville,MN,EE. UU.,55337.0
2045,Consumer,Methuen,MA,EE. UU.,1844.0
3117,Consumer,Rowland Heights,CA,EE. UU.,91748.0
678,Consumer,Amarillo,TX,EE. UU.,79109.0
1374,Consumer,Miami,FL,EE. UU.,33186.0
7721,Consumer,San Francisco,CA,EE. UU.,94122.0
9518,Consumer,Memphis,TN,EE. UU.,38118.0
16116,Consumer,Aurora,IL,EE. UU.,60504.0
19810,Consumer,Philadelphia,PA,EE. UU.,19131.0
20313,Consumer,Sunnyvale,CA,EE. UU.,94087.0
20348,Consumer,Tallahassee,FL,EE. UU.,32303.0
17040,Consumer,San Antonio,TX,EE. UU.,78240.0
20073,Consumer,Portland,OR,EE. UU.,97206.0
16304,Consumer,Chandler,AZ,EE. UU.,85225.0
17253,Consumer,Virginia Beach,VA,EE. UU.,23452.0
20321,Consumer,Spokane,WA,EE. UU.,99205.0
16118,Consumer,Philadelphia,PA,EE. UU.,19131.0
18577,Consumer,South San Francisco,CA,EE. UU.,94080.0
15197,Consumer,Taylor,MI,EE. UU.,48180.0
6909,Consumer,Florissant,MO,EE. UU.,63033.0
784,Consumer,Los Angeles,CA,EE. UU.,90024.0
2902,Consumer,Loveland,OH,EE. UU.,45140.0
1321,Consumer,Santa Clara,CA,EE. UU.,95051.0
10195,Consumer,Tempe,AZ,EE. UU.,85283.0
365,Consumer,Garden Grove,CA,EE. UU.,92843.0
7856,Consumer,Chicago,IL,EE. UU.,60621.0
2405,Consumer,Aurora,IL,EE. UU.,60506.0
120,Consumer,Bronx,NY,EE. UU.,10461.0
6339,Consumer,Porterville,CA,EE. UU.,93257.0
3647,Consumer,Cumberland,MD,EE. UU.,21502.0
5235,Consumer,East Brunswick,NJ,EE. UU.,8816.0
11774,Consumer,Lithonia,GA,EE. UU.,30058.0
9425,Consumer,Detroit,MI,EE. UU.,48205.0
9522,Consumer,Simi Valley,CA,EE. UU.,93063.0
1199,Consumer,Philadelphia,PA,EE. UU.,19120.0
12227,Consumer,Santa Maria,CA,EE. UU.,93458.0
3941,Consumer,Phoenix,AZ,EE. UU.,85040.0
3837,Consumer,Aurora,CO,EE. UU.,80010.0
4817,Consumer,Chicago,IL,EE. UU.,60639.0
4791,Consumer,Hialeah,FL,EE. UU.,33010.0
6777,Consumer,Cumberland,MD,EE. UU.,21502.0
4015,Consumer,Rancho Cucamonga,CA,EE. UU.,91730.0
7548,Consumer,Hollywood,FL,EE. UU.,33025.0
7312,Consumer,Union City,CA,EE. UU.,94587.0
11512,Consumer,Memphis,TN,EE. UU.,38118.0
4149,Consumer,Ithaca,NY,EE. UU.,14850.0
1463,Consumer,Tampa,FL,EE. UU.,33624.0
1465,Consumer,Wayne,NJ,EE. UU.,7470.0
11594,Consumer,New York,NY,EE. UU.,10128.0
8070,Consumer,Eugene,OR,EE. UU.,97402.0
6860,Consumer,Potomac,MD,EE. UU.,20854.0
2208,Consumer,Albuquerque,NM,EE. UU.,87111.0
3019,Consumer,Morristown,NJ,EE. UU.,7960.0
3184,Consumer,Broken Arrow,OK,EE. UU.,74012.0
9646,Consumer,Laredo,TX,EE. UU.,78040.0
715,Consumer,Dubuque,IA,EE. UU.,52001.0
1579,Consumer,Brighton,MA,EE. UU.,2135.0
10033,Consumer,San Marcos,TX,EE. UU.,78666.0
4740,Consumer,Greenville,NC,EE. UU.,27858.0
4780,Consumer,Honolulu,HI,EE. UU.,96818.0
2725,Consumer,Stone Mountain,GA,EE. UU.,30083.0
8632,Consumer,Washington,DC,EE. UU.,20020.0
7125,Consumer,Ontario,CA,EE. UU.,91764.0
9847,Consumer,Normal,IL,EE. UU.,61761.0
1999,Consumer,Princeton,NJ,EE. UU.,8540.0
5851,Consumer,Brooklyn,NY,EE. UU.,11206.0
10382,Consumer,Santa Ana,CA,EE. UU.,92707.0
6321,Consumer,West New York,NJ,EE. UU.,7093.0
7032,Consumer,Memphis,TN,EE. UU.,38127.0
8052,Consumer,La Mesa,CA,EE. UU.,91941.0
2142,Consumer,East Lansing,MI,EE. UU.,48823.0
1390,Consumer,Phoenix,AZ,EE. UU.,85029.0
8523,Consumer,Las Cruces,NM,EE. UU.,88005.0
12091,Consumer,Tampa,FL,EE. UU.,33624.0
9074,Consumer,Gardena,CA,EE. UU.,90247.0
8522,Consumer,Findlay,OH,EE. UU.,45840.0
6461,Consumer,Salem,OR,EE. UU.,97303.0
9061,Consumer,Cary,NC,EE. UU.,27511.0
2626,Consumer,Oceanside,CA,EE. UU.,92056.0
1178,Consumer,Hialeah,FL,EE. UU.,33015.0
1157,Consumer,Hilliard,OH,EE. UU.,43026.0
6472,Consumer,Waipahu,HI,EE. UU.,96797.0
2597,Consumer,Walnut,CA,EE. UU.,91789.0
11987,Consumer,Norcross,GA,EE. UU.,30093.0
12125,Consumer,Tucson,AZ,EE. UU.,85705.0
7336,Consumer,Miami,FL,EE. UU.,33177.0
7649,Consumer,Chicago,IL,EE. UU.,60640.0
9161,Consumer,Elk Grove,CA,EE. UU.,95758.0
2366,Consumer,Lakewood,OH,EE. UU.,44107.0
8930,Consumer,Memphis,TN,EE. UU.,38128.0
10932,Consumer,Arlington,VA,EE. UU.,22204.0
9644,Consumer,Mission Viejo,CA,EE. UU.,92692.0
6209,Consumer,Houston,TX,EE. UU.,77083.0
12089,Consumer,Troy,MI,EE. UU.,48098.0
13239,Consumer,Miami,FL,EE. UU.,33177.0
14594,Consumer,Fontana,CA,EE. UU.,92336.0
14131,Consumer,Saint Paul,MN,EE. UU.,55106.0
13418,Consumer,New Albany,IN,EE. UU.,47150.0
14253,Consumer,Florissant,MO,EE. UU.,63031.0
13252,Consumer,Miami,FL,EE. UU.,33157.0
14126,Consumer,Bolingbrook,IL,EE. UU.,60440.0
14679,Consumer,Redmond,WA,EE. UU.,98052.0
14161,Consumer,Brooklyn,NY,EE. UU.,11208.0
13431,Consumer,Richmond,IN,EE. UU.,47374.0
13141,Consumer,Atlanta,GA,EE. UU.,30331.0
14122,Consumer,Los Angeles,CA,EE. UU.,90001.0
13409,Consumer,Cleveland,OH,EE. UU.,44105.0
14121,Consumer,Chicago,IL,EE. UU.,60618.0
14282,Consumer,Pittsfield,MA,EE. UU.,1201.0
13407,Consumer,Douglasville,GA,EE. UU.,30135.0
13081,Consumer,Cupertino,CA,EE. UU.,95014.0
13476,Consumer,San Francisco,CA,EE. UU.,94122.0
13386,Consumer,Las Vegas,NV,EE. UU.,89103.0
14061,Consumer,Chicago,IL,EE. UU.,60614.0
10723,Consumer,San Pablo,CA,EE. UU.,94806.0
4590,Consumer,Buffalo,NY,EE. UU.,14221.0
10706,Consumer,Visalia,CA,EE. UU.,93277.0
3041,Consumer,Chicago,IL,EE. UU.,60651.0
11549,Consumer,Palmdale,CA,EE. UU.,93550.0
8847,Consumer,Baltimore,MD,EE. UU.,21218.0
274,Consumer,San Antonio,TX,EE. UU.,78240.0
11257,Consumer,Folsom,CA,EE. UU.,95630.0
11293,Consumer,Chambersburg,PA,EE. UU.,17201.0
7195,Consumer,Newark,NJ,EE. UU.,7105.0
8905,Consumer,Augusta,GA,EE. UU.,30907.0
2820,Consumer,Chicago,IL,EE. UU.,60617.0
142,Consumer,Opa Locka,FL,EE. UU.,33055.0
7082,Consumer,Fort Lauderdale,FL,EE. UU.,33324.0
643,Consumer,New Orleans,LA,EE. UU.,70117.0
472,Consumer,Bellflower,CA,EE. UU.,90706.0
847,Consumer,San Diego,CA,EE. UU.,92102.0
5122,Consumer,Bayonne,NJ,EE. UU.,7002.0
187,Consumer,Antioch,CA,EE. UU.,94509.0
2532,Consumer,Carrollton,TX,EE. UU.,75006.0
11868,Consumer,Canyon Country,CA,EE. UU.,91351.0
9088,Consumer,Encinitas,CA,EE. UU.,92024.0
12103,Consumer,San Benito,TX,EE. UU.,78586.0
11403,Consumer,Elmhurst,IL,EE. UU.,60126.0
7746,Consumer,Chicago,IL,EE. UU.,60610.0
10836,Consumer,Normal,IL,EE. UU.,61761.0
4704,Consumer,Freeport,NY,EE. UU.,11520.0
11856,Consumer,Ventura,CA,EE. UU.,93003.0
6263,Consumer,Roswell,GA,EE. UU.,30075.0
431,Consumer,Columbus,OH,EE. UU.,43207.0
2221,Consumer,Englewood,CO,EE. UU.,80110.0
4640,Consumer,Bronx,NY,EE. UU.,10472.0
9086,Consumer,Philadelphia,PA,EE. UU.,19145.0
952,Consumer,Hesperia,CA,EE. UU.,92345.0
12012,Consumer,Antioch,CA,EE. UU.,94509.0
12257,Consumer,Pompano Beach,FL,EE. UU.,33068.0
6144,Consumer,Broken Arrow,OK,EE. UU.,74012.0
555,Consumer,Compton,CA,EE. UU.,90220.0
10858,Consumer,Denton,TX,EE. UU.,76201.0
3521,Consumer,Troy,NY,EE. UU.,12180.0
3088,Consumer,Milwaukee,WI,EE. UU.,53209.0
1126,Consumer,New York,NY,EE. UU.,10002.0
10792,Consumer,Winnetka,CA,EE. UU.,91306.0
3220,Consumer,Sacramento,CA,EE. UU.,95828.0
6859,Consumer,Littleton,CO,EE. UU.,80126.0
4237,Consumer,Strongsville,OH,EE. UU.,44136.0
4855,Consumer,San Jose,CA,EE. UU.,95123.0
700,Consumer,Chula Vista,CA,EE. UU.,91910.0
984,Consumer,Chicago,IL,EE. UU.,60617.0
1592,Consumer,Silver Spring,MD,EE. UU.,20906.0
6399,Consumer,Chicago,IL,EE. UU.,60638.0
11739,Consumer,La Puente,CA,EE. UU.,91744.0
206,Consumer,Pompano Beach,FL,EE. UU.,33068.0
2720,Consumer,Ypsilanti,MI,EE. UU.,48197.0
853,Consumer,Rowland Heights,CA,EE. UU.,91748.0
2243,Consumer,Redmond,WA,EE. UU.,98052.0
1109,Consumer,Marrero,LA,EE. UU.,70072.0
246,Consumer,Oak Lawn,IL,EE. UU.,60453.0
10178,Consumer,Fayetteville,NC,EE. UU.,28314.0
31,Consumer,Albuquerque,NM,EE. UU.,87111.0
3885,Consumer,Palo Alto,CA,EE. UU.,94303.0
6571,Consumer,Dundalk,MD,EE. UU.,21222.0
2972,Consumer,Memphis,TN,EE. UU.,38127.0
10881,Consumer,Elmhurst,NY,EE. UU.,11373.0
8425,Consumer,Virginia Beach,VA,EE. UU.,23455.0
6666,Consumer,Painesville,OH,EE. UU.,44077.0
9196,Consumer,Crystal Lake,IL,EE. UU.,60014.0
6899,Consumer,Albuquerque,NM,EE. UU.,87111.0
6138,Consumer,Dearborn,MI,EE. UU.,48126.0
10022,Consumer,O Fallon,MO,EE. UU.,63366.0
8135,Consumer,Cincinnati,OH,EE. UU.,45238.0
6890,Consumer,Roswell,NM,EE. UU.,88201.0
5752,Consumer,Albuquerque,NM,EE. UU.,87120.0
4213,Consumer,Spring Valley,CA,EE. UU.,91977.0
4303,Consumer,Honolulu,HI,EE. UU.,96818.0
8990,Consumer,Chicago,IL,EE. UU.,60617.0
8038,Consumer,Denton,TX,EE. UU.,76201.0
212,Consumer,South Ozone Park,NY,EE. UU.,11420.0
3809,Consumer,Lakewood,NJ,EE. UU.,8701.0
8742,Consumer,Columbia,SC,EE. UU.,29223.0
3527,Consumer,Hesperia,CA,EE. UU.,92345.0
8804,Consumer,Moline,IL,EE. UU.,61265.0
10188,Consumer,Palo Alto,CA,EE. UU.,94303.0
4362,Consumer,Roswell,GA,EE. UU.,30075.0
831,Consumer,Crystal Lake,IL,EE. UU.,60014.0
11563,Consumer,Denton,TX,EE. UU.,76201.0
3954,Consumer,Chula Vista,CA,EE. UU.,91910.0
6283,Consumer,Compton,CA,EE. UU.,90221.0
6319,Consumer,San Jose,CA,EE. UU.,95125.0
6542,Consumer,Apopka,FL,EE. UU.,32703.0
89,Consumer,Escondido,CA,EE. UU.,92027.0
11933,Corporate,Citrus Heights,CA,EE. UU.,95610.0
1833,Corporate,Virginia Beach,VA,EE. UU.,23455.0
74,Corporate,Jacksonville,NC,EE. UU.,28540.0
14503,Corporate,Columbia,MO,EE. UU.,65203.0
14272,Corporate,Dallas,TX,EE. UU.,75227.0
13200,Corporate,Mililani,HI,EE. UU.,96789.0
13300,Corporate,Plano,TX,EE. UU.,75023.0
13012,Corporate,Houston,TX,EE. UU.,77093.0
13119,Corporate,Harlingen,TX,EE. UU.,78550.0
14490,Corporate,Palo Alto,CA,EE. UU.,94303.0
11562,Corporate,Colorado Springs,CO,EE. UU.,80918.0
11379,Corporate,Memphis,TN,EE. UU.,38128.0
14841,Corporate,Aurora,IL,EE. UU.,60506.0
367,Corporate,San Francisco,CA,EE. UU.,94109.0
12196,Corporate,Cicero,IL,EE. UU.,60804.0
11489,Corporate,Chicago,IL,EE. UU.,60613.0
14847,Corporate,Richmond,KY,EE. UU.,40475.0
5112,Corporate,Roseburg,OR,EE. UU.,97470.0
11267,Corporate,Palmdale,CA,EE. UU.,93550.0
9768,Corporate,Goleta,CA,EE. UU.,93117.0
7067,Corporate,Sacramento,CA,EE. UU.,95822.0
9977,Corporate,Las Vegas,NV,EE. UU.,89117.0
15103,Corporate,Sun Valley,CA,EE. UU.,91352.0
12936,Corporate,Michigan City,IN,EE. UU.,46360.0
8031,Corporate,Richmond,VA,EE. UU.,23223.0
6110,Corporate,New York,NY,EE. UU.,10025.0
9755,Corporate,Corona,NY,EE. UU.,11368.0
11665,Corporate,Louisville,KY,EE. UU.,40214.0
7698,Corporate,Endicott,NY,EE. UU.,13760.0
4607,Corporate,Cupertino,CA,EE. UU.,95014.0
3890,Corporate,Aurora,CO,EE. UU.,80011.0
2736,Corporate,Mount Pleasant,MI,EE. UU.,48858.0
7451,Corporate,Moline,IL,EE. UU.,61265.0
18163,Corporate,Freeport,NY,EE. UU.,11520.0
17904,Corporate,Los Angeles,CA,EE. UU.,90037.0
18139,Corporate,Fort Worth,TX,EE. UU.,76133.0
19104,Corporate,West Chester,PA,EE. UU.,19382.0
15768,Corporate,Stockton,CA,EE. UU.,95207.0
15815,Corporate,Union City,NJ,EE. UU.,7087.0
8355,Corporate,Lake Forest,CA,EE. UU.,92630.0
18498,Corporate,San Francisco,CA,EE. UU.,94110.0
18454,Corporate,Clementon,NJ,EE. UU.,8021.0
5547,Corporate,Bountiful,UT,EE. UU.,84010.0
1345,Corporate,Mentor,OH,EE. UU.,44060.0
18434,Corporate,College Station,TX,EE. UU.,77840.0
6858,Corporate,Hialeah,FL,EE. UU.,33012.0
18867,Corporate,Aurora,CO,EE. UU.,80010.0
8269,Corporate,Detroit,MI,EE. UU.,48221.0
18676,Corporate,New York,NY,EE. UU.,10023.0
15548,Corporate,Milwaukee,WI,EE. UU.,53209.0
233,Corporate,Glendale,AZ,EE. UU.,85301.0
11546,Corporate,Salina,KS,EE. UU.,67401.0
3173,Corporate,Daly City,CA,EE. UU.,94014.0
17577,Corporate,North Richland Hills,TX,EE. UU.,76180.0
17778,Corporate,Henrico,VA,EE. UU.,23233.0
15170,Corporate,Valrico,FL,EE. UU.,33594.0
20109,Corporate,Waipahu,HI,EE. UU.,96797.0
16180,Corporate,Ontario,CA,EE. UU.,91761.0
16302,Corporate,Jacksonville,FL,EE. UU.,32225.0
20303,Corporate,Los Angeles,CA,EE. UU.,90044.0
6603,Corporate,Rancho Cucamonga,CA,EE. UU.,91730.0
4785,Corporate,Kenner,LA,EE. UU.,70065.0
2159,Corporate,North Richland Hills,TX,EE. UU.,76180.0
11985,Corporate,Perth Amboy,NJ,EE. UU.,8861.0
5183,Corporate,Laredo,TX,EE. UU.,78040.0
4866,Corporate,Escondido,CA,EE. UU.,92026.0
6773,Corporate,San Jose,CA,EE. UU.,95112.0
7348,Corporate,Brownsville,TX,EE. UU.,78520.0
8067,Corporate,Virginia Beach,VA,EE. UU.,23456.0
6100,Corporate,Huntington Beach,CA,EE. UU.,92646.0
6185,Corporate,Chicago,IL,EE. UU.,60617.0
6385,Corporate,Reseda,CA,EE. UU.,91335.0
4683,Corporate,Cerritos,CA,EE. UU.,90703.0
4917,Corporate,Chicago,IL,EE. UU.,60609.0
4628,Corporate,Duluth,GA,EE. UU.,30096.0
7897,Corporate,Temecula,CA,EE. UU.,92592.0
3578,Corporate,Fort Lauderdale,FL,EE. UU.,33324.0
10047,Corporate,Eugene,OR,EE. UU.,97402.0
14566,Corporate,Austin,TX,EE. UU.,78745.0
12977,Corporate,Lynwood,CA,EE. UU.,90262.0
4820,Corporate,Annapolis,MD,EE. UU.,21401.0
4074,Corporate,West Chester,PA,EE. UU.,19382.0
3699,Corporate,La Habra,CA,EE. UU.,90631.0
12748,Corporate,Houston,TX,EE. UU.,77055.0
1587,Corporate,Dearborn,MI,EE. UU.,48126.0
5694,Corporate,Cary,NC,EE. UU.,27511.0
4500,Corporate,Edinburg,TX,EE. UU.,78539.0
8361,Corporate,Ontario,CA,EE. UU.,91762.0
18261,Corporate,Mechanicsburg,PA,EE. UU.,17055.0
18264,Corporate,El Paso,TX,EE. UU.,79907.0
2834,Corporate,Duluth,GA,EE. UU.,30096.0
1521,Corporate,Hawthorne,CA,EE. UU.,90250.0
2299,Corporate,Phoenix,AZ,EE. UU.,85008.0
6537,Corporate,Mission Viejo,CA,EE. UU.,92691.0
6538,Corporate,Mililani,HI,EE. UU.,96789.0
17029,Corporate,Princeton,NJ,EE. UU.,8540.0
20757,Corporate,Miami,FL,EE. UU.,33126.0
17031,Corporate,Wichita,KS,EE. UU.,67212.0
5373,Corporate,Houston,TX,EE. UU.,77015.0
4898,Corporate,Malden,MA,EE. UU.,2148.0
8159,Corporate,Newark,OH,EE. UU.,43055.0
1961,Corporate,Cleveland,OH,EE. UU.,44109.0
3021,Corporate,Flushing,NY,EE. UU.,11354.0
2180,Corporate,Stockbridge,GA,EE. UU.,30281.0
2944,Corporate,Salinas,CA,EE. UU.,93905.0
9683,Corporate,Riverside,CA,EE. UU.,92509.0
1031,Corporate,Cypress,CA,EE. UU.,90630.0
7116,Corporate,Walnut,CA,EE. UU.,91789.0
8181,Corporate,Livermore,CA,EE. UU.,94550.0
10324,Corporate,Tallahassee,FL,EE. UU.,32308.0
13382,Corporate,La Mesa,CA,EE. UU.,91941.0
14430,Corporate,Cleveland,OH,EE. UU.,44105.0
14092,Corporate,Virginia Beach,VA,EE. UU.,23455.0
13499,Corporate,Dallas,TX,EE. UU.,75227.0
14368,Corporate,Irving,TX,EE. UU.,75060.0
14471,Corporate,Lockport,NY,EE. UU.,14094.0
14561,Corporate,Bend,OR,EE. UU.,97701.0
13187,Corporate,Los Angeles,CA,EE. UU.,90044.0
13258,Corporate,Rowland Heights,CA,EE. UU.,91748.0
14096,Corporate,Sun Valley,CA,EE. UU.,91352.0
1693,Corporate,Catonsville,MD,EE. UU.,21228.0
13896,Corporate,Santa Cruz,CA,EE. UU.,95060.0
3822,Corporate,West Jordan,UT,EE. UU.,84084.0
14001,Corporate,Campbell,CA,EE. UU.,95008.0
14052,Corporate,Endicott,NY,EE. UU.,13760.0
10524,Corporate,Asheboro,NC,EE. UU.,27203.0
4856,Corporate,Woodbridge,VA,EE. UU.,22192.0
11872,Corporate,Fullerton,CA,EE. UU.,92833.0
10400,Corporate,Denver,CO,EE. UU.,80219.0
14774,Corporate,Lindenhurst,NY,EE. UU.,11757.0
7478,Corporate,Buffalo,NY,EE. UU.,14221.0
2974,Corporate,Chicago,IL,EE. UU.,60643.0
8266,Corporate,Hayward,CA,EE. UU.,94541.0
5051,Corporate,Fargo,ND,EE. UU.,58103.0
11317,Corporate,Pawtucket,RI,EE. UU.,2860.0
8978,Corporate,North Hills,CA,EE. UU.,91343.0
3210,Corporate,Escondido,CA,EE. UU.,92026.0
585,Corporate,New York,NY,EE. UU.,10021.0
2676,Corporate,Bensalem,PA,EE. UU.,19020.0
12657,Corporate,Columbus,OH,EE. UU.,43230.0
12839,Corporate,Las Vegas,NV,EE. UU.,89117.0
4573,Corporate,Salt Lake City,UT,EE. UU.,84120.0
5942,Corporate,Philadelphia,PA,EE. UU.,19145.0
3120,Corporate,Denver,CO,EE. UU.,80219.0
5944,Corporate,Elmhurst,NY,EE. UU.,11373.0
11157,Corporate,York,PA,EE. UU.,17402.0
6369,Corporate,Greensboro,NC,EE. UU.,27406.0
1359,Corporate,Canyon Country,CA,EE. UU.,91351.0
11159,Corporate,Sylmar,CA,EE. UU.,91342.0
8615,Corporate,San Antonio,TX,EE. UU.,78207.0
11909,Corporate,Alameda,CA,EE. UU.,94501.0
9627,Corporate,Las Vegas,NV,EE. UU.,89103.0
18092,Corporate,Columbus,OH,EE. UU.,43228.0
18122,Corporate,Albuquerque,NM,EE. UU.,87112.0
18266,Corporate,Hollister,CA,EE. UU.,95023.0
19269,Corporate,Houston,TX,EE. UU.,77083.0
16601,Corporate,Tucson,AZ,EE. UU.,85710.0
20480,Corporate,Brooklyn,NY,EE. UU.,11226.0
20478,Corporate,Wilkes Barre,PA,EE. UU.,18702.0
18458,Corporate,Chicago,IL,EE. UU.,60622.0
298,Corporate,Chicago,IL,EE. UU.,60623.0
20475,Corporate,Norfolk,VA,EE. UU.,23503.0
17969,Corporate,Morrisville,PA,EE. UU.,19067.0
7708,Corporate,Philadelphia,PA,EE. UU.,19104.0
18395,Corporate,Rock Hill,SC,EE. UU.,29730.0
20466,Corporate,Bronx,NY,EE. UU.,10458.0
5303,Corporate,Carrollton,TX,EE. UU.,75006.0
3242,Corporate,El Cajon,CA,EE. UU.,92021.0
5076,Corporate,Cleveland,OH,EE. UU.,44120.0
15514,Corporate,Las Vegas,NV,EE. UU.,89119.0
15599,Corporate,Saint Louis,MO,EE. UU.,63116.0
15597,Corporate,Phoenix,AZ,EE. UU.,85040.0
5538,Corporate,Livermore,CA,EE. UU.,94550.0
1134,Corporate,San Jose,CA,EE. UU.,95148.0
16278,Corporate,Palatine,IL,EE. UU.,60067.0
16309,Corporate,Bronx,NY,EE. UU.,10463.0
19948,Corporate,Richmond,TX,EE. UU.,77469.0
20001,Corporate,Columbus,OH,EE. UU.,43228.0
18994,Corporate,Brooklyn,NY,EE. UU.,11238.0
16371,Corporate,Buena Park,CA,EE. UU.,90620.0
4199,Corporate,Hayward,CA,EE. UU.,94544.0
4980,Corporate,Brooklyn,NY,EE. UU.,11236.0
11015,Corporate,Los Angeles,CA,EE. UU.,90022.0
8762,Corporate,San Francisco,CA,EE. UU.,94110.0
1114,Corporate,El Paso,TX,EE. UU.,79924.0
406,Corporate,Asheboro,NC,EE. UU.,27203.0
176,Corporate,Dundalk,MD,EE. UU.,21222.0
5028,Corporate,Miami,FL,EE. UU.,33161.0
5892,Corporate,Newark,DE,EE. UU.,19702.0
546,Corporate,Clearfield,UT,EE. UU.,84015.0
5509,Corporate,Decatur,GA,EE. UU.,30034.0
9320,Corporate,Philadelphia,PA,EE. UU.,19148.0
10750,Corporate,Tustin,CA,EE. UU.,92780.0
1940,Corporate,Albuquerque,NM,EE. UU.,87112.0
2230,Corporate,San Bernardino,CA,EE. UU.,92404.0
10216,Corporate,Hagerstown,MD,EE. UU.,21740.0
7486,Corporate,Azusa,CA,EE. UU.,91702.0
9268,Corporate,Plainfield,IL,EE. UU.,60544.0
3735,Corporate,El Centro,CA,EE. UU.,92243.0
2707,Corporate,Chicago,IL,EE. UU.,60626.0
7194,Corporate,Vallejo,CA,EE. UU.,94591.0
2070,Corporate,La Crosse,WI,EE. UU.,54601.0
4486,Corporate,San Pedro,CA,EE. UU.,90731.0
10692,Corporate,Mission,TX,EE. UU.,78572.0
1338,Corporate,Conway,AR,EE. UU.,72032.0
1418,Corporate,Roswell,NM,EE. UU.,88201.0
10283,Corporate,Buffalo,NY,EE. UU.,14215.0
14401,Corporate,Joliet,IL,EE. UU.,60435.0
14275,Corporate,Silver Spring,MD,EE. UU.,20904.0
14274,Corporate,Ontario,CA,EE. UU.,91764.0
14218,Corporate,Fort Worth,TX,EE. UU.,76106.0
14145,Corporate,Westland,MI,EE. UU.,48185.0
14213,Corporate,Baytown,TX,EE. UU.,77520.0
14066,Corporate,Bend,OR,EE. UU.,97701.0
14671,Corporate,Albuquerque,NM,EE. UU.,87120.0
14369,Corporate,Brighton,MA,EE. UU.,2135.0
14189,Corporate,Pekin,IL,EE. UU.,61554.0
4964,Consumer,Brooklyn,NY,EE. UU.,11216.0
12667,Consumer,Wyoming,MI,EE. UU.,49509.0
12665,Consumer,Jacksonville,FL,EE. UU.,32225.0
12590,Consumer,Brandon,FL,EE. UU.,33511.0
12458,Consumer,North Bergen,NJ,EE. UU.,7047.0
12920,Consumer,Hyattsville,MD,EE. UU.,20783.0
12919,Consumer,Granada Hills,CA,EE. UU.,91344.0
9691,Consumer,Bakersfield,CA,EE. UU.,93306.0
3359,Consumer,Los Angeles,CA,EE. UU.,90002.0
2808,Consumer,Memphis,TN,EE. UU.,38111.0
8238,Consumer,Mesquite,TX,EE. UU.,75149.0
8936,Consumer,Bell Gardens,CA,EE. UU.,90201.0
42,Consumer,Duluth,GA,EE. UU.,30096.0
356,Consumer,Catonsville,MD,EE. UU.,21228.0
1487,Consumer,Virginia Beach,VA,EE. UU.,23464.0
12294,Consumer,Mission Viejo,CA,EE. UU.,92692.0
11232,Consumer,Tallahassee,FL,EE. UU.,32308.0
10587,Consumer,Milford,CT,EE. UU.,6460.0
12412,Consumer,Wheaton,IL,EE. UU.,60187.0
4652,Consumer,Aurora,CO,EE. UU.,80015.0
4185,Consumer,Saint Paul,MN,EE. UU.,55112.0
11639,Consumer,Charlotte,NC,EE. UU.,28205.0
4050,Consumer,Brooklyn,NY,EE. UU.,11237.0
9338,Consumer,Canoga Park,CA,EE. UU.,91304.0
11167,Consumer,New York,NY,EE. UU.,10003.0
2085,Consumer,Los Angeles,CA,EE. UU.,90033.0
2536,Consumer,Los Angeles,CA,EE. UU.,90044.0
7564,Consumer,Powder Springs,GA,EE. UU.,30127.0
8510,Consumer,New York,NY,EE. UU.,10033.0
6514,Consumer,Tampa,FL,EE. UU.,33624.0
9182,Consumer,Troy,MI,EE. UU.,48098.0
11136,Consumer,Hollywood,FL,EE. UU.,33021.0
9784,Consumer,Lawrenceville,GA,EE. UU.,30043.0
3912,Consumer,South Ozone Park,NY,EE. UU.,11420.0
11215,Consumer,Gwynn Oak,MD,EE. UU.,21207.0
6151,Consumer,Cary,NC,EE. UU.,27511.0
488,Consumer,San Francisco,CA,EE. UU.,94110.0
4321,Consumer,Honolulu,HI,EE. UU.,96818.0
8754,Consumer,South Richmond Hill,NY,EE. UU.,11419.0
4484,Consumer,Powder Springs,GA,EE. UU.,30127.0
2659,Consumer,Glen Burnie,MD,EE. UU.,21061.0
7261,Consumer,Broomfield,CO,EE. UU.,80020.0
5926,Consumer,Granada Hills,CA,EE. UU.,91344.0
108,Consumer,Bronx,NY,EE. UU.,10462.0
697,Consumer,Washington,DC,EE. UU.,20019.0
11948,Consumer,Santa Ana,CA,EE. UU.,92705.0
5231,Consumer,Oregon City,OR,EE. UU.,97045.0
9084,Consumer,Jonesboro,AR,EE. UU.,72401.0
508,Consumer,Rancho Cordova,CA,EE. UU.,95670.0
4769,Consumer,Bakersfield,CA,EE. UU.,93308.0
627,Consumer,Honolulu,HI,EE. UU.,96822.0
12171,Consumer,Chicago,IL,EE. UU.,60629.0
808,Consumer,San Benito,TX,EE. UU.,78586.0
118,Consumer,Ogden,UT,EE. UU.,84404.0
3187,Consumer,Jersey City,NJ,EE. UU.,7305.0
3646,Consumer,New York,NY,EE. UU.,10023.0
959,Consumer,Tempe,AZ,EE. UU.,85283.0
1185,Consumer,Saint Paul,MN,EE. UU.,55112.0
9485,Consumer,El Cajon,CA,EE. UU.,92020.0
10752,Consumer,Richardson,TX,EE. UU.,75080.0
3077,Consumer,Santa Ana,CA,EE. UU.,92707.0
12272,Consumer,Tempe,AZ,EE. UU.,85283.0
11750,Consumer,Chicago,IL,EE. UU.,60643.0
6716,Consumer,Cordova,TN,EE. UU.,38018.0
1228,Consumer,Sunnyvale,CA,EE. UU.,94086.0
1750,Consumer,La Mesa,CA,EE. UU.,91941.0
7634,Consumer,Wichita,KS,EE. UU.,67212.0
6940,Consumer,Encinitas,CA,EE. UU.,92024.0
7445,Consumer,Santa Cruz,CA,EE. UU.,95060.0
4798,Consumer,Plano,TX,EE. UU.,75093.0
12390,Consumer,Las Vegas,NV,EE. UU.,89121.0
4369,Consumer,Cupertino,CA,EE. UU.,95014.0
7763,Consumer,Austin,TX,EE. UU.,78745.0
11497,Consumer,Chicago,IL,EE. UU.,60613.0
9855,Consumer,San Diego,CA,EE. UU.,92115.0
10231,Consumer,Burnsville,MN,EE. UU.,55337.0
10332,Consumer,Glenview,IL,EE. UU.,60025.0
19864,Consumer,Houston,TX,EE. UU.,77055.0
18903,Consumer,Bronx,NY,EE. UU.,10463.0
18148,Consumer,Jacksonville,NC,EE. UU.,28540.0
18214,Consumer,Broken Arrow,OK,EE. UU.,74012.0
18051,Consumer,Flushing,NY,EE. UU.,11354.0
16539,Consumer,Dorchester Center,MA,EE. UU.,2124.0
19082,Consumer,Columbus,GA,EE. UU.,31907.0
16617,Consumer,Ventura,CA,EE. UU.,93003.0
16616,Consumer,Brooklyn,NY,EE. UU.,11220.0
16579,Consumer,Reno,NV,EE. UU.,89502.0
19198,Consumer,Weslaco,TX,EE. UU.,78596.0
15755,Consumer,New York,NY,EE. UU.,10016.0
15742,Consumer,New York,NY,EE. UU.,10023.0
18813,Consumer,El Paso,TX,EE. UU.,79927.0
15756,Consumer,Pompano Beach,FL,EE. UU.,33068.0
15684,Consumer,Edison,NJ,EE. UU.,8817.0
18499,Consumer,Waipahu,HI,EE. UU.,96797.0
20752,Consumer,Brooklyn,NY,EE. UU.,11238.0
11606,Consumer,Apex,NC,EE. UU.,27502.0
8086,Consumer,Philadelphia,PA,EE. UU.,19140.0
9287,Consumer,Tucson,AZ,EE. UU.,85719.0
6488,Consumer,Bristol,CT,EE. UU.,6010.0
7192,Consumer,Cumberland,MD,EE. UU.,21502.0
1914,Consumer,Moline,IL,EE. UU.,61265.0
17718,Consumer,Irving,TX,EE. UU.,75060.0
17267,Consumer,West New York,NJ,EE. UU.,7093.0
9156,Consumer,Chicago,IL,EE. UU.,60620.0
11713,Consumer,Jackson,MI,EE. UU.,49201.0
2762,Consumer,Cleveland,OH,EE. UU.,44105.0
10530,Consumer,Lake Forest,CA,EE. UU.,92630.0
10553,Consumer,Salem,OR,EE. UU.,97303.0
18329,Consumer,Bronx,NY,EE. UU.,10472.0
15941,Consumer,Chicago,IL,EE. UU.,60647.0
3970,Consumer,Washington,DC,EE. UU.,20011.0
3031,Consumer,Brooklyn,NY,EE. UU.,11214.0
5176,Consumer,Hayward,CA,EE. UU.,94544.0
20454,Consumer,Dearborn,MI,EE. UU.,48126.0
10494,Consumer,East Brunswick,NJ,EE. UU.,8816.0
841,Consumer,Bronx,NY,EE. UU.,10463.0
10135,Consumer,Dallas,TX,EE. UU.,75220.0
20540,Consumer,Pittsfield,MA,EE. UU.,1201.0
17492,Consumer,Long Beach,CA,EE. UU.,90806.0
20683,Consumer,Saint Louis,MO,EE. UU.,63116.0
18356,Consumer,Elmhurst,IL,EE. UU.,60126.0
17256,Consumer,Phoenix,AZ,EE. UU.,85033.0
6202,Consumer,Buffalo,NY,EE. UU.,14221.0
3205,Consumer,Fort Worth,TX,EE. UU.,76106.0
2264,Consumer,Laguna Niguel,CA,EE. UU.,92677.0
15338,Consumer,Loveland,OH,EE. UU.,45140.0
15337,Consumer,Tonawanda,NY,EE. UU.,14150.0
15552,Consumer,Dayton,OH,EE. UU.,45424.0
15351,Consumer,Mission Viejo,CA,EE. UU.,92691.0
15405,Consumer,Cicero,IL,EE. UU.,60804.0
3818,Consumer,Tempe,AZ,EE. UU.,85283.0
6810,Consumer,Philadelphia,PA,EE. UU.,19104.0
1848,Consumer,Dallas,TX,EE. UU.,75243.0
11450,Consumer,Laredo,TX,EE. UU.,78040.0
7220,Consumer,Lansdale,PA,EE. UU.,19446.0
11368,Consumer,Huntington Station,NY,EE. UU.,11746.0
11628,Consumer,Las Vegas,NV,EE. UU.,89119.0
5968,Consumer,Campbell,CA,EE. UU.,95008.0
7472,Consumer,Plymouth,MA,EE. UU.,2360.0
11988,Consumer,Round Rock,TX,EE. UU.,78664.0
8049,Consumer,Long Beach,CA,EE. UU.,90805.0
11620,Consumer,Los Angeles,CA,EE. UU.,90022.0
17564,Consumer,Morrisville,PA,EE. UU.,19067.0
16170,Consumer,Modesto,CA,EE. UU.,95350.0
18892,Consumer,Watsonville,CA,EE. UU.,95076.0
15248,Consumer,Raleigh,NC,EE. UU.,27606.0
20059,Consumer,Simi Valley,CA,EE. UU.,93065.0
18980,Consumer,York,PA,EE. UU.,17402.0
19771,Consumer,Denver,CO,EE. UU.,80219.0
18904,Consumer,Moreno Valley,CA,EE. UU.,92557.0
16213,Consumer,Los Angeles,CA,EE. UU.,90024.0
19025,Consumer,North Las Vegas,NV,EE. UU.,89030.0
19993,Consumer,Brooklyn,NY,EE. UU.,11213.0
19903,Consumer,Stockton,CA,EE. UU.,95206.0
16153,Consumer,Lakewood,OH,EE. UU.,44107.0
12062,Consumer,Michigan City,IN,EE. UU.,46360.0
7615,Consumer,Las Cruces,NM,EE. UU.,88005.0
2175,Consumer,Austin,TX,EE. UU.,78704.0
5650,Consumer,Brooklyn,NY,EE. UU.,11230.0
11468,Consumer,Medina,OH,EE. UU.,44256.0
8431,Consumer,Hilliard,OH,EE. UU.,43026.0
4235,Consumer,Powder Springs,GA,EE. UU.,30127.0
2548,Consumer,Hamilton,OH,EE. UU.,45013.0
7874,Consumer,Dundalk,MD,EE. UU.,21222.0
12369,Consumer,Spokane,WA,EE. UU.,99205.0
6835,Consumer,Wilkes Barre,PA,EE. UU.,18702.0
10516,Consumer,Buffalo,NY,EE. UU.,14215.0
10359,Consumer,Birmingham,AL,EE. UU.,35215.0
300,Consumer,Plano,TX,EE. UU.,75093.0
11265,Consumer,Waukegan,IL,EE. UU.,60085.0
9200,Consumer,Brooklyn,NY,EE. UU.,11219.0
9387,Consumer,Valrico,FL,EE. UU.,33594.0
1471,Consumer,Costa Mesa,CA,EE. UU.,92627.0
3320,Consumer,Pompano Beach,FL,EE. UU.,33068.0
8879,Consumer,Stockbridge,GA,EE. UU.,30281.0
6908,Consumer,Denver,CO,EE. UU.,80219.0
3766,Consumer,Garden Grove,CA,EE. UU.,92843.0
9036,Consumer,Brooklyn,NY,EE. UU.,11221.0
6142,Consumer,Greensburg,PA,EE. UU.,15601.0
10293,Consumer,Bronx,NY,EE. UU.,10469.0
9290,Consumer,Hampton,VA,EE. UU.,23666.0
11886,Consumer,Las Vegas,NV,EE. UU.,89123.0
3289,Consumer,Rialto,CA,EE. UU.,92376.0
12334,Consumer,Lancaster,CA,EE. UU.,93535.0
156,Consumer,Los Angeles,CA,EE. UU.,90001.0
9892,Consumer,Louisville,KY,EE. UU.,40214.0
11110,Consumer,Santa Ana,CA,EE. UU.,92704.0
12068,Consumer,Aurora,CO,EE. UU.,80012.0
10817,Consumer,Miami,FL,EE. UU.,33177.0
857,Consumer,Houston,TX,EE. UU.,77083.0
2908,Consumer,Beloit,WI,EE. UU.,53511.0
11251,Consumer,Daly City,CA,EE. UU.,94015.0
6760,Consumer,Oceanside,CA,EE. UU.,92054.0
3280,Consumer,Pawtucket,RI,EE. UU.,2860.0
5952,Consumer,Clearfield,UT,EE. UU.,84015.0
9437,Consumer,Kent,WA,EE. UU.,98031.0
9405,Consumer,Manchester,CT,EE. UU.,6040.0
5723,Consumer,Enfield,CT,EE. UU.,6082.0
6610,Consumer,Buffalo,NY,EE. UU.,14215.0
11867,Consumer,Chino,CA,EE. UU.,91710.0
923,Consumer,Norfolk,VA,EE. UU.,23503.0
1781,Consumer,Napa,CA,EE. UU.,94558.0
4244,Consumer,Glendale,AZ,EE. UU.,85308.0
4891,Consumer,Philadelphia,PA,EE. UU.,19144.0
6581,Consumer,Virginia Beach,VA,EE. UU.,23455.0
6632,Consumer,Raleigh,NC,EE. UU.,27610.0
4112,Consumer,Elyria,OH,EE. UU.,44035.0
5410,Consumer,Pittsburg,CA,EE. UU.,94565.0
9738,Consumer,East Lansing,MI,EE. UU.,48823.0
6333,Consumer,Memphis,TN,EE. UU.,38128.0
9606,Consumer,Granada Hills,CA,EE. UU.,91344.0
6469,Consumer,Bayonne,NJ,EE. UU.,7002.0
11399,Consumer,Redmond,WA,EE. UU.,98052.0
9622,Consumer,Mission,TX,EE. UU.,78572.0
3803,Consumer,San Francisco,CA,EE. UU.,94109.0
2522,Consumer,York,PA,EE. UU.,17404.0
8635,Consumer,Yonkers,NY,EE. UU.,10701.0
4900,Consumer,Miami,FL,EE. UU.,33157.0
5037,Consumer,Los Angeles,CA,EE. UU.,90016.0
9812,Consumer,El Monte,CA,EE. UU.,91732.0
7686,Consumer,Brooklyn,NY,EE. UU.,11201.0
4940,Consumer,Brooklyn,NY,EE. UU.,11221.0
4880,Consumer,Mission Viejo,CA,EE. UU.,92691.0
11394,Consumer,Cupertino,CA,EE. UU.,95014.0
1705,Consumer,Orlando,FL,EE. UU.,32825.0
9575,Consumer,Azusa,CA,EE. UU.,91702.0
5617,Consumer,Huntington Station,NY,EE. UU.,11746.0
5552,Consumer,Reynoldsburg,OH,EE. UU.,43068.0
1955,Consumer,Salem,OR,EE. UU.,97301.0
8560,Consumer,Union City,NJ,EE. UU.,7087.0
8025,Consumer,Staten Island,NY,EE. UU.,10314.0
1046,Consumer,San Antonio,TX,EE. UU.,78201.0
3002,Consumer,Rego Park,NY,EE. UU.,11374.0
3582,Consumer,New York,NY,EE. UU.,10027.0
9427,Consumer,San Antonio,TX,EE. UU.,78201.0
3977,Consumer,Detroit,MI,EE. UU.,48224.0
3728,Consumer,Loveland,OH,EE. UU.,45140.0
7956,Consumer,Hialeah,FL,EE. UU.,33012.0
3337,Consumer,Baltimore,MD,EE. UU.,21218.0
5773,Consumer,Jacksonville,FL,EE. UU.,32225.0
5894,Consumer,Chicago,IL,EE. UU.,60615.0
10257,Consumer,Tucson,AZ,EE. UU.,85710.0
11630,Consumer,Miami,FL,EE. UU.,33125.0
6264,Consumer,Elmhurst,IL,EE. UU.,60126.0
5905,Consumer,Albuquerque,NM,EE. UU.,87105.0
11330,Consumer,Philadelphia,PA,EE. UU.,19143.0
6903,Consumer,New York,NY,EE. UU.,10021.0
14724,Consumer,Indio,CA,EE. UU.,92201.0
13059,Consumer,Tempe,AZ,EE. UU.,85281.0
13472,Consumer,Miami,FL,EE. UU.,33155.0
14536,Consumer,Austin,TX,EE. UU.,78753.0
13501,Consumer,San Jose,CA,EE. UU.,95148.0
14601,Consumer,Louisville,KY,EE. UU.,40214.0
9308,Consumer,Chicago,IL,EE. UU.,60615.0
9166,Consumer,Roswell,NM,EE. UU.,88201.0
4347,Consumer,Bakersfield,CA,EE. UU.,93304.0
6330,Consumer,Pasadena,MD,EE. UU.,21122.0
5103,Consumer,Simi Valley,CA,EE. UU.,93065.0
535,Consumer,Bronx,NY,EE. UU.,10453.0
84,Consumer,Tampa,FL,EE. UU.,33624.0
9693,Consumer,Richardson,TX,EE. UU.,75080.0
6391,Consumer,Jackson Heights,NY,EE. UU.,11372.0
12022,Consumer,Miami,FL,EE. UU.,33176.0
7059,Consumer,Colorado Springs,CO,EE. UU.,80918.0
8173,Consumer,Porterville,CA,EE. UU.,93257.0
7858,Consumer,Miami,FL,EE. UU.,33155.0
12539,Consumer,Broomfield,CO,EE. UU.,80020.0
12603,Consumer,Columbus,OH,EE. UU.,43228.0
15000,Consumer,Amarillo,TX,EE. UU.,79109.0
10572,Consumer,Chicago,IL,EE. UU.,60625.0
7100,Consumer,Wichita,KS,EE. UU.,67212.0
9106,Consumer,Waukegan,IL,EE. UU.,60085.0
3931,Consumer,Chicago,IL,EE. UU.,60613.0
10320,Consumer,Hialeah,FL,EE. UU.,33015.0
1821,Consumer,Columbus,OH,EE. UU.,43229.0
6160,Consumer,Washington,DC,EE. UU.,20020.0
1137,Consumer,Holland,MI,EE. UU.,49423.0
4582,Consumer,Anaheim,CA,EE. UU.,92801.0
82,Consumer,San Antonio,TX,EE. UU.,78240.0
794,Consumer,Orlando,FL,EE. UU.,32825.0
10942,Consumer,Brownsville,TX,EE. UU.,78521.0
9151,Consumer,Potomac,MD,EE. UU.,20854.0
10101,Consumer,El Centro,CA,EE. UU.,92243.0
6449,Consumer,Corona,CA,EE. UU.,92882.0
1649,Consumer,New Brunswick,NJ,EE. UU.,8901.0
20102,Consumer,Lancaster,PA,EE. UU.,17601.0
19068,Consumer,Waukegan,IL,EE. UU.,60085.0
16563,Consumer,Tempe,AZ,EE. UU.,85282.0
19238,Consumer,Atlanta,GA,EE. UU.,30331.0
18845,Consumer,Bloomfield,NJ,EE. UU.,7003.0
7694,Consumer,Carlsbad,CA,EE. UU.,92009.0
9312,Consumer,Massillon,OH,EE. UU.,44646.0
4364,Consumer,Los Angeles,CA,EE. UU.,90042.0
5791,Consumer,Elk Grove,CA,EE. UU.,95758.0
6761,Consumer,Orange Park,FL,EE. UU.,32073.0
17677,Consumer,Lancaster,CA,EE. UU.,93536.0
2712,Consumer,Fremont,CA,EE. UU.,94539.0
20435,Consumer,Santa Clara,CA,EE. UU.,95051.0
12249,Consumer,Miami,FL,EE. UU.,33176.0
16079,Consumer,Los Angeles,CA,EE. UU.,90032.0
15642,Consumer,North Tonawanda,NY,EE. UU.,14120.0
11683,Consumer,Brooklyn,NY,EE. UU.,11206.0
451,Consumer,Asheboro,NC,EE. UU.,27203.0
12320,Consumer,Elyria,OH,EE. UU.,44035.0
8797,Consumer,Bakersfield,CA,EE. UU.,93308.0
20093,Consumer,Lynwood,CA,EE. UU.,90262.0
17054,Consumer,Poway,CA,EE. UU.,92064.0
15184,Consumer,Henrico,VA,EE. UU.,23233.0
11282,Consumer,Fontana,CA,EE. UU.,92335.0
9188,Consumer,Bakersfield,CA,EE. UU.,93309.0
3826,Consumer,Richmond,VA,EE. UU.,23223.0
2158,Consumer,Fontana,CA,EE. UU.,92336.0
7561,Consumer,Tucson,AZ,EE. UU.,85713.0
7219,Consumer,Detroit,MI,EE. UU.,48205.0
8531,Consumer,Caguas,PR,Puerto Rico,725.0
4092,Consumer,Caguas,PR,Puerto Rico,725.0
3675,Consumer,Caguas,PR,Puerto Rico,725.0
7153,Consumer,Caguas,PR,Puerto Rico,725.0
10567,Consumer,Caguas,PR,Puerto Rico,725.0
6487,Consumer,Caguas,PR,Puerto Rico,725.0
2693,Consumer,Caguas,PR,Puerto Rico,725.0
12926,Consumer,Caguas,PR,Puerto Rico,725.0
14948,Consumer,Caguas,PR,Puerto Rico,725.0
454,Consumer,Caguas,PR,Puerto Rico,725.0
10482,Consumer,Caguas,PR,Puerto Rico,725.0
7117,Consumer,Caguas,PR,Puerto Rico,725.0
3536,Consumer,Caguas,PR,Puerto Rico,725.0
1371,Consumer,Caguas,PR,Puerto Rico,725.0
8059,Consumer,Caguas,PR,Puerto Rico,725.0
12372,Consumer,Caguas,PR,Puerto Rico,725.0
11,Consumer,Caguas,PR,Puerto Rico,725.0
7840,Consumer,Caguas,PR,Puerto Rico,725.0
3036,Consumer,Caguas,PR,Puerto Rico,725.0
617,Consumer,Caguas,PR,Puerto Rico,725.0
11834,Consumer,Caguas,PR,Puerto Rico,725.0
4659,Consumer,Caguas,PR,Puerto Rico,725.0
939,Consumer,Caguas,PR,Puerto Rico,725.0
4080,Consumer,Caguas,PR,Puerto Rico,725.0
10847,Consumer,Caguas,PR,Puerto Rico,725.0
12107,Consumer,Caguas,PR,Puerto Rico,725.0
7876,Consumer,Caguas,PR,Puerto Rico,725.0
7012,Consumer,Caguas,PR,Puerto Rico,725.0
6250,Consumer,Caguas,PR,Puerto Rico,725.0
10127,Consumer,Caguas,PR,Puerto Rico,725.0
6265,Consumer,Caguas,PR,Puerto Rico,725.0
4100,Consumer,Caguas,PR,Puerto Rico,725.0
7693,Consumer,Caguas,PR,Puerto Rico,725.0
776,Consumer,Caguas,PR,Puerto Rico,725.0
7121,Consumer,Caguas,PR,Puerto Rico,725.0
2632,Consumer,Caguas,PR,Puerto Rico,725.0
8713,Consumer,Caguas,PR,Puerto Rico,725.0
7726,Consumer,Caguas,PR,Puerto Rico,725.0
5620,Consumer,Caguas,PR,Puerto Rico,725.0
9558,Consumer,Caguas,PR,Puerto Rico,725.0
12247,Consumer,Caguas,PR,Puerto Rico,725.0
1548,Consumer,Caguas,PR,Puerto Rico,725.0
10875,Consumer,Guayama,PR,Puerto Rico,784.0
7849,Consumer,Caguas,PR,Puerto Rico,725.0
6526,Consumer,Caguas,PR,Puerto Rico,725.0
2804,Consumer,Caguas,PR,Puerto Rico,725.0
8140,Consumer,Caguas,PR,Puerto Rico,725.0
3526,Consumer,Caguas,PR,Puerto Rico,725.0
3076,Consumer,Caguas,PR,Puerto Rico,725.0
5826,Consumer,Caguas,PR,Puerto Rico,725.0
7728,Consumer,Caguas,PR,Puerto Rico,725.0
7285,Consumer,Caguas,PR,Puerto Rico,725.0
7364,Consumer,Caguas,PR,Puerto Rico,725.0
3593,Consumer,Caguas,PR,Puerto Rico,725.0
1739,Consumer,Caguas,PR,Puerto Rico,725.0
9783,Consumer,Caguas,PR,Puerto Rico,725.0
7254,Consumer,Caguas,PR,Puerto Rico,725.0
10675,Consumer,Caguas,PR,Puerto Rico,725.0
1404,Consumer,Caguas,PR,Puerto Rico,725.0
1830,Consumer,Caguas,PR,Puerto Rico,725.0
10688,Consumer,Caguas,PR,Puerto Rico,725.0
4929,Consumer,Caguas,PR,Puerto Rico,725.0
4932,Consumer,Caguas,PR,Puerto Rico,725.0
12140,Consumer,Caguas,PR,Puerto Rico,725.0
416,Consumer,Caguas,PR,Puerto Rico,725.0
10910,Consumer,Caguas,PR,Puerto Rico,725.0
12073,Consumer,Caguas,PR,Puerto Rico,725.0
3247,Consumer,Caguas,PR,Puerto Rico,725.0
11199,Consumer,Caguas,PR,Puerto Rico,725.0
3418,Consumer,Caguas,PR,Puerto Rico,725.0
6552,Consumer,Caguas,PR,Puerto Rico,725.0
3872,Consumer,Caguas,PR,Puerto Rico,725.0
10380,Consumer,Caguas,PR,Puerto Rico,725.0
2488,Consumer,Caguas,PR,Puerto Rico,725.0
12287,Consumer,Caguas,PR,Puerto Rico,725.0
5290,Consumer,Caguas,PR,Puerto Rico,725.0
2415,Consumer,Caguas,PR,Puerto Rico,725.0
4335,Consumer,Caguas,PR,Puerto Rico,725.0
3339,Consumer,Caguas,PR,Puerto Rico,725.0
6452,Consumer,Caguas,PR,Puerto Rico,725.0
7936,Consumer,Caguas,PR,Puerto Rico,725.0
1149,Consumer,Caguas,PR,Puerto Rico,725.0
10340,Consumer,Caguas,PR,Puerto Rico,725.0
5895,Consumer,Caguas,PR,Puerto Rico,725.0
9888,Consumer,Caguas,PR,Puerto Rico,725.0
501,Consumer,Caguas,PR,Puerto Rico,725.0
4796,Consumer,Caguas,PR,Puerto Rico,725.0
10034,Consumer,Caguas,PR,Puerto Rico,725.0
2584,Consumer,Caguas,PR,Puerto Rico,725.0
3683,Consumer,Caguas,PR,Puerto Rico,725.0
9103,Consumer,Caguas,PR,Puerto Rico,725.0
8935,Consumer,Caguas,PR,Puerto Rico,725.0
7334,Consumer,Caguas,PR,Puerto Rico,725.0
11687,Consumer,Caguas,PR,Puerto Rico,725.0
7054,Consumer,Caguas,PR,Puerto Rico,725.0
1391,Consumer,Caguas,PR,Puerto Rico,725.0
12314,Consumer,Caguas,PR,Puerto Rico,725.0
4136,Consumer,Caguas,PR,Puerto Rico,725.0
4504,Consumer,Caguas,PR,Puerto Rico,725.0
7459,Consumer,Mayaguez,PR,Puerto Rico,680.0
4003,Consumer,Caguas,PR,Puerto Rico,725.0
12199,Consumer,Caguas,PR,Puerto Rico,725.0
5167,Consumer,Caguas,PR,Puerto Rico,725.0
6977,Consumer,Caguas,PR,Puerto Rico,725.0
5252,Consumer,Caguas,PR,Puerto Rico,725.0
2349,Consumer,Caguas,PR,Puerto Rico,725.0
10391,Consumer,Caguas,PR,Puerto Rico,725.0
4163,Consumer,Caguas,PR,Puerto Rico,725.0
714,Consumer,Caguas,PR,Puerto Rico,725.0
2595,Consumer,Caguas,PR,Puerto Rico,725.0
506,Consumer,Caguas,PR,Puerto Rico,725.0
6318,Consumer,Caguas,PR,Puerto Rico,725.0
11118,Consumer,Caguas,PR,Puerto Rico,725.0
2955,Consumer,Caguas,PR,Puerto Rico,725.0
3745,Consumer,Caguas,PR,Puerto Rico,725.0
3038,Consumer,Caguas,PR,Puerto Rico,725.0
6604,Consumer,Caguas,PR,Puerto Rico,725.0
12114,Consumer,Caguas,PR,Puerto Rico,725.0
9988,Consumer,Caguas,PR,Puerto Rico,725.0
5193,Consumer,Caguas,PR,Puerto Rico,725.0
1663,Consumer,Caguas,PR,Puerto Rico,725.0
7723,Consumer,Caguas,PR,Puerto Rico,725.0
6430,Consumer,Caguas,PR,Puerto Rico,725.0
863,Consumer,Caguas,PR,Puerto Rico,725.0
4562,Consumer,Caguas,PR,Puerto Rico,725.0
1411,Consumer,Guaynabo,PR,Puerto Rico,969.0
1908,Consumer,Caguas,PR,Puerto Rico,725.0
8172,Consumer,Caguas,PR,Puerto Rico,725.0
247,Consumer,Caguas,PR,Puerto Rico,725.0
6535,Consumer,Caguas,PR,Puerto Rico,725.0
1798,Consumer,Caguas,PR,Puerto Rico,725.0
4951,Consumer,Caguas,PR,Puerto Rico,725.0
937,Consumer,Caguas,PR,Puerto Rico,725.0
6775,Consumer,Mayaguez,PR,Puerto Rico,680.0
6338,Consumer,Caguas,PR,Puerto Rico,725.0
2466,Consumer,Caguas,PR,Puerto Rico,725.0
11102,Consumer,Caguas,PR,Puerto Rico,725.0
1582,Consumer,Caguas,PR,Puerto Rico,725.0
4705,Consumer,Caguas,PR,Puerto Rico,725.0
1299,Consumer,Caguas,PR,Puerto Rico,725.0
75,Consumer,Caguas,PR,Puerto Rico,725.0
7706,Consumer,Caguas,PR,Puerto Rico,725.0
4857,Consumer,Caguas,PR,Puerto Rico,725.0
4220,Consumer,Caguas,PR,Puerto Rico,725.0
12082,Consumer,Caguas,PR,Puerto Rico,725.0
6750,Consumer,Caguas,PR,Puerto Rico,725.0
425,Consumer,Caguas,PR,Puerto Rico,725.0
12188,Consumer,Caguas,PR,Puerto Rico,725.0
815,Consumer,Caguas,PR,Puerto Rico,725.0
9062,Consumer,Caguas,PR,Puerto Rico,725.0
8199,Consumer,Caguas,PR,Puerto Rico,725.0
927,Consumer,Caguas,PR,Puerto Rico,725.0
10025,Consumer,Carolina,PR,Puerto Rico,983.0
4971,Consumer,Caguas,PR,Puerto Rico,725.0
1053,Consumer,Caguas,PR,Puerto Rico,725.0
11566,Consumer,Caguas,PR,Puerto Rico,725.0
1066,Consumer,Caguas,PR,Puerto Rico,725.0
9923,Consumer,Caguas,PR,Puerto Rico,725.0
10956,Consumer,Caguas,PR,Puerto Rico,725.0
2721,Consumer,Caguas,PR,Puerto Rico,725.0
12123,Consumer,Caguas,PR,Puerto Rico,725.0
8415,Consumer,Caguas,PR,Puerto Rico,725.0
10999,Consumer,Caguas,PR,Puerto Rico,725.0
12411,Consumer,Caguas,PR,Puerto Rico,725.0
2388,Consumer,Caguas,PR,Puerto Rico,725.0
8407,Consumer,Caguas,PR,Puerto Rico,725.0
6099,Consumer,Caguas,PR,Puerto Rico,725.0
3968,Consumer,Caguas,PR,Puerto Rico,725.0
8506,Consumer,Caguas,PR,Puerto Rico,725.0
8908,Consumer,Humacao,PR,Puerto Rico,791.0
7458,Consumer,Caguas,PR,Puerto Rico,725.0
3810,Consumer,Caguas,PR,Puerto Rico,725.0
2042,Consumer,Caguas,PR,Puerto Rico,725.0
4154,Consumer,Caguas,PR,Puerto Rico,725.0
2873,Consumer,Caguas,PR,Puerto Rico,725.0
1350,Consumer,Guaynabo,PR,Puerto Rico,969.0
10495,Consumer,Caguas,PR,Puerto Rico,725.0
11668,Consumer,Caguas,PR,Puerto Rico,725.0
10003,Consumer,Caguas,PR,Puerto Rico,725.0
4656,Consumer,Caguas,PR,Puerto Rico,725.0
1198,Consumer,Caguas,PR,Puerto Rico,725.0
11889,Consumer,Caguas,PR,Puerto Rico,725.0
7574,Consumer,Caguas,PR,Puerto Rico,725.0
727,Consumer,Caguas,PR,Puerto Rico,725.0
6482,Consumer,Caguas,PR,Puerto Rico,725.0
7745,Consumer,Caguas,PR,Puerto Rico,725.0
2435,Consumer,Caguas,PR,Puerto Rico,725.0
8270,Consumer,Caguas,PR,Puerto Rico,725.0
408,Consumer,Caguas,PR,Puerto Rico,725.0
12042,Consumer,Caguas,PR,Puerto Rico,725.0
10818,Consumer,Caguas,PR,Puerto Rico,725.0
7209,Consumer,Caguas,PR,Puerto Rico,725.0
12276,Consumer,Caguas,PR,Puerto Rico,725.0
9984,Consumer,Caguas,PR,Puerto Rico,725.0
10740,Consumer,Caguas,PR,Puerto Rico,725.0
12024,Consumer,Caguas,PR,Puerto Rico,725.0
3691,Consumer,Caguas,PR,Puerto Rico,725.0
9645,Consumer,Caguas,PR,Puerto Rico,725.0
6792,Consumer,Caguas,PR,Puerto Rico,725.0
2879,Consumer,Caguas,PR,Puerto Rico,725.0
12375,Consumer,Caguas,PR,Puerto Rico,725.0
997,Consumer,Caguas,PR,Puerto Rico,725.0
12322,Consumer,Caguas,PR,Puerto Rico,725.0
1106,Consumer,Caguas,PR,Puerto Rico,725.0
6002,Consumer,Caguas,PR,Puerto Rico,725.0
7570,Consumer,Caguas,PR,Puerto Rico,725.0
11517,Consumer,Caguas,PR,Puerto Rico,725.0
7543,Consumer,Caguas,PR,Puerto Rico,725.0
9785,Consumer,Caguas,PR,Puerto Rico,725.0
12354,Consumer,Caguas,PR,Puerto Rico,725.0
10554,Consumer,Caguas,PR,Puerto Rico,725.0
5901,Consumer,Caguas,PR,Puerto Rico,725.0
2942,Consumer,Caguas,PR,Puerto Rico,725.0
10703,Consumer,Caguas,PR,Puerto Rico,725.0
11557,Consumer,Caguas,PR,Puerto Rico,725.0
1794,Consumer,Caguas,PR,Puerto Rico,725.0
10284,Consumer,Caguas,PR,Puerto Rico,725.0
9680,Consumer,Caguas,PR,Puerto Rico,725.0
4408,Consumer,Caguas,PR,Puerto Rico,725.0
4191,Consumer,Caguas,PR,Puerto Rico,725.0
4788,Consumer,Caguas,PR,Puerto Rico,725.0
243,Consumer,Caguas,PR,Puerto Rico,725.0
8295,Consumer,Caguas,PR,Puerto Rico,725.0
8892,Consumer,Manati,PR,Puerto Rico,674.0
3221,Consumer,Caguas,PR,Puerto Rico,725.0
7915,Consumer,Caguas,PR,Puerto Rico,725.0
9044,Consumer,Caguas,PR,Puerto Rico,725.0
11938,Consumer,Caguas,PR,Puerto Rico,725.0
10215,Consumer,San Juan,PR,Puerto Rico,921.0
720,Consumer,Caguas,PR,Puerto Rico,725.0
5574,Consumer,Caguas,PR,Puerto Rico,725.0
8740,Consumer,Caguas,PR,Puerto Rico,725.0
6059,Consumer,Caguas,PR,Puerto Rico,725.0
11093,Consumer,Caguas,PR,Puerto Rico,725.0
5021,Consumer,Caguas,PR,Puerto Rico,725.0
10908,Consumer,Caguas,PR,Puerto Rico,725.0
10206,Consumer,Caguas,PR,Puerto Rico,725.0
8399,Consumer,Caguas,PR,Puerto Rico,725.0
12409,Consumer,Caguas,PR,Puerto Rico,725.0
2404,Consumer,Caguas,PR,Puerto Rico,725.0
4955,Consumer,Caguas,PR,Puerto Rico,725.0
3621,Consumer,Caguas,PR,Puerto Rico,725.0
18100,Consumer,Caguas,PR,Puerto Rico,725.0
18172,Consumer,Caguas,PR,Puerto Rico,725.0
18153,Consumer,Caguas,PR,Puerto Rico,725.0
18080,Consumer,Caguas,PR,Puerto Rico,725.0
18060,Consumer,Caguas,PR,Puerto Rico,725.0
18221,Consumer,Caguas,PR,Puerto Rico,725.0
17890,Consumer,Caguas,PR,Puerto Rico,725.0
18199,Consumer,Caguas,PR,Puerto Rico,725.0
18145,Consumer,Caguas,PR,Puerto Rico,725.0
18036,Consumer,Caguas,PR,Puerto Rico,725.0
18234,Consumer,Caguas,PR,Puerto Rico,725.0
18251,Consumer,Caguas,PR,Puerto Rico,725.0
18249,Consumer,Caguas,PR,Puerto Rico,725.0
16449,Consumer,Caguas,PR,Puerto Rico,725.0
19086,Consumer,Caguas,PR,Puerto Rico,725.0
16572,Consumer,Caguas,PR,Puerto Rico,725.0
19138,Consumer,Caguas,PR,Puerto Rico,725.0
16516,Consumer,Caguas,PR,Puerto Rico,725.0
16587,Consumer,Caguas,PR,Puerto Rico,725.0
19119,Consumer,Caguas,PR,Puerto Rico,725.0
16622,Consumer,Caguas,PR,Puerto Rico,725.0
16514,Consumer,Caguas,PR,Puerto Rico,725.0
19224,Consumer,Caguas,PR,Puerto Rico,725.0
16492,Consumer,Caguas,PR,Puerto Rico,725.0
19221,Consumer,Caguas,PR,Puerto Rico,725.0
16455,Consumer,Caguas,PR,Puerto Rico,725.0
16399,Consumer,Caguas,PR,Puerto Rico,725.0
16525,Consumer,Caguas,PR,Puerto Rico,725.0
16398,Consumer,Caguas,PR,Puerto Rico,725.0
16452,Consumer,Caguas,PR,Puerto Rico,725.0
16434,Consumer,Caguas,PR,Puerto Rico,725.0
19181,Consumer,Caguas,PR,Puerto Rico,725.0
16541,Consumer,Caguas,PR,Puerto Rico,725.0
19091,Consumer,Caguas,PR,Puerto Rico,725.0
16415,Consumer,Caguas,PR,Puerto Rico,725.0
16432,Consumer,Caguas,PR,Puerto Rico,725.0
15881,Consumer,Caguas,PR,Puerto Rico,725.0
15717,Consumer,Caguas,PR,Puerto Rico,725.0
15680,Consumer,Caguas,PR,Puerto Rico,725.0
15787,Consumer,Caguas,PR,Puerto Rico,725.0
18840,Consumer,Caguas,PR,Puerto Rico,725.0
18749,Consumer,Caguas,PR,Puerto Rico,725.0
15747,Consumer,Caguas,PR,Puerto Rico,725.0
15745,Consumer,Caguas,PR,Puerto Rico,725.0
15763,Consumer,Caguas,PR,Puerto Rico,725.0
15708,Consumer,Caguas,PR,Puerto Rico,725.0
15796,Consumer,Caguas,PR,Puerto Rico,725.0
18742,Consumer,Caguas,PR,Puerto Rico,725.0
18849,Consumer,Caguas,PR,Puerto Rico,725.0
18795,Consumer,Caguas,PR,Puerto Rico,725.0
15811,Consumer,Caguas,PR,Puerto Rico,725.0
15720,Consumer,Caguas,PR,Puerto Rico,725.0
2670,Consumer,Caguas,PR,Puerto Rico,725.0
9586,Consumer,Caguas,PR,Puerto Rico,725.0
7412,Consumer,Caguas,PR,Puerto Rico,725.0
7294,Consumer,Caguas,PR,Puerto Rico,725.0
3348,Consumer,Caguas,PR,Puerto Rico,725.0
3,Consumer,Caguas,PR,Puerto Rico,725.0
20698,Consumer,Caguas,PR,Puerto Rico,725.0
6667,Consumer,Caguas,PR,Puerto Rico,725.0
20410,Consumer,Caguas,PR,Puerto Rico,725.0
17489,Consumer,Caguas,PR,Puerto Rico,725.0
18337,Consumer,Caguas,PR,Puerto Rico,725.0
1090,Consumer,Caguas,PR,Puerto Rico,725.0
17507,Consumer,Caguas,PR,Puerto Rico,725.0
17650,Consumer,Caguas,PR,Puerto Rico,725.0
18463,Consumer,Caguas,PR,Puerto Rico,725.0
18427,Consumer,Caguas,PR,Puerto Rico,725.0
2055,Consumer,Caguas,PR,Puerto Rico,725.0
3371,Consumer,Caguas,PR,Puerto Rico,725.0
9440,Consumer,Caguas,PR,Puerto Rico,725.0
17290,Consumer,Caguas,PR,Puerto Rico,725.0
17434,Consumer,Caguas,PR,Puerto Rico,725.0
17995,Consumer,Caguas,PR,Puerto Rico,725.0
15966,Consumer,Caguas,PR,Puerto Rico,725.0
1631,Consumer,Caguas,PR,Puerto Rico,725.0
11392,Consumer,Caguas,PR,Puerto Rico,725.0
18425,Consumer,Caguas,PR,Puerto Rico,725.0
1139,Consumer,Caguas,PR,Puerto Rico,725.0
18442,Consumer,Caguas,PR,Puerto Rico,725.0
2065,Consumer,Caguas,PR,Puerto Rico,725.0
9020,Consumer,Bayamon,PR,Puerto Rico,957.0
7550,Consumer,Caguas,PR,Puerto Rico,725.0
17342,Consumer,Caguas,PR,Puerto Rico,725.0
18496,Consumer,Caguas,PR,Puerto Rico,725.0
6720,Consumer,Caguas,PR,Puerto Rico,725.0
12238,Consumer,Caguas,PR,Puerto Rico,725.0
1151,Consumer,Caguas,PR,Puerto Rico,725.0
16017,Consumer,Caguas,PR,Puerto Rico,725.0
16035,Consumer,Caguas,PR,Puerto Rico,725.0
9519,Consumer,Caguas,PR,Puerto Rico,725.0
20675,Consumer,Caguas,PR,Puerto Rico,725.0
15999,Consumer,Caguas,PR,Puerto Rico,725.0
2695,Consumer,Caguas,PR,Puerto Rico,725.0
11629,Consumer,Caguas,PR,Puerto Rico,725.0
17991,Consumer,Caguas,PR,Puerto Rico,725.0
3198,Consumer,Caguas,PR,Puerto Rico,725.0
7699,Consumer,Caguas,PR,Puerto Rico,725.0
18873,Consumer,Caguas,PR,Puerto Rico,725.0
20710,Consumer,Caguas,PR,Puerto Rico,725.0
20638,Consumer,Caguas,PR,Puerto Rico,725.0
11714,Consumer,Caguas,PR,Puerto Rico,725.0
3345,Consumer,Caguas,PR,Puerto Rico,725.0
18438,Consumer,Caguas,PR,Puerto Rico,725.0
2002,Consumer,Caguas,PR,Puerto Rico,725.0
17972,Consumer,Caguas,PR,Puerto Rico,725.0
18510,Consumer,Caguas,PR,Puerto Rico,725.0
9926,Consumer,Caguas,PR,Puerto Rico,725.0
9173,Consumer,Caguas,PR,Puerto Rico,725.0
11241,Consumer,Caguas,PR,Puerto Rico,725.0
17463,Consumer,Caguas,PR,Puerto Rico,725.0
11895,Consumer,Caguas,PR,Puerto Rico,725.0
5299,Consumer,Caguas,PR,Puerto Rico,725.0
9077,Consumer,Caguas,PR,Puerto Rico,725.0
10562,Consumer,Caguas,PR,Puerto Rico,725.0
20636,Consumer,Caguas,PR,Puerto Rico,725.0
9754,Consumer,Caguas,PR,Puerto Rico,725.0
6331,Consumer,Caguas,PR,Puerto Rico,725.0
18490,Consumer,Caguas,PR,Puerto Rico,725.0
18274,Consumer,Caguas,PR,Puerto Rico,725.0
20599,Consumer,Caguas,PR,Puerto Rico,725.0
2107,Consumer,Caguas,PR,Puerto Rico,725.0
456,Consumer,Caguas,PR,Puerto Rico,725.0
10967,Consumer,Caguas,PR,Puerto Rico,725.0
15922,Consumer,Caguas,PR,Puerto Rico,725.0
20382,Consumer,Caguas,PR,Puerto Rico,725.0
540,Consumer,Caguas,PR,Puerto Rico,725.0
15958,Consumer,Caguas,PR,Puerto Rico,725.0
7806,Consumer,Caguas,PR,Puerto Rico,725.0
8773,Consumer,Caguas,PR,Puerto Rico,725.0
20616,Consumer,Caguas,PR,Puerto Rico,725.0
1635,Consumer,Caguas,PR,Puerto Rico,725.0
11064,Consumer,Caguas,PR,Puerto Rico,725.0
20489,Consumer,Caguas,PR,Puerto Rico,725.0
17496,Consumer,Caguas,PR,Puerto Rico,725.0
11433,Consumer,Caguas,PR,Puerto Rico,725.0
17369,Consumer,Caguas,PR,Puerto Rico,725.0
4833,Consumer,Caguas,PR,Puerto Rico,725.0
20380,Consumer,Caguas,PR,Puerto Rico,725.0
17655,Consumer,Caguas,PR,Puerto Rico,725.0
8331,Consumer,Caguas,PR,Puerto Rico,725.0
17404,Consumer,Caguas,PR,Puerto Rico,725.0
3865,Consumer,Caguas,PR,Puerto Rico,725.0
7853,Consumer,Caguas,PR,Puerto Rico,725.0
7151,Consumer,Caguas,PR,Puerto Rico,725.0
4302,Consumer,Caguas,PR,Puerto Rico,725.0
16025,Consumer,Caguas,PR,Puerto Rico,725.0
15935,Consumer,Toa Baja,PR,Puerto Rico,949.0
1599,Consumer,Caguas,PR,Puerto Rico,725.0
20413,Consumer,Caguas,PR,Puerto Rico,725.0
3453,Consumer,Caguas,PR,Puerto Rico,725.0
11139,Consumer,Caguas,PR,Puerto Rico,725.0
17257,Consumer,Caguas,PR,Puerto Rico,725.0
17670,Consumer,Caguas,PR,Puerto Rico,725.0
2567,Consumer,Caguas,PR,Puerto Rico,725.0
18483,Consumer,Caguas,PR,Puerto Rico,725.0
8471,Consumer,Caguas,PR,Puerto Rico,725.0
1541,Consumer,Caguas,PR,Puerto Rico,725.0
18518,Consumer,Caguas,PR,Puerto Rico,725.0
20465,Consumer,Caguas,PR,Puerto Rico,725.0
10477,Consumer,Caguas,PR,Puerto Rico,725.0
4958,Consumer,Caguas,PR,Puerto Rico,725.0
8201,Consumer,Caguas,PR,Puerto Rico,725.0
3186,Consumer,Caguas,PR,Puerto Rico,725.0
4392,Consumer,Caguas,PR,Puerto Rico,725.0
8938,Consumer,Caguas,PR,Puerto Rico,725.0
10063,Consumer,Caguas,PR,Puerto Rico,725.0
3549,Consumer,Caguas,PR,Puerto Rico,725.0
7743,Consumer,Caguas,PR,Puerto Rico,725.0
745,Consumer,Caguas,PR,Puerto Rico,725.0
18737,Consumer,Caguas,PR,Puerto Rico,725.0
7444,Consumer,Caguas,PR,Puerto Rico,725.0
15341,Consumer,Caguas,PR,Puerto Rico,725.0
15430,Consumer,Caguas,PR,Puerto Rico,725.0
15448,Consumer,Caguas,PR,Puerto Rico,725.0
15591,Consumer,Caguas,PR,Puerto Rico,725.0
15302,Consumer,Caguas,PR,Puerto Rico,725.0
15446,Consumer,Caguas,PR,Puerto Rico,725.0
18716,Consumer,Caguas,PR,Puerto Rico,725.0
15373,Consumer,Caguas,PR,Puerto Rico,725.0
15640,Consumer,Caguas,PR,Puerto Rico,725.0
18657,Consumer,Caguas,PR,Puerto Rico,725.0
15440,Consumer,Caguas,PR,Puerto Rico,725.0
15509,Consumer,Caguas,PR,Puerto Rico,725.0
18705,Consumer,Caguas,PR,Puerto Rico,725.0
15669,Consumer,Caguas,PR,Puerto Rico,725.0
15345,Consumer,Caguas,PR,Puerto Rico,725.0
15326,Consumer,Caguas,PR,Puerto Rico,725.0
15378,Consumer,Caguas,PR,Puerto Rico,725.0
15324,Consumer,Caguas,PR,Puerto Rico,725.0
18648,Consumer,Caguas,PR,Puerto Rico,725.0
2134,Consumer,Caguas,PR,Puerto Rico,725.0
11174,Consumer,Caguas,PR,Puerto Rico,725.0
5453,Consumer,Caguas,PR,Puerto Rico,725.0
4581,Consumer,Caguas,PR,Puerto Rico,725.0
7435,Consumer,Caguas,PR,Puerto Rico,725.0
4019,Consumer,Caguas,PR,Puerto Rico,725.0
105,Consumer,Caguas,PR,Puerto Rico,725.0
4513,Consumer,Caguas,PR,Puerto Rico,725.0
4194,Consumer,Caguas,PR,Puerto Rico,725.0
11824,Consumer,Caguas,PR,Puerto Rico,725.0
4786,Consumer,Caguas,PR,Puerto Rico,725.0
10598,Consumer,Caguas,PR,Puerto Rico,725.0
12336,Consumer,Caguas,PR,Puerto Rico,725.0
1497,Consumer,Caguas,PR,Puerto Rico,725.0
5378,Consumer,Caguas,PR,Puerto Rico,725.0
4641,Consumer,Caguas,PR,Puerto Rico,725.0
1993,Consumer,Caguas,PR,Puerto Rico,725.0
6849,Consumer,Caguas,PR,Puerto Rico,725.0
3343,Consumer,Caguas,PR,Puerto Rico,725.0
2727,Consumer,Caguas,PR,Puerto Rico,725.0
5605,Consumer,Caguas,PR,Puerto Rico,725.0
338,Consumer,Caguas,PR,Puerto Rico,725.0
5779,Consumer,Caguas,PR,Puerto Rico,725.0
2627,Consumer,Caguas,PR,Puerto Rico,725.0
6569,Consumer,Caguas,PR,Puerto Rico,725.0
3965,Consumer,Caguas,PR,Puerto Rico,725.0
17586,Consumer,Caguas,PR,Puerto Rico,725.0
17602,Consumer,Caguas,PR,Puerto Rico,725.0
20261,Consumer,Caguas,PR,Puerto Rico,725.0
17819,Consumer,Caguas,PR,Puerto Rico,725.0
17801,Consumer,Caguas,PR,Puerto Rico,725.0
18629,Consumer,Caguas,PR,Puerto Rico,725.0
16295,Consumer,Caguas,PR,Puerto Rico,725.0
20044,Consumer,Bayamon,PR,Puerto Rico,957.0
20187,Consumer,Caguas,PR,Puerto Rico,725.0
19989,Consumer,Caguas,PR,Puerto Rico,725.0
19809,Consumer,Humacao,PR,Puerto Rico,791.0
19880,Consumer,Caguas,PR,Puerto Rico,725.0
17116,Consumer,Caguas,PR,Puerto Rico,725.0
18591,Consumer,Caguas,PR,Puerto Rico,725.0
18537,Consumer,Caguas,PR,Puerto Rico,725.0
15229,Consumer,Caguas,PR,Puerto Rico,725.0
18963,Consumer,Caguas,PR,Puerto Rico,725.0
18572,Consumer,Caguas,PR,Puerto Rico,725.0
19807,Consumer,Caguas,PR,Puerto Rico,725.0
19824,Consumer,Caguas,PR,Puerto Rico,725.0
18943,Consumer,Caguas,PR,Puerto Rico,725.0
19986,Consumer,Caguas,PR,Puerto Rico,725.0
17113,Consumer,Caguas,PR,Puerto Rico,725.0
20039,Consumer,Caguas,PR,Puerto Rico,725.0
19984,Consumer,Caguas,PR,Puerto Rico,725.0
16235,Consumer,Caguas,PR,Puerto Rico,725.0
15242,Consumer,Caguas,PR,Puerto Rico,725.0
20217,Consumer,Caguas,PR,Puerto Rico,725.0
19964,Consumer,Caguas,PR,Puerto Rico,725.0
17775,Consumer,Caguas,PR,Puerto Rico,725.0
17110,Consumer,Caguas,PR,Puerto Rico,725.0
17074,Consumer,Caguas,PR,Puerto Rico,725.0
20180,Consumer,Caguas,PR,Puerto Rico,725.0
19874,Consumer,Caguas,PR,Puerto Rico,725.0
20233,Consumer,Caguas,PR,Puerto Rico,725.0
20017,Consumer,Caguas,PR,Puerto Rico,725.0
17773,Consumer,Caguas,PR,Puerto Rico,725.0
18619,Consumer,Caguas,PR,Puerto Rico,725.0
15167,Consumer,Caguas,PR,Puerto Rico,725.0
20034,Consumer,Caguas,PR,Puerto Rico,725.0
19782,Consumer,Caguas,PR,Puerto Rico,725.0
17035,Consumer,Caguas,PR,Puerto Rico,725.0
16356,Consumer,Caguas,PR,Puerto Rico,725.0
17125,Consumer,Caguas,PR,Puerto Rico,725.0
19780,Consumer,Caguas,PR,Puerto Rico,725.0
18562,Consumer,Caguas,PR,Puerto Rico,725.0
18526,Consumer,Caguas,PR,Puerto Rico,725.0
18988,Consumer,Caguas,PR,Puerto Rico,725.0
20319,Consumer,Caguas,PR,Puerto Rico,725.0
17122,Consumer,Caguas,PR,Puerto Rico,725.0
15181,Consumer,Caguas,PR,Puerto Rico,725.0
17068,Consumer,Caguas,PR,Puerto Rico,725.0
20245,Consumer,Caguas,PR,Puerto Rico,725.0
20371,Consumer,Carolina,PR,Puerto Rico,983.0
20317,Consumer,Caguas,PR,Puerto Rico,725.0
17247,Consumer,Caguas,PR,Puerto Rico,725.0
18595,Consumer,Caguas,PR,Puerto Rico,725.0
20100,Consumer,Caguas,PR,Puerto Rico,725.0
18895,Consumer,Caguas,PR,Puerto Rico,725.0
17102,Consumer,Caguas,PR,Puerto Rico,725.0
18044,Consumer,Caguas,PR,Puerto Rico,725.0
18042,Consumer,Caguas,PR,Puerto Rico,725.0
16467,Consumer,Caguas,PR,Puerto Rico,725.0
19176,Consumer,Caguas,PR,Puerto Rico,725.0
19174,Consumer,Caguas,PR,Puerto Rico,725.0
19043,Consumer,Caguas,PR,Puerto Rico,725.0
19130,Consumer,Caguas,PR,Puerto Rico,725.0
19237,Consumer,Caguas,PR,Puerto Rico,725.0
18782,Consumer,Caguas,PR,Puerto Rico,725.0
3886,Consumer,Caguas,PR,Puerto Rico,725.0
4792,Consumer,Caguas,PR,Puerto Rico,725.0
3442,Consumer,Caguas,PR,Puerto Rico,725.0
15985,Consumer,Caguas,PR,Puerto Rico,725.0
4939,Consumer,Caguas,PR,Puerto Rico,725.0
5677,Consumer,Caguas,PR,Puerto Rico,725.0
17432,Consumer,Caguas,PR,Puerto Rico,725.0
8434,Consumer,Caguas,PR,Puerto Rico,725.0
4845,Consumer,Caguas,PR,Puerto Rico,725.0
4712,Consumer,Caguas,PR,Puerto Rico,725.0
17411,Consumer,Caguas,PR,Puerto Rico,725.0
17321,Consumer,Caguas,PR,Puerto Rico,725.0
571,Consumer,Caguas,PR,Puerto Rico,725.0
18492,Consumer,Caguas,PR,Puerto Rico,725.0
16015,Consumer,Caguas,PR,Puerto Rico,725.0
961,Consumer,Caguas,PR,Puerto Rico,725.0
17695,Consumer,Trujillo Alto,PR,Puerto Rico,976.0
8758,Consumer,Caguas,PR,Puerto Rico,725.0
18341,Consumer,Caguas,PR,Puerto Rico,725.0
8787,Consumer,Caguas,PR,Puerto Rico,725.0
2816,Consumer,Caguas,PR,Puerto Rico,725.0
7566,Consumer,Caguas,PR,Puerto Rico,725.0
1084,Consumer,Caguas,PR,Puerto Rico,725.0
17491,Consumer,Caguas,PR,Puerto Rico,725.0
734,Consumer,Caguas,PR,Puerto Rico,725.0
17998,Consumer,Caguas,PR,Puerto Rico,725.0
17274,Consumer,Caguas,PR,Puerto Rico,725.0
1734,Consumer,Caguas,PR,Puerto Rico,725.0
9438,Consumer,Caguas,PR,Puerto Rico,725.0
2236,Consumer,Caguas,PR,Puerto Rico,725.0
11493,Consumer,Caguas,PR,Puerto Rico,725.0
7545,Consumer,Caguas,PR,Puerto Rico,725.0
4327,Consumer,Caguas,PR,Puerto Rico,725.0
3043,Consumer,Caguas,PR,Puerto Rico,725.0
12264,Consumer,Caguas,PR,Puerto Rico,725.0
17551,Consumer,Caguas,PR,Puerto Rico,725.0
19954,Consumer,Caguas,PR,Puerto Rico,725.0
20367,Consumer,Caguas,PR,Puerto Rico,725.0
20132,Consumer,Caguas,PR,Puerto Rico,725.0
20274,Consumer,Caguas,PR,Puerto Rico,725.0
17796,Consumer,Caguas,PR,Puerto Rico,725.0
18978,Consumer,Caguas,PR,Puerto Rico,725.0
19928,Consumer,Caguas,PR,Puerto Rico,725.0
19784,Consumer,Caguas,PR,Puerto Rico,725.0
20172,Consumer,Caguas,PR,Puerto Rico,725.0
17048,Consumer,Caguas,PR,Puerto Rico,725.0
11509,Consumer,Caguas,PR,Puerto Rico,725.0
12154,Consumer,Caguas,PR,Puerto Rico,725.0
3281,Consumer,Caguas,PR,Puerto Rico,725.0
551,Consumer,Caguas,PR,Puerto Rico,725.0
6080,Consumer,Caguas,PR,Puerto Rico,725.0
492,Consumer,Bayamon,PR,Puerto Rico,957.0
10487,Consumer,Caguas,PR,Puerto Rico,725.0
828,Consumer,Caguas,PR,Puerto Rico,725.0
11021,Consumer,Caguas,PR,Puerto Rico,725.0
10021,Consumer,Caguas,PR,Puerto Rico,725.0
7119,Consumer,Caguas,PR,Puerto Rico,725.0
8736,Consumer,Caguas,PR,Puerto Rico,725.0
9138,Consumer,Caguas,PR,Puerto Rico,725.0
1701,Consumer,Caguas,PR,Puerto Rico,725.0
12384,Consumer,Caguas,PR,Puerto Rico,725.0
2531,Consumer,Caguas,PR,Puerto Rico,725.0
6117,Consumer,Caguas,PR,Puerto Rico,725.0
8591,Consumer,Caguas,PR,Puerto Rico,725.0
9499,Consumer,Caguas,PR,Puerto Rico,725.0
2211,Consumer,Caguas,PR,Puerto Rico,725.0
4761,Consumer,Caguas,PR,Puerto Rico,725.0
2998,Consumer,Caguas,PR,Puerto Rico,725.0
4105,Consumer,Caguas,PR,Puerto Rico,725.0
11881,Consumer,Caguas,PR,Puerto Rico,725.0
3483,Consumer,Caguas,PR,Puerto Rico,725.0
10214,Consumer,Caguas,PR,Puerto Rico,725.0
7206,Consumer,Caguas,PR,Puerto Rico,725.0
1437,Consumer,Caguas,PR,Puerto Rico,725.0
7136,Consumer,Caguas,PR,Puerto Rico,725.0
3823,Consumer,Caguas,PR,Puerto Rico,725.0
11600,Consumer,Caguas,PR,Puerto Rico,725.0
7430,Consumer,Caguas,PR,Puerto Rico,725.0
9266,Consumer,Caguas,PR,Puerto Rico,725.0
6599,Consumer,Caguas,PR,Puerto Rico,725.0
10225,Consumer,Caguas,PR,Puerto Rico,725.0
7553,Consumer,Caguas,PR,Puerto Rico,725.0
7328,Consumer,Caguas,PR,Puerto Rico,725.0
767,Consumer,Caguas,PR,Puerto Rico,725.0
12345,Consumer,Caguas,PR,Puerto Rico,725.0
6854,Consumer,Caguas,PR,Puerto Rico,725.0
9335,Consumer,Caguas,PR,Puerto Rico,725.0
6336,Consumer,Caguas,PR,Puerto Rico,725.0
2674,Consumer,Caguas,PR,Puerto Rico,725.0
3601,Consumer,Caguas,PR,Puerto Rico,725.0
8670,Consumer,Caguas,PR,Puerto Rico,725.0
8119,Consumer,Caguas,PR,Puerto Rico,725.0
9764,Consumer,San Sebastian,PR,Puerto Rico,685.0
4218,Consumer,Caguas,PR,Puerto Rico,725.0
6377,Consumer,Caguas,PR,Puerto Rico,725.0
1334,Consumer,Caguas,PR,Puerto Rico,725.0
370,Consumer,Caguas,PR,Puerto Rico,725.0
7585,Consumer,Caguas,PR,Puerto Rico,725.0
6579,Consumer,Caguas,PR,Puerto Rico,725.0
802,Consumer,Caguas,PR,Puerto Rico,725.0
69,Consumer,Caguas,PR,Puerto Rico,725.0
9752,Consumer,Caguas,PR,Puerto Rico,725.0
2715,Consumer,Caguas,PR,Puerto Rico,725.0
6678,Consumer,Caguas,PR,Puerto Rico,725.0
10709,Consumer,Caguas,PR,Puerto Rico,725.0
9310,Consumer,Caguas,PR,Puerto Rico,725.0
1353,Consumer,Caguas,PR,Puerto Rico,725.0
6592,Consumer,Caguas,PR,Puerto Rico,725.0
7502,Consumer,Caguas,PR,Puerto Rico,725.0
6759,Consumer,Caguas,PR,Puerto Rico,725.0
11548,Consumer,Caguas,PR,Puerto Rico,725.0
9153,Consumer,Caguas,PR,Puerto Rico,725.0
7126,Consumer,Caguas,PR,Puerto Rico,725.0
124,Consumer,Caguas,PR,Puerto Rico,725.0
6651,Consumer,Caguas,PR,Puerto Rico,725.0
11968,Consumer,Caguas,PR,Puerto Rico,725.0
5199,Consumer,Caguas,PR,Puerto Rico,725.0
11800,Consumer,Caguas,PR,Puerto Rico,725.0
3841,Consumer,Caguas,PR,Puerto Rico,725.0
10032,Consumer,Caguas,PR,Puerto Rico,725.0
11637,Consumer,Caguas,PR,Puerto Rico,725.0
2524,Consumer,Caguas,PR,Puerto Rico,725.0
9473,Consumer,Caguas,PR,Puerto Rico,725.0
11952,Consumer,Caguas,PR,Puerto Rico,725.0
9574,Consumer,Caguas,PR,Puerto Rico,725.0
2140,Consumer,Caguas,PR,Puerto Rico,725.0
5464,Consumer,Caguas,PR,Puerto Rico,725.0
2549,Consumer,Caguas,PR,Puerto Rico,725.0
10464,Consumer,Caguas,PR,Puerto Rico,725.0
10585,Consumer,Caguas,PR,Puerto Rico,725.0
6975,Consumer,Caguas,PR,Puerto Rico,725.0
8039,Consumer,Caguas,PR,Puerto Rico,725.0
2516,Consumer,Caguas,PR,Puerto Rico,725.0
9652,Consumer,Caguas,PR,Puerto Rico,725.0
11593,Consumer,Caguas,PR,Puerto Rico,725.0
5924,Consumer,Caguas,PR,Puerto Rico,725.0
4728,Consumer,Caguas,PR,Puerto Rico,725.0
4063,Consumer,Caguas,PR,Puerto Rico,725.0
9533,Consumer,Caguas,PR,Puerto Rico,725.0
11584,Consumer,Caguas,PR,Puerto Rico,725.0
10423,Consumer,Caguas,PR,Puerto Rico,725.0
4148,Consumer,Caguas,PR,Puerto Rico,725.0
4800,Consumer,Caguas,PR,Puerto Rico,725.0
762,Consumer,Caguas,PR,Puerto Rico,725.0
5904,Consumer,Caguas,PR,Puerto Rico,725.0
194,Consumer,Caguas,PR,Puerto Rico,725.0
4893,Consumer,Caguas,PR,Puerto Rico,725.0
447,Consumer,Caguas,PR,Puerto Rico,725.0
1245,Consumer,Caguas,PR,Puerto Rico,725.0
3067,Consumer,Caguas,PR,Puerto Rico,725.0
11766,Consumer,Caguas,PR,Puerto Rico,725.0
6262,Consumer,Caguas,PR,Puerto Rico,725.0
2629,Consumer,Caguas,PR,Puerto Rico,725.0
1580,Consumer,Caguas,PR,Puerto Rico,725.0
8673,Consumer,Caguas,PR,Puerto Rico,725.0
8738,Consumer,Caguas,PR,Puerto Rico,725.0
11572,Consumer,Caguas,PR,Puerto Rico,725.0
8702,Consumer,Caguas,PR,Puerto Rico,725.0
11556,Consumer,Humacao,PR,Puerto Rico,791.0
7685,Consumer,Caguas,PR,Puerto Rico,725.0
9395,Consumer,Caguas,PR,Puerto Rico,725.0
4975,Consumer,Caguas,PR,Puerto Rico,725.0
4551,Consumer,Caguas,PR,Puerto Rico,725.0
6418,Consumer,Caguas,PR,Puerto Rico,725.0
10832,Consumer,Caguas,PR,Puerto Rico,725.0
12285,Consumer,Caguas,PR,Puerto Rico,725.0
5034,Consumer,Caguas,PR,Puerto Rico,725.0
7786,Consumer,Caguas,PR,Puerto Rico,725.0
11464,Consumer,Caguas,PR,Puerto Rico,725.0
3087,Consumer,Caguas,PR,Puerto Rico,725.0
2991,Consumer,Caguas,PR,Puerto Rico,725.0
5583,Consumer,Caguas,PR,Puerto Rico,725.0
5724,Consumer,Caguas,PR,Puerto Rico,725.0
11487,Consumer,Caguas,PR,Puerto Rico,725.0
7944,Consumer,Caguas,PR,Puerto Rico,725.0
404,Consumer,Caguas,PR,Puerto Rico,725.0
2143,Consumer,Caguas,PR,Puerto Rico,725.0
10272,Consumer,Caguas,PR,Puerto Rico,725.0
4240,Consumer,Caguas,PR,Puerto Rico,725.0
2275,Consumer,Caguas,PR,Puerto Rico,725.0
5477,Consumer,Caguas,PR,Puerto Rico,725.0
10473,Consumer,Caguas,PR,Puerto Rico,725.0
7972,Consumer,Caguas,PR,Puerto Rico,725.0
9223,Consumer,Caguas,PR,Puerto Rico,725.0
7867,Consumer,Cayey,PR,Puerto Rico,736.0
3065,Consumer,Caguas,PR,Puerto Rico,725.0
6960,Consumer,Caguas,PR,Puerto Rico,725.0
10150,Consumer,Caguas,PR,Puerto Rico,725.0
11836,Consumer,Caguas,PR,Puerto Rico,725.0
7021,Consumer,Caguas,PR,Puerto Rico,725.0
7095,Consumer,Caguas,PR,Puerto Rico,725.0
9160,Consumer,Caguas,PR,Puerto Rico,725.0
1493,Consumer,Caguas,PR,Puerto Rico,725.0
7582,Consumer,Caguas,PR,Puerto Rico,725.0
11635,Consumer,Caguas,PR,Puerto Rico,725.0
3953,Consumer,Caguas,PR,Puerto Rico,725.0
8297,Consumer,Caguas,PR,Puerto Rico,725.0
5284,Consumer,Caguas,PR,Puerto Rico,725.0
12085,Consumer,Caguas,PR,Puerto Rico,725.0
3063,Consumer,Caguas,PR,Puerto Rico,725.0
10253,Consumer,Caguas,PR,Puerto Rico,725.0
10353,Consumer,Caguas,PR,Puerto Rico,725.0
6394,Consumer,Caguas,PR,Puerto Rico,725.0
3740,Consumer,Caguas,PR,Puerto Rico,725.0
2937,Consumer,Caguas,PR,Puerto Rico,725.0
333,Consumer,Caguas,PR,Puerto Rico,725.0
7169,Consumer,Caguas,PR,Puerto Rico,725.0
9372,Consumer,Caguas,PR,Puerto Rico,725.0
5933,Consumer,Caguas,PR,Puerto Rico,725.0
7904,Consumer,Caguas,PR,Puerto Rico,725.0
7292,Consumer,Caguas,PR,Puerto Rico,725.0
11906,Consumer,Aguadilla,PR,Puerto Rico,603.0
830,Consumer,Caguas,PR,Puerto Rico,725.0
3209,Consumer,Caguas,PR,Puerto Rico,725.0
6621,Consumer,Caguas,PR,Puerto Rico,725.0
8383,Consumer,Caguas,PR,Puerto Rico,725.0
1647,Consumer,Caguas,PR,Puerto Rico,725.0
14435,Corporate,Princeton,NJ,EE. UU.,8540.0
13457,Corporate,Newburgh,NY,EE. UU.,12550.0
7664,Corporate,Piscataway,NJ,EE. UU.,8854.0
310,Corporate,York,PA,EE. UU.,17404.0
2409,Corporate,Chicago,IL,EE. UU.,60615.0
1803,Corporate,West Haven,CT,EE. UU.,6516.0
14789,Corporate,Dallas,TX,EE. UU.,75240.0
684,Corporate,Highland Park,MI,EE. UU.,48203.0
13645,Corporate,San Marcos,TX,EE. UU.,78666.0
14861,Corporate,Los Angeles,CA,EE. UU.,90002.0
10867,Corporate,Laguna Niguel,CA,EE. UU.,92677.0
14752,Corporate,West Orange,NJ,EE. UU.,7052.0
12184,Corporate,Hayward,CA,EE. UU.,94541.0
13912,Corporate,Ewa Beach,HI,EE. UU.,96706.0
6719,Corporate,Encinitas,CA,EE. UU.,92024.0
4972,Corporate,Aurora,IL,EE. UU.,60505.0
12776,Corporate,Denton,TX,EE. UU.,76201.0
621,Corporate,Anaheim,CA,EE. UU.,92802.0
4681,Corporate,Marietta,GA,EE. UU.,30066.0
13764,Corporate,Wayne,NJ,EE. UU.,7470.0
13710,Corporate,Virginia Beach,VA,EE. UU.,23455.0
14800,Corporate,Katy,TX,EE. UU.,77450.0
10561,Corporate,Plainfield,IL,EE. UU.,60544.0
9052,Corporate,Stone Mountain,GA,EE. UU.,30083.0
93,Corporate,Annapolis,MD,EE. UU.,21401.0
14798,Corporate,Placentia,CA,EE. UU.,92870.0
10822,Corporate,Houston,TX,EE. UU.,77080.0
5181,Corporate,Broken Arrow,OK,EE. UU.,74012.0
8579,Corporate,Fort Worth,TX,EE. UU.,76106.0
13814,Corporate,Campbell,CA,EE. UU.,95008.0
6718,Corporate,Pittsburg,CA,EE. UU.,94565.0
13939,Corporate,Las Vegas,NV,EE. UU.,89103.0
11364,Corporate,Tucson,AZ,EE. UU.,85746.0
8457,Corporate,Bakersfield,CA,EE. UU.,93307.0
12053,Corporate,Long Beach,CA,EE. UU.,90805.0
7778,Corporate,Palo Alto,CA,EE. UU.,94303.0
3739,Corporate,Potomac,MD,EE. UU.,20854.0
6894,Corporate,Raleigh,NC,EE. UU.,27610.0
7064,Corporate,Fairfield,CA,EE. UU.,94533.0
4338,Corporate,Gilroy,CA,EE. UU.,95020.0
9211,Corporate,Spokane,WA,EE. UU.,99205.0
4305,Corporate,Gardena,CA,EE. UU.,90247.0
10922,Corporate,Portland,OR,EE. UU.,97206.0
11469,Corporate,Grove City,OH,EE. UU.,43123.0
527,Corporate,Taunton,MA,EE. UU.,2780.0
10597,Corporate,Memphis,TN,EE. UU.,38116.0
2019,Corporate,Brooklyn,NY,EE. UU.,11236.0
161,Corporate,Hialeah,FL,EE. UU.,33010.0
12137,Corporate,Washington,DC,EE. UU.,20011.0
11235,Corporate,Portland,OR,EE. UU.,97206.0
4516,Corporate,Brooklyn,NY,EE. UU.,11209.0
9024,Corporate,Longview,WA,EE. UU.,98632.0
12486,Corporate,San Bernardino,CA,EE. UU.,92410.0
12735,Corporate,Troy,MI,EE. UU.,48098.0
12551,Corporate,West Covina,CA,EE. UU.,91790.0
12656,Corporate,Salinas,CA,EE. UU.,93906.0
12636,Corporate,Lynn,MA,EE. UU.,1902.0
12707,Corporate,Fremont,CA,EE. UU.,94538.0
15015,Corporate,Citrus Heights,CA,EE. UU.,95610.0
12884,Corporate,Modesto,CA,EE. UU.,95351.0
12864,Corporate,Spring Valley,CA,EE. UU.,91977.0
12935,Corporate,San Diego,CA,EE. UU.,92114.0
15009,Corporate,Winter Park,FL,EE. UU.,32792.0
12891,Corporate,Colorado Springs,CO,EE. UU.,80918.0
15071,Corporate,Baytown,TX,EE. UU.,77520.0
12407,Corporate,Philadelphia,PA,EE. UU.,19120.0
9488,Corporate,Hialeah,FL,EE. UU.,33012.0
4725,Corporate,Lawrenceville,GA,EE. UU.,30044.0
9716,Corporate,Plymouth,MA,EE. UU.,2360.0
10233,Corporate,Far Rockaway,NY,EE. UU.,11691.0
4069,Corporate,Tinley Park,IL,EE. UU.,60477.0
6972,Corporate,Fairfield,CA,EE. UU.,94533.0
9447,Corporate,Palmdale,CA,EE. UU.,93550.0
1478,Corporate,Rome,NY,EE. UU.,13440.0
383,Corporate,Huntington Beach,CA,EE. UU.,92646.0
12380,Corporate,Henrico,VA,EE. UU.,23233.0
5631,Corporate,Los Angeles,CA,EE. UU.,90066.0
11279,Corporate,Berwyn,IL,EE. UU.,60402.0
319,Corporate,Chicago,IL,EE. UU.,60623.0
8417,Corporate,Houston,TX,EE. UU.,77072.0
1745,Corporate,Rowland Heights,CA,EE. UU.,91748.0
12207,Corporate,Austin,TX,EE. UU.,78745.0
842,Corporate,New Haven,CT,EE. UU.,6511.0
8843,Corporate,Houston,TX,EE. UU.,77081.0
136,Corporate,Lynn,MA,EE. UU.,1902.0
6225,Corporate,Riverside,CA,EE. UU.,92509.0
1638,Corporate,Crystal Lake,IL,EE. UU.,60014.0
2831,Corporate,Los Angeles,CA,EE. UU.,90063.0
6877,Corporate,Lancaster,PA,EE. UU.,17602.0
8690,Corporate,Honolulu,HI,EE. UU.,96817.0
4281,Corporate,Garland,TX,EE. UU.,75043.0
7507,Corporate,Washington,DC,EE. UU.,20019.0
4421,Corporate,Atlanta,GA,EE. UU.,30318.0
8474,Corporate,Los Angeles,CA,EE. UU.,90044.0
7416,Corporate,Sandusky,OH,EE. UU.,44870.0
7164,Corporate,Huntington Station,NY,EE. UU.,11746.0
11603,Corporate,Los Angeles,CA,EE. UU.,90057.0
11932,Corporate,Lawton,OK,EE. UU.,73505.0
18058,Corporate,North Las Vegas,NV,EE. UU.,89030.0
18270,Corporate,West Jordan,UT,EE. UU.,84084.0
19232,Corporate,Catonsville,MD,EE. UU.,21228.0
16606,Corporate,Amarillo,TX,EE. UU.,79109.0
19145,Corporate,Chicago,IL,EE. UU.,60644.0
19126,Corporate,Brooklyn,NY,EE. UU.,11213.0
18774,Corporate,Ontario,CA,EE. UU.,91761.0
15877,Corporate,Lockport,NY,EE. UU.,14094.0
18751,Corporate,Mount Pleasant,MI,EE. UU.,48858.0
15870,Corporate,Greensboro,NC,EE. UU.,27406.0
15866,Corporate,Houston,TX,EE. UU.,77015.0
8405,Corporate,Fort Washington,MD,EE. UU.,20744.0
10609,Corporate,Ontario,CA,EE. UU.,91761.0
5322,Corporate,New York,NY,EE. UU.,10025.0
5699,Corporate,Sunnyvale,CA,EE. UU.,94087.0
18878,Corporate,New Braunfels,TX,EE. UU.,78130.0
17977,Corporate,Hayward,CA,EE. UU.,94544.0
10249,Corporate,Freehold,NJ,EE. UU.,7728.0
4723,Corporate,Webster,NY,EE. UU.,14580.0
6503,Corporate,Costa Mesa,CA,EE. UU.,92626.0
20694,Corporate,Columbia,SC,EE. UU.,29223.0
20693,Corporate,Howell,MI,EE. UU.,48843.0
11253,Corporate,San Ramon,CA,EE. UU.,94583.0
20692,Corporate,Highland,CA,EE. UU.,92346.0
20547,Corporate,Richmond,IN,EE. UU.,47374.0
20600,Corporate,Huntington Station,NY,EE. UU.,11746.0
15923,Corporate,Findlay,OH,EE. UU.,45840.0
16049,Corporate,Brooklyn,NY,EE. UU.,11201.0
17282,Corporate,Bronx,NY,EE. UU.,10458.0
16085,Corporate,Union City,CA,EE. UU.,94587.0
18398,Corporate,Las Vegas,NV,EE. UU.,89121.0
8999,Corporate,Oregon City,OR,EE. UU.,97045.0
17513,Corporate,Brooklyn,NY,EE. UU.,11224.0
18358,Corporate,Chicago,IL,EE. UU.,60610.0
2988,Corporate,Folsom,CA,EE. UU.,95630.0
17293,Corporate,Parkville,MD,EE. UU.,21234.0
15575,Corporate,New York,NY,EE. UU.,10016.0
18665,Corporate,San Jose,CA,EE. UU.,95112.0
8445,Corporate,Hamilton,OH,EE. UU.,45011.0
15656,Corporate,Sacramento,CA,EE. UU.,95828.0
15331,Corporate,Houston,TX,EE. UU.,77093.0
15564,Corporate,Edison,NJ,EE. UU.,8817.0
5323,Corporate,Antioch,TN,EE. UU.,37013.0
15435,Corporate,Glendale,AZ,EE. UU.,85301.0
15614,Corporate,Middletown,OH,EE. UU.,45044.0
8492,Corporate,San Diego,CA,EE. UU.,92109.0
1850,Corporate,Detroit,MI,EE. UU.,48235.0
4355,Corporate,Garden Grove,CA,EE. UU.,92843.0
4711,Corporate,Pharr,TX,EE. UU.,78577.0
6373,Corporate,Frankfort,KY,EE. UU.,40601.0
7174,Corporate,Martinez,CA,EE. UU.,94553.0
1347,Corporate,Hayward,CA,EE. UU.,94544.0
15196,Corporate,Santa Ana,CA,EE. UU.,92703.0
18912,Corporate,Greensburg,PA,EE. UU.,15601.0
18965,Corporate,Buena Park,CA,EE. UU.,90620.0
19791,Corporate,Mcallen,TX,EE. UU.,78501.0
17134,Corporate,Reynoldsburg,OH,EE. UU.,43068.0
15138,Corporate,Honolulu,HI,EE. UU.,96816.0
19789,Corporate,San Jose,CA,EE. UU.,95148.0
17780,Corporate,Bowling Green,KY,EE. UU.,42101.0
17204,Corporate,Brooklyn,NY,EE. UU.,11204.0
15191,Corporate,Longmont,CO,EE. UU.,80501.0
19841,Corporate,Morristown,NJ,EE. UU.,7960.0
18939,Corporate,Mount Prospect,IL,EE. UU.,60056.0
17163,Corporate,Brooklyn,NY,EE. UU.,11203.0
18584,Corporate,Los Angeles,CA,EE. UU.,90001.0
19783,Corporate,Wyoming,MI,EE. UU.,49509.0
15275,Corporate,Stockbridge,GA,EE. UU.,30281.0
15148,Corporate,Fremont,CA,EE. UU.,94539.0
18580,Corporate,Philadelphia,PA,EE. UU.,19148.0
16318,Corporate,Greensburg,PA,EE. UU.,15601.0
19830,Corporate,Brooklyn,NY,EE. UU.,11214.0
9350,Corporate,Chillicothe,OH,EE. UU.,45601.0
3232,Corporate,Rancho Cucamonga,CA,EE. UU.,91730.0
10736,Corporate,South San Francisco,CA,EE. UU.,94080.0
3293,Corporate,San Jose,CA,EE. UU.,95124.0
12423,Corporate,Palmdale,CA,EE. UU.,93550.0
1968,Corporate,Carson,CA,EE. UU.,90745.0
3602,Corporate,Stamford,CT,EE. UU.,6902.0
5544,Corporate,Tustin,CA,EE. UU.,92780.0
9279,Corporate,Michigan City,IN,EE. UU.,46360.0
1539,Corporate,Saint Louis,MO,EE. UU.,63129.0
6383,Corporate,San Pedro,CA,EE. UU.,90731.0
8759,Corporate,Los Angeles,CA,EE. UU.,90057.0
10271,Corporate,Pawtucket,RI,EE. UU.,2860.0
3882,Corporate,Greensburg,PA,EE. UU.,15601.0
7008,Corporate,Hialeah,FL,EE. UU.,33012.0
2068,Corporate,Atlanta,GA,EE. UU.,30331.0
833,Corporate,Dubuque,IA,EE. UU.,52001.0
5432,Corporate,Baltimore,MD,EE. UU.,21229.0
11698,Corporate,Chicago Heights,IL,EE. UU.,60411.0
6965,Corporate,Hialeah,FL,EE. UU.,33016.0
5497,Corporate,San Diego,CA,EE. UU.,92115.0
6186,Corporate,Bronx,NY,EE. UU.,10462.0
12009,Corporate,Bronx,NY,EE. UU.,10469.0
2407,Corporate,Lake Forest,CA,EE. UU.,92630.0
9373,Corporate,Brooklyn,NY,EE. UU.,11237.0
905,Corporate,Walnut,CA,EE. UU.,91789.0
1841,Corporate,Cleveland,OH,EE. UU.,44118.0
211,Corporate,Lawrenceville,GA,EE. UU.,30043.0
5531,Corporate,Chicago,IL,EE. UU.,60634.0
2776,Corporate,Las Vegas,NV,EE. UU.,89103.0
8289,Corporate,Los Angeles,CA,EE. UU.,90026.0
3157,Corporate,West Jordan,UT,EE. UU.,84084.0
8262,Corporate,West Orange,NJ,EE. UU.,7052.0
195,Corporate,Modesto,CA,EE. UU.,95350.0
10130,Corporate,Arlington,VA,EE. UU.,22204.0
5435,Corporate,Lawrenceville,GA,EE. UU.,30044.0
2570,Corporate,Bronx,NY,EE. UU.,10457.0
8489,Corporate,Gilroy,CA,EE. UU.,95020.0
12312,Corporate,Gaithersburg,MD,EE. UU.,20878.0
4027,Corporate,San Francisco,CA,EE. UU.,94122.0
9802,Corporate,San Diego,CA,EE. UU.,92113.0
2933,Corporate,Kailua,HI,EE. UU.,96734.0
1120,Corporate,Danbury,CT,EE. UU.,6810.0
5744,Corporate,Corona,NY,EE. UU.,11368.0
4694,Corporate,Del Rio,TX,EE. UU.,78840.0
1513,Corporate,North Hills,CA,EE. UU.,91343.0
6639,Corporate,Winnetka,CA,EE. UU.,91306.0
3130,Corporate,New Orleans,LA,EE. UU.,70122.0
4715,Corporate,Plainfield,IL,EE. UU.,60544.0
14682,Corporate,Ontario,CA,EE. UU.,91764.0
13199,Corporate,Chicago,IL,EE. UU.,60638.0
14143,Corporate,Kaneohe,HI,EE. UU.,96744.0
13466,Corporate,Colorado Springs,CO,EE. UU.,80906.0
13249,Corporate,San Francisco,CA,EE. UU.,94122.0
14393,Corporate,Chicago,IL,EE. UU.,60638.0
14267,Corporate,Catonsville,MD,EE. UU.,21228.0
13355,Corporate,Cypress,CA,EE. UU.,90630.0
14583,Corporate,Salina,KS,EE. UU.,67401.0
12993,Corporate,Waipahu,HI,EE. UU.,96797.0
13317,Corporate,Memphis,TN,EE. UU.,38118.0
13316,Corporate,Marietta,GA,EE. UU.,30062.0
13241,Corporate,Ypsilanti,MI,EE. UU.,48197.0
10952,Corporate,Greeley,CO,EE. UU.,80631.0
2100,Corporate,Austin,TX,EE. UU.,78753.0
13734,Corporate,San Jose,CA,EE. UU.,95125.0
13554,Corporate,Paramount,CA,EE. UU.,90723.0
14782,Corporate,Mesquite,TX,EE. UU.,75150.0
13926,Corporate,Portland,OR,EE. UU.,97206.0
12772,Corporate,New York,NY,EE. UU.,10029.0
5696,Corporate,Philadelphia,PA,EE. UU.,19131.0
12767,Corporate,Tempe,AZ,EE. UU.,85281.0
13776,Corporate,West Chester,PA,EE. UU.,19382.0
13686,Corporate,New Bedford,MA,EE. UU.,2740.0
14773,Corporate,El Paso,TX,EE. UU.,79924.0
7869,Corporate,Sumner,WA,EE. UU.,98390.0
7450,Corporate,Pharr,TX,EE. UU.,78577.0
1122,Corporate,Pico Rivera,CA,EE. UU.,90660.0
1986,Corporate,Phoenix,AZ,EE. UU.,85022.0
8079,Corporate,Spring Valley,NY,EE. UU.,10977.0
1713,Corporate,Frankfort,KY,EE. UU.,40601.0
3637,Corporate,Bronx,NY,EE. UU.,10460.0
2455,Corporate,Carol Stream,IL,EE. UU.,60188.0
7961,Corporate,Miami,FL,EE. UU.,33155.0
1392,Corporate,Amarillo,TX,EE. UU.,79109.0
6290,Corporate,Ontario,CA,EE. UU.,91761.0
7277,Corporate,Littleton,CO,EE. UU.,80126.0
12440,Corporate,San Marcos,CA,EE. UU.,92069.0
12862,Corporate,Endicott,NY,EE. UU.,13760.0
14989,Corporate,Ontario,CA,EE. UU.,91764.0
12908,Corporate,Bellflower,CA,EE. UU.,90706.0
14077,Corporate,Aurora,CO,EE. UU.,80015.0
12994,Corporate,Carlisle,PA,EE. UU.,17013.0
8356,Corporate,New York,NY,EE. UU.,10028.0
7149,Corporate,Cleveland,OH,EE. UU.,44130.0
1164,Corporate,Elyria,OH,EE. UU.,44035.0
13830,Corporate,North Las Vegas,NV,EE. UU.,89030.0
8886,Corporate,Brandon,FL,EE. UU.,33511.0
12592,Corporate,Los Angeles,CA,EE. UU.,90001.0
8547,Corporate,Pompano Beach,FL,EE. UU.,33064.0
11323,Corporate,Hanford,CA,EE. UU.,93230.0
6504,Corporate,Jacksonville,FL,EE. UU.,32225.0
5156,Corporate,Troy,MI,EE. UU.,48098.0
11280,Corporate,North Hollywood,CA,EE. UU.,91605.0
5852,Corporate,Las Vegas,NV,EE. UU.,89101.0
2930,Corporate,Perth Amboy,NJ,EE. UU.,8861.0
4310,Corporate,Modesto,CA,EE. UU.,95351.0
790,Corporate,Honolulu,HI,EE. UU.,96817.0
5045,Corporate,Antioch,TN,EE. UU.,37013.0
6433,Corporate,Irvington,NJ,EE. UU.,7111.0
9406,Corporate,Chicago,IL,EE. UU.,60660.0
11971,Corporate,Bensalem,PA,EE. UU.,19020.0
9128,Corporate,San Diego,CA,EE. UU.,92129.0
7065,Corporate,Olathe,KS,EE. UU.,66062.0
9937,Corporate,West Covina,CA,EE. UU.,91790.0
4743,Corporate,Washington,DC,EE. UU.,20009.0
956,Corporate,Bronx,NY,EE. UU.,10473.0
3461,Corporate,Miami,FL,EE. UU.,33175.0
18165,Corporate,Houston,TX,EE. UU.,77093.0
18138,Corporate,Houston,TX,EE. UU.,77083.0
19139,Corporate,Baltimore,MD,EE. UU.,21218.0
19245,Corporate,Miami,FL,EE. UU.,33175.0
16496,Corporate,Greenville,NC,EE. UU.,27858.0
16494,Corporate,San Jose,CA,EE. UU.,95124.0
16438,Corporate,Columbus,GA,EE. UU.,31907.0
16595,Corporate,Laredo,TX,EE. UU.,78040.0
18756,Corporate,Simi Valley,CA,EE. UU.,93063.0
18852,Corporate,West Jordan,UT,EE. UU.,84084.0
15868,Corporate,Rego Park,NY,EE. UU.,11374.0
18832,Corporate,Miami,FL,EE. UU.,33157.0
11038,Corporate,Newark,NJ,EE. UU.,7104.0
5880,Corporate,Santa Clara,CA,EE. UU.,95051.0
18445,Corporate,Daly City,CA,EE. UU.,94015.0
18300,Corporate,National City,CA,EE. UU.,91950.0
17645,Corporate,Garden Grove,CA,EE. UU.,92843.0
17428,Corporate,Dorchester Center,MA,EE. UU.,2124.0
17264,Corporate,Chicago,IL,EE. UU.,60640.0
106,Corporate,Napa,CA,EE. UU.,94558.0
20633,Corporate,Sacramento,CA,EE. UU.,95823.0
18452,Corporate,Atlanta,GA,EE. UU.,30318.0
20560,Corporate,Sacramento,CA,EE. UU.,95828.0
8458,Corporate,Apex,NC,EE. UU.,27502.0
18449,Corporate,Flushing,NY,EE. UU.,11355.0
17724,Corporate,Philadelphia,PA,EE. UU.,19144.0
17741,Corporate,Bronx,NY,EE. UU.,10460.0
18677,Corporate,Cumberland,MD,EE. UU.,21502.0
15652,Corporate,Newark,NJ,EE. UU.,7105.0
15471,Corporate,Glenview,IL,EE. UU.,60025.0
15306,Corporate,El Paso,TX,EE. UU.,79936.0
9828,Corporate,North Richland Hills,TX,EE. UU.,76180.0
6597,Corporate,Wheaton,IL,EE. UU.,60187.0
20296,Corporate,North Hollywood,CA,EE. UU.,91606.0
16348,Corporate,South Ozone Park,NY,EE. UU.,11420.0
16222,Corporate,Irving,TX,EE. UU.,75061.0
16221,Corporate,Las Vegas,NV,EE. UU.,89110.0
15190,Corporate,Vacaville,CA,EE. UU.,95687.0
20110,Corporate,Carlisle,PA,EE. UU.,17013.0
19875,Corporate,New York,NY,EE. UU.,10025.0
16107,Corporate,Mentor,OH,EE. UU.,44060.0
16177,Corporate,Elyria,OH,EE. UU.,44035.0
17144,Corporate,Los Angeles,CA,EE. UU.,90024.0
18936,Corporate,Tucson,AZ,EE. UU.,85719.0
18636,Corporate,New York,NY,EE. UU.,10033.0
17143,Corporate,Harvey,IL,EE. UU.,60426.0
20302,Corporate,Chicago,IL,EE. UU.,60628.0
20050,Corporate,Chicago,IL,EE. UU.,60617.0
20355,Corporate,Miami,FL,EE. UU.,33177.0
16353,Corporate,Eugene,OR,EE. UU.,97405.0
20046,Corporate,Greeley,CO,EE. UU.,80631.0
19199,Corporate,Elgin,IL,EE. UU.,60120.0
20462,Corporate,Hilliard,OH,EE. UU.,43026.0
17665,Corporate,Baytown,TX,EE. UU.,77520.0
18890,Corporate,San Antonio,TX,EE. UU.,78250.0
17480,Corporate,Newark,DE,EE. UU.,19702.0
11268,Corporate,Colorado Springs,CO,EE. UU.,80906.0
4749,Corporate,Plano,TX,EE. UU.,75023.0
18638,Corporate,Brooklyn,NY,EE. UU.,11212.0
19996,Corporate,Sunnyvale,CA,EE. UU.,94086.0
15272,Corporate,Chapel Hill,NC,EE. UU.,27514.0
1093,Corporate,Pomona,CA,EE. UU.,91766.0
3669,Corporate,San Bernardino,CA,EE. UU.,92410.0
5278,Corporate,Westminster,CA,EE. UU.,92683.0
7976,Corporate,East Brunswick,NJ,EE. UU.,8816.0
2557,Corporate,Detroit,MI,EE. UU.,48228.0
7526,Corporate,Jacksonville,FL,EE. UU.,32244.0
9229,Corporate,Van Nuys,CA,EE. UU.,91406.0
3791,Corporate,Levittown,NY,EE. UU.,11756.0
11960,Corporate,Chesapeake,VA,EE. UU.,23322.0
11707,Corporate,Davis,CA,EE. UU.,95616.0
444,Corporate,Sunnyvale,CA,EE. UU.,94086.0
5336,Corporate,Lutz,FL,EE. UU.,33549.0
11953,Corporate,Mission,TX,EE. UU.,78572.0
3300,Corporate,Hendersonville,TN,EE. UU.,37075.0
2460,Corporate,San Pablo,CA,EE. UU.,94806.0
3917,Corporate,Eugene,OR,EE. UU.,97405.0
4834,Corporate,Detroit,MI,EE. UU.,48219.0
2883,Corporate,Sheboygan,WI,EE. UU.,53081.0
11120,Corporate,Saint Louis,MO,EE. UU.,63116.0
1221,Corporate,Aurora,CO,EE. UU.,80011.0
1610,Corporate,El Monte,CA,EE. UU.,91732.0
1953,Corporate,Potomac,MD,EE. UU.,20854.0
7372,Corporate,Marion,OH,EE. UU.,43302.0
12122,Corporate,Cleveland,OH,EE. UU.,44109.0
5524,Corporate,Brooklyn,NY,EE. UU.,11206.0
7608,Corporate,El Cajon,CA,EE. UU.,92021.0
10285,Corporate,Ontario,CA,EE. UU.,91764.0
1522,Corporate,Stamford,CT,EE. UU.,6902.0
6934,Corporate,Middletown,OH,EE. UU.,45044.0
2896,Corporate,Caguas,PR,Puerto Rico,725.0
11109,Corporate,Caguas,PR,Puerto Rico,725.0
7028,Corporate,Caguas,PR,Puerto Rico,725.0
1844,Corporate,Caguas,PR,Puerto Rico,725.0
1981,Corporate,Caguas,PR,Puerto Rico,725.0
17606,Corporate,Caguas,PR,Puerto Rico,725.0
18948,Corporate,Caguas,PR,Puerto Rico,725.0
19019,Corporate,Caguas,PR,Puerto Rico,725.0
19790,Corporate,Caguas,PR,Puerto Rico,725.0
16255,Corporate,Caguas,PR,Puerto Rico,725.0
19966,Corporate,Caguas,PR,Puerto Rico,725.0
17166,Corporate,Caguas,PR,Puerto Rico,725.0
19999,Corporate,Caguas,PR,Puerto Rico,725.0
19853,Corporate,Caguas,PR,Puerto Rico,725.0
20284,Corporate,Caguas,PR,Puerto Rico,725.0
20281,Corporate,Caguas,PR,Puerto Rico,725.0
1128,Corporate,Caguas,PR,Puerto Rico,725.0
2560,Corporate,Caguas,PR,Puerto Rico,725.0
637,Corporate,Caguas,PR,Puerto Rico,725.0
9260,Corporate,Caguas,PR,Puerto Rico,725.0
11560,Corporate,Caguas,PR,Puerto Rico,725.0
297,Corporate,Caguas,PR,Puerto Rico,725.0
5985,Corporate,Caguas,PR,Puerto Rico,725.0
6971,Corporate,Caguas,PR,Puerto Rico,725.0
11474,Corporate,Caguas,PR,Puerto Rico,725.0
7821,Corporate,Caguas,PR,Puerto Rico,725.0
5201,Corporate,Caguas,PR,Puerto Rico,725.0
7533,Corporate,Caguas,PR,Puerto Rico,725.0
9006,Corporate,Caguas,PR,Puerto Rico,725.0
7017,Corporate,Caguas,PR,Puerto Rico,725.0
4699,Corporate,Caguas,PR,Puerto Rico,725.0
1016,Corporate,Caguas,PR,Puerto Rico,725.0
11610,Corporate,Caguas,PR,Puerto Rico,725.0
3132,Corporate,Caguas,PR,Puerto Rico,725.0
4197,Corporate,Caguas,PR,Puerto Rico,725.0
8719,Corporate,Caguas,PR,Puerto Rico,725.0
8479,Corporate,Caguas,PR,Puerto Rico,725.0
2101,Corporate,Caguas,PR,Puerto Rico,725.0
1143,Corporate,Caguas,PR,Puerto Rico,725.0
5207,Corporate,Caguas,PR,Puerto Rico,725.0
6709,Corporate,Caguas,PR,Puerto Rico,725.0
11515,Corporate,Caguas,PR,Puerto Rico,725.0
7256,Corporate,Caguas,PR,Puerto Rico,725.0
1550,Corporate,Caguas,PR,Puerto Rico,725.0
9883,Corporate,Caguas,PR,Puerto Rico,725.0
1954,Corporate,Caguas,PR,Puerto Rico,725.0
1637,Corporate,Caguas,PR,Puerto Rico,725.0
5881,Corporate,Caguas,PR,Puerto Rico,725.0
9739,Corporate,Caguas,PR,Puerto Rico,725.0
2909,Corporate,Caguas,PR,Puerto Rico,725.0
5628,Corporate,Caguas,PR,Puerto Rico,725.0
11773,Corporate,Caguas,PR,Puerto Rico,725.0
7508,Corporate,Caguas,PR,Puerto Rico,725.0
11818,Corporate,Caguas,PR,Puerto Rico,725.0
9549,Corporate,Caguas,PR,Puerto Rico,725.0
4724,Corporate,Caguas,PR,Puerto Rico,725.0
4482,Corporate,Caguas,PR,Puerto Rico,725.0
11414,Corporate,Caguas,PR,Puerto Rico,725.0
1966,Corporate,Guayama,PR,Puerto Rico,784.0
1023,Corporate,Caguas,PR,Puerto Rico,725.0
3191,Corporate,Caguas,PR,Puerto Rico,725.0
2598,Corporate,Caguas,PR,Puerto Rico,725.0
2623,Corporate,Caguas,PR,Puerto Rico,725.0
1011,Corporate,Caguas,PR,Puerto Rico,725.0
7557,Corporate,Caguas,PR,Puerto Rico,725.0
5165,Corporate,Caguas,PR,Puerto Rico,725.0
10038,Corporate,Caguas,PR,Puerto Rico,725.0
5722,Corporate,Caguas,PR,Puerto Rico,725.0
9215,Corporate,Caguas,PR,Puerto Rico,725.0
3119,Corporate,Caguas,PR,Puerto Rico,725.0
225,Corporate,Caguas,PR,Puerto Rico,725.0
1815,Corporate,Caguas,PR,Puerto Rico,725.0
11564,Corporate,Caguas,PR,Puerto Rico,725.0
8158,Corporate,Caguas,PR,Puerto Rico,725.0
7371,Corporate,Caguas,PR,Puerto Rico,725.0
7172,Corporate,Bayamon,PR,Puerto Rico,957.0
9979,Corporate,Mayaguez,PR,Puerto Rico,680.0
8041,Corporate,Caguas,PR,Puerto Rico,725.0
3429,Corporate,Caguas,PR,Puerto Rico,725.0
2920,Corporate,Caguas,PR,Puerto Rico,725.0
5982,Corporate,Caguas,PR,Puerto Rico,725.0
9226,Corporate,Caguas,PR,Puerto Rico,725.0
3129,Corporate,Caguas,PR,Puerto Rico,725.0
2146,Corporate,Caguas,PR,Puerto Rico,725.0
8613,Corporate,Caguas,PR,Puerto Rico,725.0
4138,Corporate,Caguas,PR,Puerto Rico,725.0
2203,Corporate,Caguas,PR,Puerto Rico,725.0
11642,Corporate,Caguas,PR,Puerto Rico,725.0
10211,Corporate,Caguas,PR,Puerto Rico,725.0
7440,Corporate,Caguas,PR,Puerto Rico,725.0
5874,Corporate,Trujillo Alto,PR,Puerto Rico,976.0
4071,Corporate,Caguas,PR,Puerto Rico,725.0
2785,Corporate,Caguas,PR,Puerto Rico,725.0
3834,Corporate,Caguas,PR,Puerto Rico,725.0
12138,Corporate,Caguas,PR,Puerto Rico,725.0
109,Corporate,Caguas,PR,Puerto Rico,725.0
8110,Corporate,Caguas,PR,Puerto Rico,725.0
255,Corporate,Caguas,PR,Puerto Rico,725.0
8304,Corporate,Carolina,PR,Puerto Rico,983.0
6239,Corporate,Juana Diaz,PR,Puerto Rico,795.0
11472,Corporate,Caguas,PR,Puerto Rico,725.0
667,Corporate,Caguas,PR,Puerto Rico,725.0
2074,Corporate,Caguas,PR,Puerto Rico,725.0
10876,Corporate,Caguas,PR,Puerto Rico,725.0
8265,Corporate,Caguas,PR,Puerto Rico,725.0
5068,Corporate,Caguas,PR,Puerto Rico,725.0
8849,Corporate,Caguas,PR,Puerto Rico,725.0
7804,Corporate,Caguas,PR,Puerto Rico,725.0
14293,Corporate,San Sebastian,PR,Puerto Rico,685.0
12980,Corporate,Caguas,PR,Puerto Rico,725.0
14142,Corporate,Caguas,PR,Puerto Rico,725.0
13176,Corporate,Caguas,PR,Puerto Rico,725.0
13354,Corporate,Caguas,PR,Puerto Rico,725.0
13318,Corporate,Caguas,PR,Puerto Rico,725.0
13174,Corporate,Caguas,PR,Puerto Rico,725.0
13352,Corporate,Caguas,PR,Puerto Rico,725.0
12992,Corporate,Caguas,PR,Puerto Rico,725.0
14406,Corporate,Caguas,PR,Puerto Rico,725.0
13242,Corporate,Caguas,PR,Puerto Rico,725.0
14223,Corporate,Caguas,PR,Puerto Rico,725.0
12167,Corporate,Caguas,PR,Puerto Rico,725.0
3946,Corporate,Caguas,PR,Puerto Rico,725.0
2395,Corporate,Caguas,PR,Puerto Rico,725.0
6289,Corporate,Caguas,PR,Puerto Rico,725.0
87,Corporate,Caguas,PR,Puerto Rico,725.0
9685,Corporate,Caguas,PR,Puerto Rico,725.0
10447,Corporate,Caguas,PR,Puerto Rico,725.0
400,Corporate,Caguas,PR,Puerto Rico,725.0
1254,Corporate,Caguas,PR,Puerto Rico,725.0
11061,Corporate,Caguas,PR,Puerto Rico,725.0
7929,Corporate,Caguas,PR,Puerto Rico,725.0
7230,Corporate,Caguas,PR,Puerto Rico,725.0
11694,Corporate,Caguas,PR,Puerto Rico,725.0
3511,Corporate,Caguas,PR,Puerto Rico,725.0
10319,Corporate,Caguas,PR,Puerto Rico,725.0
3776,Corporate,Caguas,PR,Puerto Rico,725.0
8255,Corporate,Caguas,PR,Puerto Rico,725.0
5226,Corporate,Caguas,PR,Puerto Rico,725.0
12377,Corporate,Caguas,PR,Puerto Rico,725.0
13777,Corporate,Caguas,PR,Puerto Rico,725.0
477,Corporate,Caguas,PR,Puerto Rico,725.0
3861,Corporate,Caguas,PR,Puerto Rico,725.0
8327,Corporate,Caguas,PR,Puerto Rico,725.0
11946,Corporate,Caguas,PR,Puerto Rico,725.0
11956,Corporate,Caguas,PR,Puerto Rico,725.0
380,Corporate,Caguas,PR,Puerto Rico,725.0
11913,Corporate,Rio Grande,PR,Puerto Rico,745.0
10331,Corporate,Caguas,PR,Puerto Rico,725.0
6023,Corporate,Caguas,PR,Puerto Rico,725.0
2185,Corporate,Caguas,PR,Puerto Rico,725.0
11195,Corporate,Caguas,PR,Puerto Rico,725.0
4824,Corporate,Caguas,PR,Puerto Rico,725.0
9280,Corporate,Caguas,PR,Puerto Rico,725.0
10183,Corporate,Caguas,PR,Puerto Rico,725.0
3591,Corporate,Caguas,PR,Puerto Rico,725.0
8338,Corporate,Caguas,PR,Puerto Rico,725.0
1132,Corporate,Caguas,PR,Puerto Rico,725.0
7213,Corporate,Caguas,PR,Puerto Rico,725.0
12303,Corporate,Caguas,PR,Puerto Rico,725.0
1762,Corporate,Caguas,PR,Puerto Rico,725.0
15100,Corporate,Caguas,PR,Puerto Rico,725.0
14946,Corporate,Caguas,PR,Puerto Rico,725.0
13361,Corporate,Caguas,PR,Puerto Rico,725.0
12995,Corporate,Caguas,PR,Puerto Rico,725.0
13403,Corporate,Caguas,PR,Puerto Rico,725.0
13096,Corporate,Caguas,PR,Puerto Rico,725.0
6915,Corporate,Caguas,PR,Puerto Rico,725.0
7741,Corporate,Caguas,PR,Puerto Rico,725.0
12591,Corporate,Caguas,PR,Puerto Rico,725.0
8526,Corporate,Caguas,PR,Puerto Rico,725.0
3688,Corporate,Caguas,PR,Puerto Rico,725.0
8666,Corporate,Caguas,PR,Puerto Rico,725.0
6833,Corporate,Caguas,PR,Puerto Rico,725.0
12225,Corporate,Caguas,PR,Puerto Rico,725.0
11978,Corporate,Caguas,PR,Puerto Rico,725.0
3040,Corporate,Caguas,PR,Puerto Rico,725.0
4251,Corporate,Caguas,PR,Puerto Rico,725.0
4869,Corporate,Caguas,PR,Puerto Rico,725.0
9657,Corporate,Caguas,PR,Puerto Rico,725.0
8122,Corporate,Caguas,PR,Puerto Rico,725.0
5706,Corporate,Caguas,PR,Puerto Rico,725.0
5647,Corporate,Caguas,PR,Puerto Rico,725.0
5220,Corporate,Caguas,PR,Puerto Rico,725.0
9774,Corporate,Caguas,PR,Puerto Rico,725.0
9789,Corporate,Caguas,PR,Puerto Rico,725.0
8518,Corporate,Caguas,PR,Puerto Rico,725.0
8157,Corporate,Manati,PR,Puerto Rico,674.0
463,Corporate,Caguas,PR,Puerto Rico,725.0
11076,Corporate,Caguas,PR,Puerto Rico,725.0
5540,Corporate,Caguas,PR,Puerto Rico,725.0
6212,Corporate,Caguas,PR,Puerto Rico,725.0
9735,Corporate,Caguas,PR,Puerto Rico,725.0
12132,Corporate,Caguas,PR,Puerto Rico,725.0
10006,Corporate,Caguas,PR,Puerto Rico,725.0
9075,Corporate,Caguas,PR,Puerto Rico,725.0
3830,Corporate,Caguas,PR,Puerto Rico,725.0
2541,Corporate,Caguas,PR,Puerto Rico,725.0
10959,Corporate,Caguas,PR,Puerto Rico,725.0
1060,Corporate,Caguas,PR,Puerto Rico,725.0
5419,Corporate,Caguas,PR,Puerto Rico,725.0
3854,Corporate,Caguas,PR,Puerto Rico,725.0
10777,Corporate,Caguas,PR,Puerto Rico,725.0
10242,Corporate,Caguas,PR,Puerto Rico,725.0
9142,Corporate,Caguas,PR,Puerto Rico,725.0
3070,Corporate,Caguas,PR,Puerto Rico,725.0
4073,Corporate,Caguas,PR,Puerto Rico,725.0
10883,Corporate,Caguas,PR,Puerto Rico,725.0
5498,Corporate,Caguas,PR,Puerto Rico,725.0
3480,Corporate,Caguas,PR,Puerto Rico,725.0
11127,Corporate,Caguas,PR,Puerto Rico,725.0
7769,Corporate,Caguas,PR,Puerto Rico,725.0
18137,Corporate,Caguas,PR,Puerto Rico,725.0
18050,Corporate,Caguas,PR,Puerto Rico,725.0
18230,Corporate,Caguas,PR,Puerto Rico,725.0
18228,Corporate,Caguas,PR,Puerto Rico,725.0
16580,Corporate,Caguas,PR,Puerto Rico,725.0
16596,Corporate,Caguas,PR,Puerto Rico,725.0
18789,Corporate,Caguas,PR,Puerto Rico,725.0
12396,Corporate,Caguas,PR,Puerto Rico,725.0
9839,Corporate,Caguas,PR,Puerto Rico,725.0
9956,Corporate,Bayamon,PR,Puerto Rico,957.0
11995,Corporate,Caguas,PR,Puerto Rico,725.0
10590,Corporate,Caguas,PR,Puerto Rico,725.0
6883,Corporate,Caguas,PR,Puerto Rico,725.0
10337,Corporate,Caguas,PR,Puerto Rico,725.0
2155,Corporate,Caguas,PR,Puerto Rico,725.0
10235,Corporate,Caguas,PR,Puerto Rico,725.0
4277,Corporate,Caguas,PR,Puerto Rico,725.0
15947,Corporate,Caguas,PR,Puerto Rico,725.0
9234,Corporate,Caguas,PR,Puerto Rico,725.0
18891,Corporate,Caguas,PR,Puerto Rico,725.0
1379,Corporate,Caguas,PR,Puerto Rico,725.0
6874,Corporate,Caguas,PR,Puerto Rico,725.0
5044,Corporate,Caguas,PR,Puerto Rico,725.0
6566,Corporate,Caguas,PR,Puerto Rico,725.0
4626,Corporate,Caguas,PR,Puerto Rico,725.0
7232,Corporate,Caguas,PR,Puerto Rico,725.0
3171,Corporate,Caguas,PR,Puerto Rico,725.0
1082,Corporate,Caguas,PR,Puerto Rico,725.0
18448,Corporate,Caguas,PR,Puerto Rico,725.0
9836,Corporate,Caguas,PR,Puerto Rico,725.0
4400,Corporate,Caguas,PR,Puerto Rico,725.0
6327,Corporate,Caguas,PR,Puerto Rico,725.0
20448,Corporate,Caguas,PR,Puerto Rico,725.0
17364,Corporate,Caguas,PR,Puerto Rico,725.0
7339,Corporate,Caguas,PR,Puerto Rico,725.0
9358,Corporate,Caguas,PR,Puerto Rico,725.0
11851,Corporate,Guayama,PR,Puerto Rico,784.0
6104,Corporate,Caguas,PR,Puerto Rico,725.0
15503,Corporate,Caguas,PR,Puerto Rico,725.0
15456,Corporate,Caguas,PR,Puerto Rico,725.0
15290,Corporate,Caguas,PR,Puerto Rico,725.0
5204,Corporate,Caguas,PR,Puerto Rico,725.0
5635,Corporate,Caguas,PR,Puerto Rico,725.0
5389,Corporate,Caguas,PR,Puerto Rico,725.0
4812,Corporate,Caguas,PR,Puerto Rico,725.0
877,Corporate,Caguas,PR,Puerto Rico,725.0
4679,Corporate,Caguas,PR,Puerto Rico,725.0
5710,Corporate,Caguas,PR,Puerto Rico,725.0
3147,Corporate,Caguas,PR,Puerto Rico,725.0
6964,Corporate,Caguas,PR,Puerto Rico,725.0
17571,Corporate,Caguas,PR,Puerto Rico,725.0
19865,Corporate,Caguas,PR,Puerto Rico,725.0
16330,Corporate,Caguas,PR,Puerto Rico,725.0
16165,Corporate,Caguas,PR,Puerto Rico,725.0
20111,Corporate,Caguas,PR,Puerto Rico,725.0
20145,Corporate,Caguas,PR,Puerto Rico,725.0
20304,Corporate,Caguas,PR,Puerto Rico,725.0
17826,Corporate,Caguas,PR,Puerto Rico,725.0
18528,Corporate,Caguas,PR,Puerto Rico,725.0
17823,Corporate,Caguas,PR,Puerto Rico,725.0
20156,Corporate,Caguas,PR,Puerto Rico,725.0
16351,Corporate,Caguas,PR,Puerto Rico,725.0
2890,Corporate,Caguas,PR,Puerto Rico,725.0
17430,Corporate,Caguas,PR,Puerto Rico,725.0
6061,Corporate,Caguas,PR,Puerto Rico,725.0
18641,Corporate,Caguas,PR,Puerto Rico,725.0
19902,Corporate,Caguas,PR,Puerto Rico,725.0
5519,Corporate,Caguas,PR,Puerto Rico,725.0
4462,Corporate,Caguas,PR,Puerto Rico,725.0
3435,Corporate,Caguas,PR,Puerto Rico,725.0
4805,Corporate,Caguas,PR,Puerto Rico,725.0
4404,Corporate,Caguas,PR,Puerto Rico,725.0
3696,Corporate,Caguas,PR,Puerto Rico,725.0
843,Corporate,Caguas,PR,Puerto Rico,725.0
8259,Corporate,Caguas,PR,Puerto Rico,725.0
5957,Corporate,Caguas,PR,Puerto Rico,725.0
3486,Corporate,Caguas,PR,Puerto Rico,725.0
2451,Corporate,Caguas,PR,Puerto Rico,725.0
2766,Corporate,Caguas,PR,Puerto Rico,725.0
6816,Corporate,Caguas,PR,Puerto Rico,725.0
5571,Corporate,Caguas,PR,Puerto Rico,725.0
4455,Corporate,Caguas,PR,Puerto Rico,725.0
4701,Corporate,Caguas,PR,Puerto Rico,725.0
3996,Corporate,Caguas,PR,Puerto Rico,725.0
2934,Corporate,Caguas,PR,Puerto Rico,725.0
8593,Corporate,Caguas,PR,Puerto Rico,725.0
3211,Corporate,Caguas,PR,Puerto Rico,725.0
947,Corporate,Caguas,PR,Puerto Rico,725.0
5296,Corporate,Caguas,PR,Puerto Rico,725.0
7596,Corporate,Caguas,PR,Puerto Rico,725.0
11386,Corporate,Caguas,PR,Puerto Rico,725.0
11748,Corporate,Caguas,PR,Puerto Rico,725.0
9972,Corporate,Caguas,PR,Puerto Rico,725.0
819,Corporate,Carolina,PR,Puerto Rico,983.0
6681,Corporate,Caguas,PR,Puerto Rico,725.0
5548,Corporate,Caguas,PR,Puerto Rico,725.0
2731,Corporate,Caguas,PR,Puerto Rico,725.0
4380,Corporate,Caguas,PR,Puerto Rico,725.0
330,Corporate,Caguas,PR,Puerto Rico,725.0
3303,Corporate,Caguas,PR,Puerto Rico,725.0
834,Corporate,Caguas,PR,Puerto Rico,725.0
6414,Corporate,Ponce,PR,Puerto Rico,728.0
11086,Corporate,Caguas,PR,Puerto Rico,725.0
1406,Corporate,Caguas,PR,Puerto Rico,725.0
4171,Corporate,Caguas,PR,Puerto Rico,725.0
1983,Corporate,Caguas,PR,Puerto Rico,725.0
7599,Corporate,Caguas,PR,Puerto Rico,725.0
6876,Corporate,Caguas,PR,Puerto Rico,725.0
3644,Corporate,Caguas,PR,Puerto Rico,725.0
10280,Corporate,Caguas,PR,Puerto Rico,725.0
12165,Corporate,Caguas,PR,Puerto Rico,725.0
2020,Corporate,Caguas,PR,Puerto Rico,725.0
1805,Corporate,Caguas,PR,Puerto Rico,725.0
427,Corporate,Caguas,PR,Puerto Rico,725.0
366,Corporate,Caguas,PR,Puerto Rico,725.0
7771,Corporate,Caguas,PR,Puerto Rico,725.0
4502,Corporate,Caguas,PR,Puerto Rico,725.0
280,Corporate,Caguas,PR,Puerto Rico,725.0
4445,Corporate,Caguas,PR,Puerto Rico,725.0
2894,Corporate,Caguas,PR,Puerto Rico,725.0
8546,Corporate,Caguas,PR,Puerto Rico,725.0
7704,Corporate,Caguas,PR,Puerto Rico,725.0
5157,Corporate,Caguas,PR,Puerto Rico,725.0
2309,Corporate,Caguas,PR,Puerto Rico,725.0
9811,Corporate,Caguas,PR,Puerto Rico,725.0
7068,Corporate,Caguas,PR,Puerto Rico,725.0
4635,Corporate,Caguas,PR,Puerto Rico,725.0
10724,Corporate,Caguas,PR,Puerto Rico,725.0
5846,Corporate,Caguas,PR,Puerto Rico,725.0
10144,Corporate,Caguas,PR,Puerto Rico,725.0
13181,Corporate,Caguas,PR,Puerto Rico,725.0
5822,Corporate,Caguas,PR,Puerto Rico,725.0
13785,Corporate,Caguas,PR,Puerto Rico,725.0
3627,Corporate,Caguas,PR,Puerto Rico,725.0
2298,Corporate,Caguas,PR,Puerto Rico,725.0
12147,Corporate,Caguas,PR,Puerto Rico,725.0
10065,Corporate,Caguas,PR,Puerto Rico,725.0
9158,Corporate,Caguas,PR,Puerto Rico,725.0
564,Corporate,Caguas,PR,Puerto Rico,725.0
11578,Corporate,Caguas,PR,Puerto Rico,725.0
5692,Corporate,Caguas,PR,Puerto Rico,725.0
207,Corporate,Caguas,PR,Puerto Rico,725.0
7115,Corporate,Caguas,PR,Puerto Rico,725.0
12861,Corporate,Caguas,PR,Puerto Rico,725.0
2249,Corporate,Los Angeles,CA,EE. UU.,90026.0
1650,Corporate,Princeton,NJ,EE. UU.,8540.0
12274,Corporate,Staten Island,NY,EE. UU.,10314.0
12405,Corporate,Lawton,OK,EE. UU.,73505.0
4351,Corporate,Antioch,TN,EE. UU.,37013.0
4746,Corporate,Walnut,CA,EE. UU.,91789.0
4379,Corporate,Detroit,MI,EE. UU.,48205.0
239,Corporate,Mcallen,TX,EE. UU.,78501.0
8334,Corporate,Las Cruces,NM,EE. UU.,88005.0
9681,Corporate,Dallas,TX,EE. UU.,75216.0
4006,Corporate,Clementon,NJ,EE. UU.,8021.0
7488,Corporate,Knoxville,TN,EE. UU.,37922.0
5073,Corporate,Poway,CA,EE. UU.,92064.0
10254,Corporate,Fremont,CA,EE. UU.,94539.0
2202,Corporate,Mesquite,TX,EE. UU.,75149.0
1259,Corporate,Everett,WA,EE. UU.,98208.0
796,Corporate,Tallahassee,FL,EE. UU.,32303.0
4430,Corporate,Detroit,MI,EE. UU.,48238.0
1202,Corporate,Plainfield,IL,EE. UU.,60544.0
6243,Corporate,Chicago,IL,EE. UU.,60618.0
2413,Corporate,Virginia Beach,VA,EE. UU.,23454.0
11870,Corporate,San Diego,CA,EE. UU.,92126.0
1728,Corporate,La Mesa,CA,EE. UU.,91941.0
2893,Corporate,Los Angeles,CA,EE. UU.,90001.0
5067,Corporate,Ogden,UT,EE. UU.,84404.0
4414,Corporate,Sunnyvale,CA,EE. UU.,94087.0
4446,Corporate,Paramount,CA,EE. UU.,90723.0
6236,Corporate,Chicago,IL,EE. UU.,60629.0
8875,Corporate,Saint Charles,MO,EE. UU.,63301.0
6293,Corporate,Bristol,CT,EE. UU.,6010.0
7350,Corporate,Salt Lake City,UT,EE. UU.,84119.0
1551,Corporate,Newark,NJ,EE. UU.,7105.0
9981,Corporate,Vista,CA,EE. UU.,92084.0
5559,Corporate,Crystal Lake,IL,EE. UU.,60014.0
1166,Corporate,Las Vegas,NV,EE. UU.,89117.0
4926,Corporate,Bronx,NY,EE. UU.,10473.0
3869,Corporate,Los Angeles,CA,EE. UU.,90024.0
1971,Corporate,Seattle,WA,EE. UU.,98115.0
10236,Corporate,San Francisco,CA,EE. UU.,94112.0
7529,Corporate,Denver,CO,EE. UU.,80219.0
6259,Corporate,Saginaw,MI,EE. UU.,48601.0
260,Corporate,North Hollywood,CA,EE. UU.,91605.0
2782,Corporate,Los Angeles,CA,EE. UU.,90004.0
5806,Corporate,Chesapeake,VA,EE. UU.,23320.0
5099,Corporate,Aurora,IL,EE. UU.,60505.0
4405,Corporate,Gaithersburg,MD,EE. UU.,20878.0
10901,Corporate,Vallejo,CA,EE. UU.,94591.0
13779,Corporate,Del Rio,TX,EE. UU.,78840.0
13090,Corporate,Orange Park,FL,EE. UU.,32073.0
12979,Corporate,Greenville,NC,EE. UU.,27858.0
13246,Corporate,Las Vegas,NV,EE. UU.,89110.0
13353,Corporate,Palatine,IL,EE. UU.,60067.0
13243,Corporate,Elk Grove,CA,EE. UU.,95758.0
14404,Corporate,Carson,CA,EE. UU.,90745.0
3212,Corporate,Washington,DC,EE. UU.,20020.0
11393,Corporate,Bronx,NY,EE. UU.,10452.0
5400,Corporate,Enfield,CT,EE. UU.,6082.0
10427,Corporate,Powder Springs,GA,EE. UU.,30127.0
13911,Corporate,Rosemead,CA,EE. UU.,91770.0
13981,Corporate,Fontana,CA,EE. UU.,92335.0
3666,Corporate,Princeton,NJ,EE. UU.,8540.0
10374,Corporate,Rego Park,NY,EE. UU.,11374.0
14795,Corporate,Philadelphia,PA,EE. UU.,19131.0
13937,Corporate,Elmhurst,IL,EE. UU.,60126.0
1719,Corporate,Stockton,CA,EE. UU.,95206.0
4241,Corporate,Daly City,CA,EE. UU.,94015.0
3555,Corporate,Brooklyn,NY,EE. UU.,11237.0
725,Corporate,San Bernardino,CA,EE. UU.,92404.0
4284,Corporate,Simi Valley,CA,EE. UU.,93065.0
5348,Corporate,Los Angeles,CA,EE. UU.,90032.0
547,Corporate,Hyattsville,MD,EE. UU.,20783.0
8644,Corporate,Englewood,CO,EE. UU.,80110.0
7456,Corporate,Brooklyn,NY,EE. UU.,11211.0
2990,Corporate,Los Angeles,CA,EE. UU.,90002.0
6182,Corporate,Bronx,NY,EE. UU.,10472.0
2897,Corporate,Waukegan,IL,EE. UU.,60085.0
44,Corporate,Napa,CA,EE. UU.,94558.0
5636,Corporate,Columbus,GA,EE. UU.,31907.0
12141,Corporate,Chicago,IL,EE. UU.,60647.0
3730,Corporate,Norfolk,VA,EE. UU.,23503.0
1220,Corporate,Muskegon,MI,EE. UU.,49442.0
15560,Corporate,Freeport,NY,EE. UU.,11520.0
17825,Corporate,Salinas,CA,EE. UU.,93905.0
18130,Corporate,Huntington Park,CA,EE. UU.,90255.0
19113,Corporate,Wyandotte,MI,EE. UU.,48192.0
15890,Corporate,Brooklyn,NY,EE. UU.,11203.0
9540,Corporate,Aurora,CO,EE. UU.,80012.0
3025,Corporate,Mission,TX,EE. UU.,78572.0
18497,Corporate,Pacoima,CA,EE. UU.,91331.0
16000,Corporate,North Las Vegas,NV,EE. UU.,89030.0
17429,Corporate,Hyattsville,MD,EE. UU.,20783.0
18330,Corporate,Hendersonville,TN,EE. UU.,37075.0
18437,Corporate,Clovis,CA,EE. UU.,93611.0
20690,Corporate,Mount Pleasant,MI,EE. UU.,48858.0
4793,Corporate,Orlando,FL,EE. UU.,32822.0
18436,Corporate,El Paso,TX,EE. UU.,79927.0
18450,Corporate,Catonsville,MD,EE. UU.,21228.0
18866,Corporate,Chesapeake,VA,EE. UU.,23322.0
15973,Corporate,La Mesa,CA,EE. UU.,91941.0
17983,Corporate,Albany,OR,EE. UU.,97321.0
20449,Corporate,Aurora,IL,EE. UU.,60505.0
17383,Corporate,Dallas,TX,EE. UU.,75240.0
18446,Corporate,Houston,TX,EE. UU.,77088.0
18708,Corporate,Brooklyn,NY,EE. UU.,11226.0
67,Corporate,Chicago,IL,EE. UU.,60619.0
11406,Corporate,Albuquerque,NM,EE. UU.,87111.0
103,Corporate,Broomfield,CO,EE. UU.,80020.0
4527,Corporate,Findlay,OH,EE. UU.,45840.0
16350,Corporate,Manchester,CT,EE. UU.,6040.0
18997,Corporate,Saint Paul,MN,EE. UU.,55104.0
16300,Corporate,Laredo,TX,EE. UU.,78040.0
16299,Corporate,Nashville,TN,EE. UU.,37211.0
16298,Corporate,Watsonville,CA,EE. UU.,95076.0
9508,Corporate,Los Angeles,CA,EE. UU.,90047.0
5891,Corporate,Las Vegas,NV,EE. UU.,89103.0
10995,Corporate,Miami,FL,EE. UU.,33157.0
6808,Corporate,Endicott,NY,EE. UU.,13760.0
1357,Corporate,Stockton,CA,EE. UU.,95207.0
7344,Corporate,Lancaster,PA,EE. UU.,17603.0
1079,Corporate,Richmond,KY,EE. UU.,40475.0
3616,Corporate,Chicago,IL,EE. UU.,60641.0
9274,Corporate,Murfreesboro,TN,EE. UU.,37130.0
5595,Corporate,Spring Valley,CA,EE. UU.,91977.0
9468,Corporate,Loveland,OH,EE. UU.,45140.0
5094,Corporate,New York,NY,EE. UU.,10016.0
524,Corporate,New Bedford,MA,EE. UU.,2740.0
3069,Corporate,Elk Grove,CA,EE. UU.,95758.0
3023,Corporate,Long Beach,CA,EE. UU.,90804.0
4605,Corporate,Eugene,OR,EE. UU.,97402.0
10557,Corporate,Philadelphia,PA,EE. UU.,19140.0
9684,Corporate,Albuquerque,NM,EE. UU.,87112.0
4401,Corporate,Lilburn,GA,EE. UU.,30047.0
2748,Corporate,Henrico,VA,EE. UU.,23233.0
12043,Corporate,Gaithersburg,MD,EE. UU.,20878.0
12605,Corporate,Bronx,NY,EE. UU.,10466.0
12814,Corporate,Roswell,GA,EE. UU.,30075.0
12813,Corporate,Lancaster,CA,EE. UU.,93535.0
5956,Corporate,Arlington,TX,EE. UU.,76010.0
12510,Corporate,Jacksonville,NC,EE. UU.,28540.0
12860,Corporate,Carlisle,PA,EE. UU.,17013.0
12895,Corporate,Sanford,NC,EE. UU.,27330.0
3620,Corporate,Aurora,CO,EE. UU.,80012.0
2995,Corporate,Saint Paul,MN,EE. UU.,55106.0
18951,Corporate,East Lansing,MI,EE. UU.,48823.0
19065,Corporate,Dallas,TX,EE. UU.,75240.0
19243,Corporate,Spring Valley,CA,EE. UU.,91977.0
10618,Corporate,Dallas,TX,EE. UU.,75243.0
17294,Corporate,Laguna Niguel,CA,EE. UU.,92677.0
18689,Corporate,Philadelphia,PA,EE. UU.,19104.0
15616,Corporate,Riverside,CA,EE. UU.,92507.0
5700,Corporate,Sacramento,CA,EE. UU.,95822.0
8795,Corporate,Greenville,NC,EE. UU.,27834.0
17569,Corporate,Brooklyn,NY,EE. UU.,11214.0
17530,Corporate,Ypsilanti,MI,EE. UU.,48197.0
20331,Corporate,New Haven,CT,EE. UU.,6511.0
17816,Corporate,Chicago,IL,EE. UU.,60622.0
20329,Corporate,Los Angeles,CA,EE. UU.,90023.0
16219,Corporate,El Paso,TX,EE. UU.,79927.0
16339,Corporate,Cleveland,OH,EE. UU.,44118.0
16338,Corporate,Oceanside,CA,EE. UU.,92054.0
20339,Corporate,Piscataway,NJ,EE. UU.,8854.0
15236,Corporate,Detroit,MI,EE. UU.,48221.0
18632,Corporate,Stamford,CT,EE. UU.,6902.0
9891,Corporate,Potomac,MD,EE. UU.,20854.0
4461,Corporate,San Jose,CA,EE. UU.,95125.0
3156,Corporate,Virginia Beach,VA,EE. UU.,23454.0
7373,Corporate,Hyattsville,MD,EE. UU.,20783.0
5205,Corporate,Detroit,MI,EE. UU.,48205.0
4312,Corporate,Los Angeles,CA,EE. UU.,90043.0
15102,Corporate,Los Angeles,CA,EE. UU.,90033.0
14432,Corporate,Brooklyn,NY,EE. UU.,11220.0
13039,Corporate,Fresno,CA,EE. UU.,93722.0
13107,Corporate,Tucson,AZ,EE. UU.,85706.0
13250,Corporate,Chicago,IL,EE. UU.,60621.0
14302,Corporate,Buffalo,NY,EE. UU.,14221.0
14354,Corporate,Santee,CA,EE. UU.,92071.0
14421,Corporate,San Antonio,TX,EE. UU.,78250.0
12974,Corporate,Wilmington,CA,EE. UU.,90744.0
13331,Corporate,Chicago,IL,EE. UU.,60660.0
10568,Corporate,Stamford,CT,EE. UU.,6902.0
169,Corporate,Bronx,NY,EE. UU.,10466.0
2828,Corporate,Fountain Valley,CA,EE. UU.,92708.0
13680,Corporate,Fond Du Lac,WI,EE. UU.,54935.0
6680,Corporate,Perth Amboy,NJ,EE. UU.,8861.0
13945,Corporate,Freeport,NY,EE. UU.,11520.0
4216,Corporate,Dallas,TX,EE. UU.,75287.0
13962,Corporate,Brooklyn,NY,EE. UU.,11223.0
13799,Corporate,Washington,DC,EE. UU.,20020.0
9209,Corporate,Los Angeles,CA,EE. UU.,90023.0
11207,Corporate,Albuquerque,NM,EE. UU.,87111.0
14814,Corporate,Irwin,PA,EE. UU.,15642.0
13921,Corporate,Morristown,NJ,EE. UU.,7960.0
13795,Corporate,Canyon Country,CA,EE. UU.,91351.0
13920,Corporate,Woodbridge,VA,EE. UU.,22192.0
14776,Corporate,Greeley,CO,EE. UU.,80631.0
9973,Corporate,Hyattsville,MD,EE. UU.,20783.0
13684,Corporate,Reseda,CA,EE. UU.,91335.0
13989,Corporate,Oakland,CA,EE. UU.,94601.0
12174,Corporate,Detroit,MI,EE. UU.,48228.0
9493,Corporate,North Hills,CA,EE. UU.,91343.0
1133,Corporate,Oxnard,CA,EE. UU.,93030.0
12596,Corporate,Brooklyn,NY,EE. UU.,11229.0
12670,Corporate,Miami,FL,EE. UU.,33157.0
3919,Corporate,Fontana,CA,EE. UU.,92336.0
2978,Corporate,Bakersfield,CA,EE. UU.,93304.0
3713,Corporate,Chicago,IL,EE. UU.,60657.0
10693,Corporate,Hanover,PA,EE. UU.,17331.0
6689,Corporate,Tallahassee,FL,EE. UU.,32303.0
596,Corporate,Pompano Beach,FL,EE. UU.,33065.0
4978,Corporate,Houston,TX,EE. UU.,77093.0
405,Corporate,Fort Lauderdale,FL,EE. UU.,33313.0
19901,Corporate,Florissant,MO,EE. UU.,63031.0
18161,Corporate,Carlsbad,CA,EE. UU.,92009.0
18086,Corporate,Philadelphia,PA,EE. UU.,19143.0
16589,Corporate,Sugar Land,TX,EE. UU.,77478.0
16390,Corporate,Chula Vista,CA,EE. UU.,91910.0
19264,Corporate,Lilburn,GA,EE. UU.,30047.0
19263,Corporate,Parkville,MD,EE. UU.,21234.0
19047,Corporate,Florissant,MO,EE. UU.,63031.0
19280,Corporate,Dallas,TX,EE. UU.,75240.0
19152,Corporate,Chicago,IL,EE. UU.,60615.0
19200,Corporate,Amarillo,TX,EE. UU.,79109.0
15819,Corporate,Brooklyn,NY,EE. UU.,11220.0
15692,Corporate,Newark,DE,EE. UU.,19711.0
15832,Corporate,San Bernardino,CA,EE. UU.,92410.0
530,Corporate,Newark,NJ,EE. UU.,7104.0
1194,Corporate,Riverside,CA,EE. UU.,92504.0
17631,Corporate,Porterville,CA,EE. UU.,93257.0
17629,Corporate,Livermore,CA,EE. UU.,94550.0
17484,Corporate,Santa Clara,CA,EE. UU.,95051.0
20548,Corporate,Austin,TX,EE. UU.,78753.0
16052,Corporate,Chicago,IL,EE. UU.,60641.0
17302,Corporate,Goose Creek,SC,EE. UU.,29445.0
3084,Corporate,Chicago,IL,EE. UU.,60637.0
17356,Corporate,Chicago,IL,EE. UU.,60632.0
17301,Corporate,Chicago,IL,EE. UU.,60632.0
20564,Corporate,Silver Spring,MD,EE. UU.,20906.0
17498,Corporate,Enfield,CT,EE. UU.,6082.0
20705,Corporate,Woodbridge,VA,EE. UU.,22192.0
17931,Corporate,Tonawanda,NY,EE. UU.,14150.0
18325,Corporate,Los Angeles,CA,EE. UU.,90024.0
20685,Corporate,Oxnard,CA,EE. UU.,93030.0
15664,Corporate,Corona,NY,EE. UU.,11368.0
15516,Corporate,Lancaster,OH,EE. UU.,43130.0
15513,Corporate,Santa Ana,CA,EE. UU.,92707.0
15621,Corporate,Birmingham,AL,EE. UU.,35215.0
850,Corporate,North Bergen,NJ,EE. UU.,7047.0
10028,Corporate,Salt Lake City,UT,EE. UU.,84118.0
18558,Corporate,Los Angeles,CA,EE. UU.,90023.0
20278,Corporate,Mililani,HI,EE. UU.,96789.0
16310,Corporate,Moreno Valley,CA,EE. UU.,92557.0
16126,Corporate,Virginia Beach,VA,EE. UU.,23455.0
17091,Corporate,Memphis,TN,EE. UU.,38109.0
15239,Corporate,Portland,OR,EE. UU.,97229.0
16321,Corporate,Palo Alto,CA,EE. UU.,94303.0
20142,Corporate,Meridian,ID,EE. UU.,83642.0
19835,Corporate,Wilmington,CA,EE. UU.,90744.0
16175,Corporate,Potomac,MD,EE. UU.,20854.0
17159,Corporate,El Cajon,CA,EE. UU.,92021.0
20298,Corporate,Santa Ana,CA,EE. UU.,92707.0
2327,Corporate,West Chester,PA,EE. UU.,19380.0
6153,Corporate,Bronx,NY,EE. UU.,10472.0
6839,Corporate,Austin,TX,EE. UU.,78753.0
2542,Corporate,Memphis,TN,EE. UU.,38109.0
7335,Corporate,Lancaster,OH,EE. UU.,43130.0
10456,Corporate,Los Angeles,CA,EE. UU.,90044.0
1777,Corporate,Baytown,TX,EE. UU.,77520.0
1654,Corporate,El Monte,CA,EE. UU.,91732.0
8349,Corporate,Westminster,CA,EE. UU.,92683.0
7322,Corporate,Chicago,IL,EE. UU.,60638.0
10491,Corporate,Westland,MI,EE. UU.,48185.0
2162,Corporate,Decatur,GA,EE. UU.,30032.0
8228,Corporate,Morristown,NJ,EE. UU.,7960.0
7033,Corporate,Henrico,VA,EE. UU.,23233.0
2506,Corporate,Compton,CA,EE. UU.,90220.0
9583,Home Office,Caguas,PR,Puerto Rico,725.0
6496,Home Office,Caguas,PR,Puerto Rico,725.0
2433,Home Office,Caguas,PR,Puerto Rico,725.0
12628,Home Office,Caguas,PR,Puerto Rico,725.0
14924,Home Office,Caguas,PR,Puerto Rico,725.0
13437,Home Office,Caguas,PR,Puerto Rico,725.0
14182,Home Office,Caguas,PR,Puerto Rico,725.0
13367,Home Office,Caguas,PR,Puerto Rico,725.0
13642,Home Office,Caguas,PR,Puerto Rico,725.0
7555,Home Office,Caguas,PR,Puerto Rico,725.0
5813,Home Office,Caguas,PR,Puerto Rico,725.0
3499,Home Office,Toa Baja,PR,Puerto Rico,949.0
2176,Home Office,Caguas,PR,Puerto Rico,725.0
10717,Home Office,Caguas,PR,Puerto Rico,725.0
10544,Home Office,Caguas,PR,Puerto Rico,725.0
5633,Home Office,Caguas,PR,Puerto Rico,725.0
11513,Home Office,Caguas,PR,Puerto Rico,725.0
8824,Home Office,Caguas,PR,Puerto Rico,725.0
2645,Home Office,Caguas,PR,Puerto Rico,725.0
3052,Home Office,Caguas,PR,Puerto Rico,725.0
8883,Home Office,Caguas,PR,Puerto Rico,725.0
6770,Home Office,Caguas,PR,Puerto Rico,725.0
6764,Home Office,Caguas,PR,Puerto Rico,725.0
9649,Home Office,Caguas,PR,Puerto Rico,725.0
8562,Home Office,Caguas,PR,Puerto Rico,725.0
2354,Home Office,Caguas,PR,Puerto Rico,725.0
12219,Home Office,Caguas,PR,Puerto Rico,725.0
6825,Home Office,Caguas,PR,Puerto Rico,725.0
236,Home Office,Caguas,PR,Puerto Rico,725.0
3808,Home Office,Caguas,PR,Puerto Rico,725.0
612,Home Office,Caguas,PR,Puerto Rico,725.0
10920,Home Office,Caguas,PR,Puerto Rico,725.0
5737,Home Office,Caguas,PR,Puerto Rico,725.0
11451,Home Office,Caguas,PR,Puerto Rico,725.0
2841,Home Office,Caguas,PR,Puerto Rico,725.0
10803,Home Office,San Juan,PR,Puerto Rico,921.0
1897,Home Office,Caguas,PR,Puerto Rico,725.0
1279,Home Office,Caguas,PR,Puerto Rico,725.0
2862,Home Office,Caguas,PR,Puerto Rico,725.0
17323,Home Office,Caguas,PR,Puerto Rico,725.0
4263,Home Office,Caguas,PR,Puerto Rico,725.0
15350,Home Office,Caguas,PR,Puerto Rico,725.0
20205,Home Office,Caguas,PR,Puerto Rico,725.0
20202,Home Office,Caguas,PR,Puerto Rico,725.0
19122,Home Office,Caguas,PR,Puerto Rico,725.0
19093,Home Office,Caguas,PR,Puerto Rico,725.0
18745,Home Office,Caguas,PR,Puerto Rico,725.0
20584,Home Office,Caguas,PR,Puerto Rico,725.0
20438,Home Office,Caguas,PR,Puerto Rico,725.0
17281,Home Office,Caguas,PR,Puerto Rico,725.0
17420,Home Office,Caguas,PR,Puerto Rico,725.0
8311,Home Office,Caguas,PR,Puerto Rico,725.0
1699,Home Office,Caguas,PR,Puerto Rico,725.0
15365,Home Office,Caguas,PR,Puerto Rico,725.0
15634,Home Office,Caguas,PR,Puerto Rico,725.0
8080,Home Office,Caguas,PR,Puerto Rico,725.0
17559,Home Office,Caguas,PR,Puerto Rico,725.0
17612,Home Office,Caguas,PR,Puerto Rico,725.0
15142,Home Office,Caguas,PR,Puerto Rico,725.0
17153,Home Office,Caguas,PR,Puerto Rico,725.0
15139,Home Office,Caguas,PR,Puerto Rico,725.0
16274,Home Office,Caguas,PR,Puerto Rico,725.0
15207,Home Office,Caguas,PR,Puerto Rico,725.0
19979,Home Office,Caguas,PR,Puerto Rico,725.0
18614,Home Office,Caguas,PR,Puerto Rico,725.0
16099,Home Office,Caguas,PR,Puerto Rico,725.0
18057,Home Office,Caguas,PR,Puerto Rico,725.0
19089,Home Office,Caguas,PR,Puerto Rico,725.0
15871,Home Office,Caguas,PR,Puerto Rico,725.0
18353,Home Office,Caguas,PR,Puerto Rico,725.0
20677,Home Office,Caguas,PR,Puerto Rico,725.0
8333,Home Office,Caguas,PR,Puerto Rico,725.0
16054,Home Office,Caguas,PR,Puerto Rico,725.0
20458,Home Office,Caguas,PR,Puerto Rico,725.0
11555,Home Office,Caguas,PR,Puerto Rico,725.0
18381,Home Office,Caguas,PR,Puerto Rico,725.0
3260,Home Office,Caguas,PR,Puerto Rico,725.0
20723,Home Office,Caguas,PR,Puerto Rico,725.0
20669,Home Office,Caguas,PR,Puerto Rico,725.0
15523,Home Office,Caguas,PR,Puerto Rico,725.0
2481,Home Office,Caguas,PR,Puerto Rico,725.0
17546,Home Office,Caguas,PR,Puerto Rico,725.0
17137,Home Office,Caguas,PR,Puerto Rico,725.0
17783,Home Office,Caguas,PR,Puerto Rico,725.0
17168,Home Office,Caguas,PR,Puerto Rico,725.0
17868,Home Office,Caguas,PR,Puerto Rico,725.0
19839,Home Office,Caguas,PR,Puerto Rico,725.0
19857,Home Office,Caguas,PR,Puerto Rico,725.0
16358,Home Office,Caguas,PR,Puerto Rico,725.0
17235,Home Office,Caguas,PR,Puerto Rico,725.0
16158,Home Office,Caguas,PR,Puerto Rico,725.0
15144,Home Office,Caguas,PR,Puerto Rico,725.0
16172,Home Office,Caguas,PR,Puerto Rico,725.0
15287,Home Office,Caguas,PR,Puerto Rico,725.0
18014,Home Office,Caguas,PR,Puerto Rico,725.0
15463,Home Office,Caguas,PR,Puerto Rico,725.0
7622,Home Office,Caguas,PR,Puerto Rico,725.0
5592,Home Office,Caguas,PR,Puerto Rico,725.0
9453,Home Office,Caguas,PR,Puerto Rico,725.0
7514,Home Office,Caguas,PR,Puerto Rico,725.0
1341,Home Office,Caguas,PR,Puerto Rico,725.0
5412,Home Office,Caguas,PR,Puerto Rico,725.0
7396,Home Office,Caguas,PR,Puerto Rico,725.0
3927,Home Office,Caguas,PR,Puerto Rico,725.0
1268,Home Office,Caguas,PR,Puerto Rico,725.0
9647,Home Office,Caguas,PR,Puerto Rico,725.0
5551,Home Office,Caguas,PR,Puerto Rico,725.0
6754,Home Office,Caguas,PR,Puerto Rico,725.0
6314,Home Office,Vega Baja,PR,Puerto Rico,693.0
8299,Home Office,Caguas,PR,Puerto Rico,725.0
10633,Home Office,Caguas,PR,Puerto Rico,725.0
10917,Home Office,Caguas,PR,Puerto Rico,725.0
5312,Home Office,Caguas,PR,Puerto Rico,725.0
8821,Home Office,Caguas,PR,Puerto Rico,725.0
5809,Home Office,Caguas,PR,Puerto Rico,725.0
10370,Home Office,Caguas,PR,Puerto Rico,725.0
5086,Home Office,San Sebastian,PR,Puerto Rico,685.0
2421,Home Office,Caguas,PR,Puerto Rico,725.0
2148,Home Office,Caguas,PR,Puerto Rico,725.0
994,Home Office,Caguas,PR,Puerto Rico,725.0
3563,Home Office,Caguas,PR,Puerto Rico,725.0
4259,Home Office,Caguas,PR,Puerto Rico,725.0
8138,Home Office,Caguas,PR,Puerto Rico,725.0
7042,Home Office,Caguas,PR,Puerto Rico,725.0
1886,Home Office,Caguas,PR,Puerto Rico,725.0
6016,Home Office,Caguas,PR,Puerto Rico,725.0
7824,Home Office,Caguas,PR,Puerto Rico,725.0
4331,Home Office,Humacao,PR,Puerto Rico,791.0
11614,Home Office,Caguas,PR,Puerto Rico,725.0
6683,Home Office,Caguas,PR,Puerto Rico,725.0
689,Home Office,Caguas,PR,Puerto Rico,725.0
3759,Home Office,Caguas,PR,Puerto Rico,725.0
7107,Home Office,Caguas,PR,Puerto Rico,725.0
1644,Home Office,Caguas,PR,Puerto Rico,725.0
991,Home Office,Caguas,PR,Puerto Rico,725.0
5868,Home Office,Caguas,PR,Puerto Rico,725.0
4134,Home Office,Caguas,PR,Puerto Rico,725.0
6119,Home Office,Caguas,PR,Puerto Rico,725.0
8180,Home Office,Brooklyn,NY,EE. UU.,11223.0
9831,Home Office,Hagerstown,MD,EE. UU.,21740.0
6089,Home Office,Chicago,IL,EE. UU.,60622.0
7565,Consumer,Las Vegas,NV,EE. UU.,89123.0
10421,Corporate,Caguas,PR,Puerto Rico,725.0
9731,Home Office,Baytown,TX,EE. UU.,77520.0
306,Home Office,Phoenix,AZ,EE. UU.,85032.0
8252,Home Office,Sandusky,OH,EE. UU.,44870.0
7427,Home Office,Chicago,IL,EE. UU.,60621.0
172,Home Office,Chino,CA,EE. UU.,91710.0
5190,Home Office,Middletown,CT,EE. UU.,6457.0
6691,Home Office,Miami,FL,EE. UU.,33125.0
8895,Home Office,Rio Rancho,NM,EE. UU.,87124.0
1583,Home Office,Sugar Land,TX,EE. UU.,77479.0
6069,Consumer,Orlando,FL,EE. UU.,32825.0
6176,Home Office,Brooklyn,NY,EE. UU.,11211.0
5055,Home Office,Caguas,PR,Puerto Rico,725.0
4265,Home Office,Anaheim,CA,EE. UU.,92805.0
5788,Home Office,Indio,CA,EE. UU.,92201.0
5962,Home Office,Fresno,CA,EE. UU.,93727.0
8253,Consumer,Caguas,PR,Puerto Rico,725.0
2190,Corporate,Caguas,PR,Puerto Rico,725.0
918,Corporate,Caguas,PR,Puerto Rico,725.0
6630,Home Office,Plainfield,NJ,EE. UU.,7060.0
5386,Corporate,Chesapeake,VA,EE. UU.,23322.0
2968,Consumer,Caguas,PR,Puerto Rico,725.0
8533,Consumer,Caguas,PR,Puerto Rico,725.0
5765,Home Office,Painesville,OH,EE. UU.,44077.0
3928,Home Office,New York,NY,EE. UU.,10016.0
11401,Consumer,Caguas,PR,Puerto Rico,725.0
764,Home Office,Mililani,HI,EE. UU.,96789.0
2294,Corporate,San Diego,CA,EE. UU.,92154.0
968,Consumer,Cleveland,OH,EE. UU.,44130.0
347,Home Office,Dallas,TX,EE. UU.,75287.0
7323,Corporate,Caguas,PR,Puerto Rico,725.0
3432,Corporate,Rego Park,NY,EE. UU.,11374.0
1197,Consumer,Houston,TX,EE. UU.,77083.0
10974,Consumer,Clementon,NJ,EE. UU.,8021.0
5049,Consumer,Caguas,PR,Puerto Rico,725.0
5735,Consumer,Caguas,PR,Puerto Rico,725.0
4814,Corporate,Simi Valley,CA,EE. UU.,93065.0
3753,Home Office,Fresno,CA,EE. UU.,93722.0
8832,Home Office,Brooklyn,NY,EE. UU.,11225.0
5337,Home Office,Caguas,PR,Puerto Rico,725.0
4935,Home Office,Orange Park,FL,EE. UU.,32073.0
480,Consumer,Austin,TX,EE. UU.,78745.0
11783,Home Office,Highland Park,MI,EE. UU.,48203.0
3574,Home Office,Salt Lake City,UT,EE. UU.,84119.0
5847,Home Office,Lockport,NY,EE. UU.,14094.0
1817,Home Office,Florissant,MO,EE. UU.,63031.0
10551,Consumer,Tucson,AZ,EE. UU.,85713.0
5857,Consumer,Caguas,PR,Puerto Rico,725.0
7453,Corporate,Caguas,PR,Puerto Rico,725.0
2853,Home Office,Fullerton,CA,EE. UU.,92833.0
2418,Home Office,Enfield,CT,EE. UU.,6082.0
8332,Home Office,Hanford,CA,EE. UU.,93230.0
5473,Consumer,Caguas,PR,Puerto Rico,725.0
11850,Corporate,Caguas,PR,Puerto Rico,725.0
8595,Corporate,Caguas,PR,Puerto Rico,725.0
12201,Consumer,Dorchester Center,MA,EE. UU.,2124.0
9749,Consumer,Caguas,PR,Puerto Rico,725.0
10810,Consumer,North Bergen,NJ,EE. UU.,7047.0
10267,Corporate,Caguas,PR,Puerto Rico,725.0
12308,Consumer,Chicago,IL,EE. UU.,60644.0
10458,Consumer,Oceanside,CA,EE. UU.,92054.0
2913,Home Office,Las Cruces,NM,EE. UU.,88005.0
6730,Corporate,Caguas,PR,Puerto Rico,725.0
1419,Home Office,Brooklyn,NY,EE. UU.,11237.0
6105,Consumer,Los Angeles,CA,EE. UU.,90043.0
8947,Home Office,Milford,CT,EE. UU.,6460.0
8941,Home Office,Richmond,VA,EE. UU.,23223.0
10938,Consumer,Caguas,PR,Puerto Rico,725.0
8891,Consumer,Detroit,MI,EE. UU.,48235.0
9481,Consumer,Lynnwood,WA,EE. UU.,98037.0
11400,Home Office,Fort Worth,TX,EE. UU.,76116.0
388,Consumer,Los Angeles,CA,EE. UU.,90046.0
1702,Consumer,Austin,TX,EE. UU.,78745.0
7587,Home Office,Caguas,PR,Puerto Rico,725.0
6008,Consumer,Vega Baja,PR,Puerto Rico,693.0
7408,Home Office,Peoria,AZ,EE. UU.,85345.0
4272,Home Office,Los Angeles,CA,EE. UU.,90001.0
5951,Consumer,Phoenix,AZ,EE. UU.,85032.0
8827,Home Office,San Antonio,TX,EE. UU.,78240.0
3847,Home Office,Columbia,MO,EE. UU.,65203.0
6351,Home Office,Lancaster,PA,EE. UU.,17601.0
3060,Consumer,Oxnard,CA,EE. UU.,93030.0
3656,Home Office,Philadelphia,PA,EE. UU.,19139.0
11942,Consumer,Caguas,PR,Puerto Rico,725.0
707,Consumer,Caguas,PR,Puerto Rico,725.0
10625,Consumer,San Diego,CA,EE. UU.,92115.0
8965,Home Office,Caguas,PR,Puerto Rico,725.0
7093,Consumer,Lilburn,GA,EE. UU.,30047.0
11422,Home Office,Moreno Valley,CA,EE. UU.,92557.0
3316,Consumer,Caguas,PR,Puerto Rico,725.0
1882,Home Office,Bronx,NY,EE. UU.,10461.0
1926,Consumer,Los Angeles,CA,EE. UU.,90003.0
5882,Consumer,Oceanside,CA,EE. UU.,92054.0
3164,Consumer,Woonsocket,RI,EE. UU.,2895.0
7358,Consumer,Carmichael,CA,EE. UU.,95608.0
8852,Consumer,Caguas,PR,Puerto Rico,725.0
2066,Consumer,Brooklyn,NY,EE. UU.,11229.0
7402,Consumer,Caguas,PR,Puerto Rico,725.0
11690,Consumer,El Paso,TX,EE. UU.,79936.0
2124,Home Office,Toms River,NJ,EE. UU.,8753.0
181,Home Office,Irwin,PA,EE. UU.,15642.0
2614,Consumer,Lawrenceville,GA,EE. UU.,30044.0
5335,Corporate,Caguas,PR,Puerto Rico,725.0
3495,Consumer,Winter Park,FL,EE. UU.,32792.0
11191,Consumer,Caguas,PR,Puerto Rico,725.0
6371,Home Office,Caguas,PR,Puerto Rico,725.0
8907,Corporate,Caguas,PR,Puerto Rico,725.0
11126,Consumer,Cleveland,OH,EE. UU.,44118.0
3963,Corporate,Caguas,PR,Puerto Rico,725.0
11377,Consumer,Caguas,PR,Puerto Rico,725.0
6981,Home Office,Long Beach,CA,EE. UU.,90813.0
1924,Consumer,Tucson,AZ,EE. UU.,85706.0
10718,Home Office,Marietta,GA,EE. UU.,30066.0
7601,Corporate,Caguas,PR,Puerto Rico,725.0
5853,Corporate,Caguas,PR,Puerto Rico,725.0
9258,Consumer,Marrero,LA,EE. UU.,70072.0
3252,Consumer,Caguas,PR,Puerto Rico,725.0
9919,Consumer,Raleigh,NC,EE. UU.,27606.0
334,Consumer,Tracy,CA,EE. UU.,95376.0
3285,Corporate,Bronx,NY,EE. UU.,10472.0
2099,Corporate,Caguas,PR,Puerto Rico,725.0
5218,Consumer,Costa Mesa,CA,EE. UU.,92626.0
10550,Corporate,Caguas,PR,Puerto Rico,725.0
4255,Consumer,Caguas,PR,Puerto Rico,725.0
12081,Home Office,Opa Locka,FL,EE. UU.,33055.0
307,Consumer,Baltimore,MD,EE. UU.,21206.0
6622,Consumer,Canoga Park,CA,EE. UU.,91304.0
8023,Consumer,Tampa,FL,EE. UU.,33614.0
10944,Corporate,Caguas,PR,Puerto Rico,725.0
2669,Home Office,Costa Mesa,CA,EE. UU.,92627.0
12198,Consumer,Oviedo,FL,EE. UU.,32765.0
2744,Home Office,Algonquin,IL,EE. UU.,60102.0
6794,Consumer,Caguas,PR,Puerto Rico,725.0
5804,Corporate,York,PA,EE. UU.,17404.0
8235,Consumer,Sugar Land,TX,EE. UU.,77478.0
12268,Corporate,Fresno,CA,EE. UU.,93702.0
2108,Consumer,Elgin,IL,EE. UU.,60123.0
5170,Consumer,Lynwood,CA,EE. UU.,90262.0
11429,Home Office,Honolulu,HI,EE. UU.,96816.0
6870,Home Office,San Diego,CA,EE. UU.,92104.0
5416,Home Office,Medford,MA,EE. UU.,2155.0
10824,Corporate,Caguas,PR,Puerto Rico,725.0
11790,Corporate,Caguas,PR,Puerto Rico,725.0
4520,Home Office,Chicago,IL,EE. UU.,60621.0
2494,Consumer,Reynoldsburg,OH,EE. UU.,43068.0
10573,Consumer,New York,NY,EE. UU.,10040.0
11541,Consumer,Santa Clara,CA,EE. UU.,95051.0
9043,Consumer,Sandusky,OH,EE. UU.,44870.0
6044,Corporate,Caguas,PR,Puerto Rico,725.0
1403,Consumer,Bountiful,UT,EE. UU.,84010.0
2509,Consumer,Tampa,FL,EE. UU.,33614.0
9534,Consumer,Las Vegas,NV,EE. UU.,89103.0
750,Consumer,Chicago,IL,EE. UU.,60628.0
7118,Consumer,York,PA,EE. UU.,17404.0
4363,Consumer,Caguas,PR,Puerto Rico,725.0
1356,Corporate,San Juan,PR,Puerto Rico,921.0
4419,Home Office,Fremont,CA,EE. UU.,94539.0
8809,Consumer,Bakersfield,CA,EE. UU.,93304.0
1799,Consumer,Newark,OH,EE. UU.,43055.0
8503,Corporate,Houston,TX,EE. UU.,77084.0
8943,Home Office,Las Vegas,NV,EE. UU.,89110.0
3115,Consumer,Caguas,PR,Puerto Rico,725.0
5163,Consumer,Palatine,IL,EE. UU.,60067.0
7127,Consumer,Bronx,NY,EE. UU.,10453.0
5000,Consumer,San Juan,PR,Puerto Rico,921.0
11097,Consumer,Caguas,PR,Puerto Rico,725.0
10637,Consumer,Seattle,WA,EE. UU.,98115.0
11729,Consumer,Lakewood,OH,EE. UU.,44107.0
2376,Home Office,Milford,CT,EE. UU.,6460.0
4730,Corporate,Miami,FL,EE. UU.,33162.0
9842,Consumer,Caguas,PR,Puerto Rico,725.0
5726,Consumer,North Hills,CA,EE. UU.,91343.0
2239,Home Office,Silver Spring,MD,EE. UU.,20904.0
2076,Home Office,Hamilton,OH,EE. UU.,45013.0
8820,Home Office,San Jose,CA,EE. UU.,95124.0
3321,Consumer,Caguas,PR,Puerto Rico,725.0
10674,Home Office,Bronx,NY,EE. UU.,10466.0
9420,Consumer,Citrus Heights,CA,EE. UU.,95610.0
11601,Consumer,Glendale,AZ,EE. UU.,85301.0
3208,Consumer,Hollywood,FL,EE. UU.,33021.0
12153,Home Office,Modesto,CA,EE. UU.,95355.0
9744,Home Office,Memphis,TN,EE. UU.,38109.0
3417,Home Office,Chicago,IL,EE. UU.,60645.0
5630,Corporate,Caguas,PR,Puerto Rico,725.0
9748,Consumer,Tampa,FL,EE. UU.,33614.0
5285,Consumer,Clearfield,UT,EE. UU.,84015.0
10358,Home Office,Caguas,PR,Puerto Rico,725.0
8585,Consumer,Anaheim,CA,EE. UU.,92802.0
2833,Corporate,Caguas,PR,Puerto Rico,725.0
2259,Home Office,Bronx,NY,EE. UU.,10461.0
5126,Consumer,Wheeling,WV,EE. UU.,26003.0
10197,Home Office,Lancaster,PA,EE. UU.,17603.0
7513,Consumer,El Paso,TX,EE. UU.,79927.0
2475,Consumer,Detroit,MI,EE. UU.,48224.0
1451,Home Office,Pompano Beach,FL,EE. UU.,33065.0
5451,Home Office,Chicago,IL,EE. UU.,60632.0
5460,Home Office,Houston,TX,EE. UU.,77093.0
5896,Consumer,Forest Hills,NY,EE. UU.,11375.0
364,Home Office,Tulare,CA,EE. UU.,93274.0
6838,Home Office,New York,NY,EE. UU.,10003.0
1382,Home Office,Caguas,PR,Puerto Rico,725.0
888,Home Office,Los Angeles,CA,EE. UU.,90042.0
5350,Home Office,Compton,CA,EE. UU.,90220.0
8308,Consumer,Cleveland,OH,EE. UU.,44109.0
6298,Consumer,Sun Valley,CA,EE. UU.,91352.0
8256,Home Office,Phoenix,AZ,EE. UU.,85009.0
11965,Consumer,North Richland Hills,TX,EE. UU.,76180.0
2671,Consumer,Portland,OR,EE. UU.,97223.0
11333,Home Office,San Jose,CA,EE. UU.,95123.0
2352,Consumer,Caguas,PR,Puerto Rico,725.0
8695,Corporate,Caguas,PR,Puerto Rico,725.0
2220,Corporate,Caguas,PR,Puerto Rico,725.0
10073,Consumer,West Orange,NJ,EE. UU.,7052.0
12015,Corporate,Caguas,PR,Puerto Rico,725.0
8628,Consumer,Apopka,FL,EE. UU.,32703.0
10323,Consumer,Caguas,PR,Puerto Rico,725.0
8320,Consumer,Caguas,PR,Puerto Rico,725.0
1606,Corporate,Caguas,PR,Puerto Rico,725.0
4116,Home Office,Elgin,IL,EE. UU.,60123.0
1903,Consumer,Blacksburg,VA,EE. UU.,24060.0
4620,Consumer,Caguas,PR,Puerto Rico,725.0
8649,Corporate,Caguas,PR,Puerto Rico,725.0
11363,Consumer,Garland,TX,EE. UU.,75040.0
9889,Consumer,Santa Ana,CA,EE. UU.,92707.0
9058,Home Office,Dearborn,MI,EE. UU.,48126.0
12149,Corporate,Caguas,PR,Puerto Rico,725.0
6790,Corporate,Caguas,PR,Puerto Rico,725.0
9340,Consumer,Victorville,CA,EE. UU.,92392.0
941,Consumer,Modesto,CA,EE. UU.,95350.0
10649,Corporate,Caguas,PR,Puerto Rico,725.0
3694,Consumer,Dearborn,MI,EE. UU.,48126.0
8194,Consumer,Clearfield,UT,EE. UU.,84015.0
1264,Corporate,Caguas,PR,Puerto Rico,725.0
2826,Home Office,San Ramon,CA,EE. UU.,94583.0
7788,Corporate,Mission Viejo,CA,EE. UU.,92691.0
2563,Corporate,Caguas,PR,Puerto Rico,725.0
8777,Consumer,Kent,WA,EE. UU.,98031.0
8161,Corporate,Caguas,PR,Puerto Rico,725.0
8226,Corporate,Caguas,PR,Puerto Rico,725.0
4879,Consumer,Beaverton,OR,EE. UU.,97007.0
368,Corporate,Caguas,PR,Puerto Rico,725.0
10302,Home Office,Broken Arrow,OK,EE. UU.,74012.0
6959,Consumer,Fairfield,OH,EE. UU.,45014.0
10742,Home Office,Cleveland,OH,EE. UU.,44109.0
6407,Home Office,Rochester,NY,EE. UU.,14609.0
5340,Home Office,Hawthorne,CA,EE. UU.,90250.0
2121,Consumer,Virginia Beach,VA,EE. UU.,23456.0
1291,Home Office,Massillon,OH,EE. UU.,44646.0
11042,Corporate,Ontario,CA,EE. UU.,91762.0
7392,Home Office,Philadelphia,PA,EE. UU.,19124.0
2498,Consumer,Salem,OR,EE. UU.,97303.0
6823,Home Office,Chicago,IL,EE. UU.,60626.0
6256,Home Office,North Bergen,NJ,EE. UU.,7047.0
83,Corporate,Caguas,PR,Puerto Rico,725.0
11652,Home Office,Los Angeles,CA,EE. UU.,90043.0
6047,Consumer,Garden Grove,CA,EE. UU.,92843.0
3415,Home Office,Daly City,CA,EE. UU.,94015.0
9319,Corporate,Caguas,PR,Puerto Rico,725.0
622,Corporate,Caguas,PR,Puerto Rico,725.0
2113,Home Office,Harvey,IL,EE. UU.,60426.0
6132,Consumer,Gardena,CA,EE. UU.,90247.0
4872,Consumer,Brooklyn,NY,EE. UU.,11221.0
10192,Home Office,Chicago,IL,EE. UU.,60614.0
10325,Home Office,Caguas,PR,Puerto Rico,725.0
10256,Home Office,Dallas,TX,EE. UU.,75217.0
6136,Consumer,Caguas,PR,Puerto Rico,725.0
9408,Consumer,Chicago,IL,EE. UU.,60629.0
3128,Consumer,Edison,NJ,EE. UU.,8817.0
3959,Consumer,Fort Lauderdale,FL,EE. UU.,33311.0
10213,Consumer,Guayama,PR,Puerto Rico,784.0
9056,Home Office,Carlsbad,CA,EE. UU.,92009.0
1887,Home Office,Mount Prospect,IL,EE. UU.,60056.0
10193,Home Office,San Diego,CA,EE. UU.,92117.0
2964,Consumer,Saint Paul,MN,EE. UU.,55124.0
464,Consumer,Morrisville,PA,EE. UU.,19067.0
7255,Consumer,Saint Louis,MO,EE. UU.,63123.0
7324,Consumer,Philadelphia,PA,EE. UU.,19104.0
12404,Corporate,Caguas,PR,Puerto Rico,725.0
12121,Corporate,Caguas,PR,Puerto Rico,725.0
4086,Corporate,Caguas,PR,Puerto Rico,725.0
11105,Home Office,Houston,TX,EE. UU.,77080.0
7034,Corporate,Bismarck,ND,EE. UU.,58501.0
10455,Consumer,Caguas,PR,Puerto Rico,725.0
9941,Corporate,Caguas,PR,Puerto Rico,725.0
46,Consumer,Freeport,NY,EE. UU.,11520.0
8058,Consumer,Kailua,HI,EE. UU.,96734.0
2446,Home Office,Pompano Beach,FL,EE. UU.,33068.0
12084,Home Office,Frankfort,KY,EE. UU.,40601.0
5627,Consumer,Jacksonville,FL,EE. UU.,32225.0
10895,Consumer,Caguas,PR,Puerto Rico,725.0
3440,Consumer,Salinas,CA,EE. UU.,93905.0
10103,Corporate,Aurora,CO,EE. UU.,80011.0
10381,Consumer,Long Beach,CA,EE. UU.,90805.0
11877,Home Office,San Francisco,CA,EE. UU.,94122.0
3449,Consumer,Cupertino,CA,EE. UU.,95014.0
1062,Corporate,Caguas,PR,Puerto Rico,725.0
3309,Corporate,Caguas,PR,Puerto Rico,725.0
2692,Consumer,Pharr,TX,EE. UU.,78577.0
9798,Home Office,Houston,TX,EE. UU.,77093.0
284,Consumer,Caguas,PR,Puerto Rico,725.0
11799,Home Office,Brooklyn,NY,EE. UU.,11201.0
5053,Corporate,Caguas,PR,Puerto Rico,725.0
3693,Consumer,Compton,CA,EE. UU.,90220.0
3733,Corporate,Caguas,PR,Puerto Rico,725.0
1512,Corporate,Caguas,PR,Puerto Rico,725.0
5293,Consumer,Sacramento,CA,EE. UU.,95823.0
11058,Home Office,Brooklyn,NY,EE. UU.,11220.0
9567,Consumer,Brooklyn,NY,EE. UU.,11238.0
4506,Consumer,Virginia Beach,VA,EE. UU.,23464.0
12058,Home Office,Washington,DC,EE. UU.,20002.0
753,Home Office,New York,NY,EE. UU.,10033.0
969,Consumer,Bakersfield,CA,EE. UU.,93304.0
1892,Consumer,Caguas,PR,Puerto Rico,725.0
6853,Consumer,Dayton,OH,EE. UU.,45424.0
10787,Consumer,Blacksburg,VA,EE. UU.,24060.0
4575,Home Office,Orlando,FL,EE. UU.,32825.0
4959,Home Office,Brooklyn,NY,EE. UU.,11218.0
6309,Consumer,Carlisle,PA,EE. UU.,17013.0
417,Corporate,New York,NY,EE. UU.,10024.0
9000,Corporate,Caguas,PR,Puerto Rico,725.0
4324,Consumer,Carson,CA,EE. UU.,90745.0
5426,Home Office,Antioch,CA,EE. UU.,94509.0
1514,Consumer,Caguas,PR,Puerto Rico,725.0
11373,Consumer,Caguas,PR,Puerto Rico,725.0
4630,Home Office,Chicago,IL,EE. UU.,60621.0
2390,Corporate,Caguas,PR,Puerto Rico,725.0
3700,Corporate,Las Vegas,NV,EE. UU.,89121.0
9642,Consumer,Clearfield,UT,EE. UU.,84015.0
12400,Corporate,Caguas,PR,Puerto Rico,725.0
393,Corporate,Caguas,PR,Puerto Rico,725.0
3806,Home Office,Upland,CA,EE. UU.,91786.0
9935,Corporate,Caguas,PR,Puerto Rico,725.0
7165,Home Office,Caguas,PR,Puerto Rico,725.0
3790,Consumer,Powder Springs,GA,EE. UU.,30127.0
2842,Home Office,Chino Hills,CA,EE. UU.,91709.0
7091,Consumer,Taunton,MA,EE. UU.,2780.0
4054,Home Office,Austin,TX,EE. UU.,78753.0
4881,Consumer,Caguas,PR,Puerto Rico,725.0
8521,Consumer,Chicago,IL,EE. UU.,60628.0
171,Consumer,Caguas,PR,Puerto Rico,725.0
162,Corporate,Caguas,PR,Puerto Rico,725.0
2039,Consumer,Brentwood,NY,EE. UU.,11717.0
6014,Home Office,Tucson,AZ,EE. UU.,85706.0
1262,Consumer,Caguas,PR,Puerto Rico,725.0
5035,Consumer,New York,NY,EE. UU.,10032.0
11847,Home Office,Charlotte,NC,EE. UU.,28205.0
4519,Home Office,Caguas,PR,Puerto Rico,725.0
4615,Consumer,Chicago,IL,EE. UU.,60626.0
9273,Home Office,New Orleans,LA,EE. UU.,70117.0
2359,Home Office,Philadelphia,PA,EE. UU.,19131.0
8801,Consumer,Livermore,CA,EE. UU.,94550.0
3332,Consumer,Stockton,CA,EE. UU.,95207.0
7148,Corporate,Caguas,PR,Puerto Rico,725.0
7143,Home Office,Brooklyn,NY,EE. UU.,11233.0
7627,Home Office,York,PA,EE. UU.,17404.0
8012,Home Office,Hayward,CA,EE. UU.,94541.0
498,Home Office,Chicago,IL,EE. UU.,60617.0
9934,Home Office,Bridgeton,NJ,EE. UU.,8302.0
7046,Home Office,Memphis,TN,EE. UU.,38128.0
520,Consumer,Caguas,PR,Puerto Rico,725.0
10309,Home Office,Elmhurst,NY,EE. UU.,11373.0
3397,Corporate,Caguas,PR,Puerto Rico,725.0
11925,Corporate,Tinley Park,IL,EE. UU.,60477.0
5161,Consumer,Mission Viejo,CA,EE. UU.,92691.0
2147,Home Office,Salina,KS,EE. UU.,67401.0
3794,Home Office,Manchester,CT,EE. UU.,6040.0
10189,Corporate,Mililani,HI,EE. UU.,96789.0
10486,Consumer,Chicago,IL,EE. UU.,60613.0
5682,Home Office,Redmond,WA,EE. UU.,98052.0
2781,Corporate,Caguas,PR,Puerto Rico,725.0
10593,Corporate,Caguas,PR,Puerto Rico,725.0
6671,Corporate,Caguas,PR,Puerto Rico,725.0
3712,Consumer,Caguas,PR,Puerto Rico,725.0
3716,Consumer,San Jose,CA,EE. UU.,95111.0
5836,Consumer,New York,NY,EE. UU.,10128.0
10493,Home Office,Chicago,IL,EE. UU.,60613.0
11520,Corporate,Caguas,PR,Puerto Rico,725.0
5655,Home Office,Los Angeles,CA,EE. UU.,90027.0
2835,Corporate,Caguas,PR,Puerto Rico,725.0
6015,Home Office,Escondido,CA,EE. UU.,92026.0
3006,Corporate,Caguas,PR,Puerto Rico,725.0
4043,Home Office,San Bernardino,CA,EE. UU.,92407.0
8904,Consumer,Caguas,PR,Puerto Rico,725.0
1010,Consumer,Walnut,CA,EE. UU.,91789.0
11085,Home Office,Albuquerque,NM,EE. UU.,87112.0
7447,Consumer,San Jose,CA,EE. UU.,95112.0
8669,Consumer,Astoria,NY,EE. UU.,11103.0
11495,Consumer,Chicago,IL,EE. UU.,60613.0
7875,Corporate,Lenoir,NC,EE. UU.,28645.0
6974,Home Office,Chicago,IL,EE. UU.,60613.0
4133,Consumer,Los Angeles,CA,EE. UU.,90003.0
3443,Consumer,West Lafayette,IN,EE. UU.,47906.0
9441,Corporate,Colorado Springs,CO,EE. UU.,80918.0
2306,Corporate,Caguas,PR,Puerto Rico,725.0
11749,Consumer,Troy,NY,EE. UU.,12180.0
8780,Home Office,Caguas,PR,Puerto Rico,725.0
4739,Home Office,Bayamon,PR,Puerto Rico,957.0
4827,Consumer,Caguas,PR,Puerto Rico,725.0
2925,Home Office,Houston,TX,EE. UU.,77083.0
9617,Consumer,Los Angeles,CA,EE. UU.,90034.0
2213,Consumer,Chapel Hill,NC,EE. UU.,27514.0
2347,Consumer,Caguas,PR,Puerto Rico,725.0
761,Consumer,Sunnyvale,CA,EE. UU.,94087.0
7128,Consumer,Gardena,CA,EE. UU.,90247.0
1389,Corporate,Modesto,CA,EE. UU.,95351.0
8564,Home Office,Irving,TX,EE. UU.,75061.0
459,Home Office,Sanford,NC,EE. UU.,27330.0
4882,Consumer,Detroit,MI,EE. UU.,48227.0
8973,Consumer,Caguas,PR,Puerto Rico,725.0
8326,Home Office,Oregon City,OR,EE. UU.,97045.0
11538,Home Office,Carolina,PR,Puerto Rico,983.0
1363,Home Office,Washington,DC,EE. UU.,20020.0
8373,Home Office,Lompoc,CA,EE. UU.,93436.0
7224,Home Office,New York,NY,EE. UU.,10002.0
10853,Home Office,Las Vegas,NV,EE. UU.,89110.0
6036,Consumer,Stafford,VA,EE. UU.,22554.0
6656,Corporate,Caguas,PR,Puerto Rico,725.0
10627,Home Office,Union City,NJ,EE. UU.,7087.0
5298,Consumer,New York,NY,EE. UU.,10040.0
3139,Consumer,New York,NY,EE. UU.,10016.0
2646,Home Office,El Cajon,CA,EE. UU.,92021.0
9050,Home Office,Cleveland,OH,EE. UU.,44109.0
9725,Consumer,O Fallon,MO,EE. UU.,63366.0
11349,Consumer,Caguas,PR,Puerto Rico,725.0
4456,Consumer,Miami,FL,EE. UU.,33162.0
12271,Consumer,Ontario,CA,EE. UU.,91761.0
1236,Home Office,Chapel Hill,NC,EE. UU.,27514.0
1372,Home Office,Virginia Beach,VA,EE. UU.,23464.0
9877,Home Office,Fresno,CA,EE. UU.,93722.0
1008,Home Office,Sacramento,CA,EE. UU.,95828.0
9949,Home Office,El Paso,TX,EE. UU.,79927.0
6120,Home Office,Yonkers,NY,EE. UU.,10701.0
249,Consumer,Portland,OR,EE. UU.,97206.0
3545,Home Office,Rochester,NY,EE. UU.,14609.0
6152,Consumer,Caguas,PR,Puerto Rico,725.0
7210,Consumer,New York,NY,EE. UU.,10029.0
11374,Consumer,Houston,TX,EE. UU.,77036.0
11096,Home Office,Lockport,IL,EE. UU.,60441.0
6134,Home Office,Brooklyn,NY,EE. UU.,11226.0
4952,Consumer,Long Beach,CA,EE. UU.,90804.0
6752,Consumer,Caguas,PR,Puerto Rico,725.0
55,Home Office,Phoenix,AZ,EE. UU.,85029.0
3839,Consumer,Mechanicsburg,PA,EE. UU.,17055.0
2268,Home Office,Marietta,GA,EE. UU.,30067.0
8292,Consumer,La Mirada,CA,EE. UU.,90638.0
11080,Consumer,Santa Ana,CA,EE. UU.,92701.0
4396,Consumer,Bronx,NY,EE. UU.,10458.0
3781,Home Office,Hamtramck,MI,EE. UU.,48212.0
813,Corporate,San Francisco,CA,EE. UU.,94122.0
2453,Corporate,Caguas,PR,Puerto Rico,725.0
4110,Home Office,Hyattsville,MD,EE. UU.,20783.0
9762,Consumer,San Diego,CA,EE. UU.,92126.0
4417,Home Office,Rochester,NY,EE. UU.,14609.0
10565,Consumer,Jacksonville,FL,EE. UU.,32210.0
2517,Consumer,Cumberland,MD,EE. UU.,21502.0
8365,Consumer,Caguas,PR,Puerto Rico,725.0
7922,Home Office,Norfolk,VA,EE. UU.,23503.0
2394,Consumer,Rego Park,NY,EE. UU.,11374.0
13806,Consumer,Highland Park,MI,EE. UU.,48203.0
11128,Consumer,Miami,FL,EE. UU.,33157.0
14896,Consumer,San Pablo,CA,EE. UU.,94806.0
996,Consumer,Austin,TX,EE. UU.,78753.0
5970,Consumer,Manchester,CT,EE. UU.,6040.0
14823,Consumer,Cypress,CA,EE. UU.,90630.0
14894,Consumer,Honolulu,HI,EE. UU.,96817.0
2274,Consumer,South El Monte,CA,EE. UU.,91733.0
7952,Consumer,Eugene,OR,EE. UU.,97402.0
3856,Consumer,Laredo,TX,EE. UU.,78040.0
13731,Consumer,Winnetka,CA,EE. UU.,91306.0
2523,Consumer,Buffalo,NY,EE. UU.,14221.0
10984,Consumer,Florissant,MO,EE. UU.,63031.0
6252,Consumer,Carrollton,TX,EE. UU.,75006.0
13836,Consumer,Pompano Beach,FL,EE. UU.,33068.0
4150,Consumer,Madera,CA,EE. UU.,93638.0
5347,Consumer,Woodbridge,VA,EE. UU.,22193.0
10297,Consumer,Henderson,NV,EE. UU.,89014.0
12023,Consumer,New York,NY,EE. UU.,10011.0
13905,Consumer,Los Angeles,CA,EE. UU.,90003.0
14850,Consumer,Mesa,AZ,EE. UU.,85201.0
2029,Consumer,San Diego,CA,EE. UU.,92104.0
13615,Consumer,Broken Arrow,OK,EE. UU.,74012.0
9178,Consumer,New Orleans,LA,EE. UU.,70119.0
13903,Consumer,Phoenix,AZ,EE. UU.,85035.0
814,Consumer,Chicago,IL,EE. UU.,60621.0
12036,Consumer,Saint Charles,MO,EE. UU.,63301.0
7973,Consumer,Bronx,NY,EE. UU.,10467.0
13902,Consumer,Lenoir,NC,EE. UU.,28645.0
13866,Consumer,Philadelphia,PA,EE. UU.,19145.0
11901,Consumer,Saint Louis,MO,EE. UU.,63116.0
7037,Consumer,New York,NY,EE. UU.,10011.0
1598,Consumer,Rego Park,NY,EE. UU.,11374.0
7419,Consumer,Las Vegas,NV,EE. UU.,89117.0
14720,Consumer,Philadelphia,PA,EE. UU.,19140.0
6836,Consumer,Albuquerque,NM,EE. UU.,87112.0
5658,Consumer,Harlingen,TX,EE. UU.,78550.0
14737,Consumer,Spring Valley,CA,EE. UU.,91977.0
10069,Consumer,Albuquerque,NM,EE. UU.,87111.0
893,Consumer,Ogden,UT,EE. UU.,84404.0
13574,Consumer,Mount Pleasant,MI,EE. UU.,48858.0
2305,Consumer,Temecula,CA,EE. UU.,92592.0
4390,Consumer,Marietta,GA,EE. UU.,30062.0
8328,Consumer,Crown Point,IN,EE. UU.,46307.0
1770,Consumer,Philadelphia,PA,EE. UU.,19140.0
12360,Consumer,Chicago,IL,EE. UU.,60645.0
6031,Consumer,Portland,OR,EE. UU.,97206.0
2815,Consumer,Lakewood,NJ,EE. UU.,8701.0
3336,Consumer,Brooklyn,NY,EE. UU.,11209.0
332,Consumer,Placentia,CA,EE. UU.,92870.0
566,Consumer,Dayton,OH,EE. UU.,45424.0
11646,Consumer,Phoenix,AZ,EE. UU.,85022.0
2684,Consumer,Fort Lauderdale,FL,EE. UU.,33313.0
10299,Consumer,Mechanicsburg,PA,EE. UU.,17055.0
5604,Consumer,Highland Park,MI,EE. UU.,48203.0
4020,Consumer,New York,NY,EE. UU.,10021.0
10523,Consumer,Chicago,IL,EE. UU.,60634.0
373,Consumer,Union City,NJ,EE. UU.,7087.0
999,Consumer,Saint Paul,MN,EE. UU.,55124.0
3135,Consumer,Houston,TX,EE. UU.,77093.0
570,Consumer,Buffalo,NY,EE. UU.,14215.0
3523,Consumer,Fort Lauderdale,FL,EE. UU.,33311.0
8863,Consumer,Washington,DC,EE. UU.,20019.0
1862,Consumer,Los Angeles,CA,EE. UU.,90023.0
11803,Consumer,Salina,KS,EE. UU.,67401.0
8236,Consumer,Tucson,AZ,EE. UU.,85746.0
3178,Consumer,Middletown,OH,EE. UU.,45044.0
10838,Consumer,Elmhurst,NY,EE. UU.,11373.0
7819,Consumer,Santa Ana,CA,EE. UU.,92704.0
9463,Consumer,Cleveland,OH,EE. UU.,44120.0
4475,Consumer,Glendale,AZ,EE. UU.,85308.0
4035,Consumer,Dallas,TX,EE. UU.,75240.0
6831,Consumer,Modesto,CA,EE. UU.,95350.0
4753,Consumer,Saint Louis,MO,EE. UU.,63129.0
5031,Consumer,San Antonio,TX,EE. UU.,78201.0
3452,Consumer,Hialeah,FL,EE. UU.,33016.0
12703,Consumer,Columbus,OH,EE. UU.,43229.0
12522,Consumer,Fort Worth,TX,EE. UU.,76106.0
12662,Consumer,Oxnard,CA,EE. UU.,93030.0
12496,Consumer,Webster,NY,EE. UU.,14580.0
12564,Consumer,Augusta,GA,EE. UU.,30906.0
12436,Consumer,Brownsville,TX,EE. UU.,78521.0
12453,Consumer,Taylor,MI,EE. UU.,48180.0
14998,Consumer,Apex,NC,EE. UU.,27502.0
12832,Consumer,Richmond,TX,EE. UU.,77469.0
12882,Consumer,Mission Viejo,CA,EE. UU.,92691.0
12828,Consumer,Doylestown,PA,EE. UU.,18901.0
15082,Consumer,El Cajon,CA,EE. UU.,92021.0
14956,Consumer,Woonsocket,RI,EE. UU.,2895.0
15114,Consumer,Simi Valley,CA,EE. UU.,93063.0
12910,Consumer,Philadelphia,PA,EE. UU.,19139.0
15130,Consumer,Philadelphia,PA,EE. UU.,19144.0
14966,Consumer,Peabody,MA,EE. UU.,1960.0
15109,Consumer,Granite City,IL,EE. UU.,62040.0
7251,Consumer,Los Angeles,CA,EE. UU.,90026.0
10448,Consumer,Dallas,TX,EE. UU.,75227.0
6771,Consumer,Tucson,AZ,EE. UU.,85713.0
3110,Consumer,Irwin,PA,EE. UU.,15642.0
9225,Consumer,San Diego,CA,EE. UU.,92104.0
12177,Consumer,Bronx,NY,EE. UU.,10456.0
1667,Consumer,Phoenix,AZ,EE. UU.,85035.0
18,Consumer,Martinez,CA,EE. UU.,94553.0
4022,Consumer,Garland,TX,EE. UU.,75040.0
1530,Consumer,West Chester,PA,EE. UU.,19382.0
7912,Consumer,Bend,OR,EE. UU.,97701.0
7120,Consumer,South Richmond Hill,NY,EE. UU.,11419.0
737,Consumer,Pomona,CA,EE. UU.,91767.0
8446,Consumer,Baltimore,MD,EE. UU.,21224.0
7619,Consumer,Silver Spring,MD,EE. UU.,20904.0
2425,Consumer,Los Angeles,CA,EE. UU.,90002.0
5472,Consumer,Brighton,MA,EE. UU.,2135.0
3786,Consumer,Irving,TX,EE. UU.,75061.0
2367,Consumer,Columbus,OH,EE. UU.,43207.0
8866,Consumer,Chambersburg,PA,EE. UU.,17201.0
5739,Consumer,East Lansing,MI,EE. UU.,48823.0
5608,Consumer,New York,NY,EE. UU.,10031.0
8870,Consumer,Fort Lauderdale,FL,EE. UU.,33311.0
9323,Consumer,Tallahassee,FL,EE. UU.,32308.0
6177,Consumer,Detroit,MI,EE. UU.,48238.0
7019,Consumer,Bellflower,CA,EE. UU.,90706.0
4018,Consumer,Bismarck,ND,EE. UU.,58501.0
3763,Consumer,Warren,MI,EE. UU.,48093.0
6361,Consumer,Sugar Land,TX,EE. UU.,77479.0
7678,Consumer,Louisville,KY,EE. UU.,40214.0
9527,Consumer,Napa,CA,EE. UU.,94558.0
11525,Consumer,Brooklyn,NY,EE. UU.,11209.0
1992,Consumer,Virginia Beach,VA,EE. UU.,23462.0
1398,Consumer,Longmont,CO,EE. UU.,80501.0
2673,Consumer,Granite City,IL,EE. UU.,62040.0
9781,Consumer,Los Angeles,CA,EE. UU.,90032.0
5712,Consumer,Chandler,AZ,EE. UU.,85224.0
7919,Consumer,Augusta,GA,EE. UU.,30906.0
4036,Consumer,Granite City,IL,EE. UU.,62040.0
7189,Consumer,Jonesboro,AR,EE. UU.,72401.0
9311,Consumer,Saint Charles,MO,EE. UU.,63301.0
7203,Consumer,Bronx,NY,EE. UU.,10453.0
7043,Consumer,Brooklyn,NY,EE. UU.,11236.0
9834,Consumer,Huntington Park,CA,EE. UU.,90255.0
6057,Consumer,Brooklyn,NY,EE. UU.,11216.0
7073,Consumer,Del Rio,TX,EE. UU.,78840.0
6668,Consumer,Los Angeles,CA,EE. UU.,90019.0
11179,Consumer,Escondido,CA,EE. UU.,92026.0
11605,Consumer,Sylmar,CA,EE. UU.,91342.0
5320,Consumer,Stockton,CA,EE. UU.,95207.0
11890,Consumer,Hesperia,CA,EE. UU.,92345.0
2325,Consumer,Antioch,CA,EE. UU.,94509.0
6066,Consumer,Kenner,LA,EE. UU.,70065.0
5012,Consumer,Brooklyn,NY,EE. UU.,11207.0
11117,Consumer,San Diego,CA,EE. UU.,92104.0
5555,Consumer,Joliet,IL,EE. UU.,60435.0
7815,Consumer,Lithonia,GA,EE. UU.,30058.0
5738,Consumer,Baltimore,MD,EE. UU.,21229.0
1150,Consumer,Clearfield,UT,EE. UU.,84015.0
11599,Consumer,Hickory,NC,EE. UU.,28601.0
10158,Consumer,Albuquerque,NM,EE. UU.,87105.0
18062,Consumer,Jacksonville,NC,EE. UU.,28540.0
18061,Consumer,Brooklyn,NY,EE. UU.,11214.0
18094,Consumer,Hacienda Heights,CA,EE. UU.,91745.0
18200,Consumer,Woodbridge,VA,EE. UU.,22192.0
18235,Consumer,Fort Worth,TX,EE. UU.,76106.0
18174,Consumer,Hialeah,FL,EE. UU.,33016.0
18156,Consumer,Fountain Valley,CA,EE. UU.,92708.0
16431,Consumer,North Las Vegas,NV,EE. UU.,89030.0
16413,Consumer,Detroit,MI,EE. UU.,48224.0
19213,Consumer,Chicago,IL,EE. UU.,60629.0
16571,Consumer,Augusta,GA,EE. UU.,30907.0
19120,Consumer,Brooklyn,NY,EE. UU.,11210.0
19210,Consumer,Brooklyn,NY,EE. UU.,11220.0
16406,Consumer,Washington,DC,EE. UU.,20011.0
16620,Consumer,Conway,AR,EE. UU.,72032.0
16548,Consumer,Elyria,OH,EE. UU.,44035.0
19133,Consumer,Dorchester Center,MA,EE. UU.,2124.0
19132,Consumer,Marrero,LA,EE. UU.,70072.0
16510,Consumer,West Chester,PA,EE. UU.,19382.0
19150,Consumer,Cordova,TN,EE. UU.,38018.0
19078,Consumer,Lockport,IL,EE. UU.,60441.0
19183,Consumer,Sugar Land,TX,EE. UU.,77478.0
16613,Consumer,Chesapeake,VA,EE. UU.,23322.0
19036,Consumer,Clementon,NJ,EE. UU.,8021.0
15682,Consumer,San Jose,CA,EE. UU.,95148.0
18842,Consumer,Hendersonville,TN,EE. UU.,37075.0
15731,Consumer,Los Angeles,CA,EE. UU.,90024.0
15785,Consumer,San Diego,CA,EE. UU.,92117.0
15712,Consumer,Lancaster,PA,EE. UU.,17602.0
15710,Consumer,Des Plaines,IL,EE. UU.,60016.0
15709,Consumer,Sunnyvale,CA,EE. UU.,94086.0
18762,Consumer,Norcross,GA,EE. UU.,30093.0
15903,Consumer,Pacoima,CA,EE. UU.,91331.0
5686,Consumer,Rochester,NY,EE. UU.,14609.0
1043,Consumer,Florissant,MO,EE. UU.,63031.0
7928,Consumer,Irving,TX,EE. UU.,75061.0
3714,Consumer,Los Angeles,CA,EE. UU.,90066.0
11864,Consumer,Panorama City,CA,EE. UU.,91402.0
4125,Consumer,Meridian,ID,EE. UU.,83642.0
17273,Consumer,Redmond,WA,EE. UU.,98052.0
5124,Consumer,Los Angeles,CA,EE. UU.,90024.0
7044,Consumer,Detroit,MI,EE. UU.,48221.0
45,Consumer,Denver,CO,EE. UU.,80231.0
17942,Consumer,Simi Valley,CA,EE. UU.,93063.0
17271,Consumer,Bolingbrook,IL,EE. UU.,60440.0
16091,Consumer,Mount Prospect,IL,EE. UU.,60056.0
16073,Consumer,Bronx,NY,EE. UU.,10460.0
2267,Consumer,Glendale,AZ,EE. UU.,85308.0
3812,Consumer,Hendersonville,TN,EE. UU.,37075.0
18476,Consumer,Corona,CA,EE. UU.,92879.0
18404,Consumer,Chicago,IL,EE. UU.,60610.0
17992,Consumer,Jackson Heights,NY,EE. UU.,11372.0
18350,Consumer,Pompano Beach,FL,EE. UU.,33068.0
20639,Consumer,Richardson,TX,EE. UU.,75080.0
18874,Consumer,Hampton,VA,EE. UU.,23666.0
17304,Consumer,South El Monte,CA,EE. UU.,91733.0
17448,Consumer,Enfield,CT,EE. UU.,6082.0
17466,Consumer,Albuquerque,NM,EE. UU.,87120.0
9480,Consumer,Sacramento,CA,EE. UU.,95822.0
20440,Consumer,Los Angeles,CA,EE. UU.,90042.0
18294,Consumer,New York,NY,EE. UU.,10011.0
17990,Consumer,Manchester,CT,EE. UU.,6040.0
15961,Consumer,Cleveland,OH,EE. UU.,44105.0
18008,Consumer,Bakersfield,CA,EE. UU.,93304.0
3234,Consumer,El Paso,TX,EE. UU.,79907.0
8540,Consumer,Kent,WA,EE. UU.,98031.0
17641,Consumer,South Richmond Hill,NY,EE. UU.,11419.0
20383,Consumer,Crystal Lake,IL,EE. UU.,60014.0
18291,Consumer,Vacaville,CA,EE. UU.,95687.0
17353,Consumer,Webster,NY,EE. UU.,14580.0
18273,Consumer,Hamilton,OH,EE. UU.,45011.0
17915,Consumer,New York,NY,EE. UU.,10002.0
18525,Consumer,Winter Park,FL,EE. UU.,32792.0
1898,Consumer,Virginia Beach,VA,EE. UU.,23452.0
7837,Consumer,Eugene,OR,EE. UU.,97405.0
1901,Consumer,Chicago,IL,EE. UU.,60625.0
18343,Consumer,Ballwin,MO,EE. UU.,63021.0
18361,Consumer,Fountain Valley,CA,EE. UU.,92708.0
12074,Consumer,Conway,AR,EE. UU.,72032.0
20452,Consumer,Holland,MI,EE. UU.,49423.0
20631,Consumer,Richmond,KY,EE. UU.,40475.0
4938,Consumer,Jersey City,NJ,EE. UU.,7306.0
5798,Consumer,Albuquerque,NM,EE. UU.,87120.0
28,Consumer,Longview,WA,EE. UU.,98632.0
18485,Consumer,Tucson,AZ,EE. UU.,85713.0
4660,Consumer,New York,NY,EE. UU.,10003.0
2487,Consumer,Las Cruces,NM,EE. UU.,88005.0
17276,Consumer,Ontario,CA,EE. UU.,91764.0
20593,Consumer,Los Angeles,CA,EE. UU.,90047.0
17455,Consumer,Los Angeles,CA,EE. UU.,90002.0
483,Consumer,Granada Hills,CA,EE. UU.,91344.0
1656,Consumer,Virginia Beach,VA,EE. UU.,23455.0
5984,Consumer,Dallas,TX,EE. UU.,75216.0
10429,Consumer,Miami,FL,EE. UU.,33162.0
5987,Consumer,Houston,TX,EE. UU.,77015.0
18647,Consumer,Jackson,MI,EE. UU.,49201.0
15574,Consumer,Houston,TX,EE. UU.,77036.0
15626,Consumer,Sandusky,OH,EE. UU.,44870.0
18715,Consumer,Apex,NC,EE. UU.,27502.0
15319,Consumer,Sheboygan,WI,EE. UU.,53081.0
18729,Consumer,La Habra,CA,EE. UU.,90631.0
15439,Consumer,Sheboygan,WI,EE. UU.,53081.0
18727,Consumer,Ypsilanti,MI,EE. UU.,48197.0
15635,Consumer,New York,NY,EE. UU.,10031.0
18725,Consumer,Portland,OR,EE. UU.,97223.0
15328,Consumer,San Antonio,TX,EE. UU.,78228.0
15633,Consumer,Los Angeles,CA,EE. UU.,90047.0
6326,Consumer,Cleveland,OH,EE. UU.,44118.0
26,Consumer,Glenview,IL,EE. UU.,60025.0
10176,Consumer,Oregon City,OR,EE. UU.,97045.0
9964,Consumer,Frankfort,KY,EE. UU.,40601.0
4081,Consumer,Dallas,TX,EE. UU.,75228.0
6701,Consumer,Endicott,NY,EE. UU.,13760.0
11481,Consumer,Bend,OR,EE. UU.,97701.0
2874,Consumer,Los Angeles,CA,EE. UU.,90037.0
10712,Consumer,Brooklyn,NY,EE. UU.,11230.0
17556,Consumer,Seattle,WA,EE. UU.,98115.0
17591,Consumer,Jersey City,NJ,EE. UU.,7307.0
20369,Consumer,Stockbridge,GA,EE. UU.,30281.0
20099,Consumer,Hyattsville,MD,EE. UU.,20783.0
20351,Consumer,Pompano Beach,FL,EE. UU.,33065.0
19936,Consumer,Las Vegas,NV,EE. UU.,89119.0
18557,Consumer,Hesperia,CA,EE. UU.,92345.0
20260,Consumer,Phoenix,AZ,EE. UU.,85022.0
19972,Consumer,Round Rock,TX,EE. UU.,78664.0
15140,Consumer,Fontana,CA,EE. UU.,92335.0
18964,Consumer,Algonquin,IL,EE. UU.,60102.0
16312,Consumer,Normal,IL,EE. UU.,61761.0
20366,Consumer,Chicago,IL,EE. UU.,60621.0
17098,Consumer,Atlanta,GA,EE. UU.,30331.0
19826,Consumer,San Antonio,TX,EE. UU.,78240.0
16329,Consumer,Los Angeles,CA,EE. UU.,90047.0
19808,Consumer,Chicago,IL,EE. UU.,60625.0
20275,Consumer,Richmond,VA,EE. UU.,23223.0
18944,Consumer,Manchester,CT,EE. UU.,6040.0
18589,Consumer,North Las Vegas,NV,EE. UU.,89030.0
18925,Consumer,Brooklyn,NY,EE. UU.,11208.0
17240,Consumer,Saint Charles,MO,EE. UU.,63301.0
19877,Consumer,Washington,DC,EE. UU.,20019.0
15153,Consumer,Spring Valley,NY,EE. UU.,10977.0
15152,Consumer,Milpitas,CA,EE. UU.,95035.0
20144,Consumer,Detroit,MI,EE. UU.,48235.0
20288,Consumer,Longview,WA,EE. UU.,98632.0
20269,Consumer,Albuquerque,NM,EE. UU.,87111.0
18548,Consumer,Clovis,CA,EE. UU.,93611.0
16160,Consumer,Douglasville,GA,EE. UU.,30135.0
17791,Consumer,Taylor,MI,EE. UU.,48180.0
18618,Consumer,La Mesa,CA,EE. UU.,91941.0
16248,Consumer,Hendersonville,TN,EE. UU.,37075.0
18544,Consumer,Danbury,CT,EE. UU.,6810.0
15182,Consumer,Dearborn,MI,EE. UU.,48126.0
19851,Consumer,Troy,MI,EE. UU.,48098.0
18987,Consumer,Cumberland,MD,EE. UU.,21502.0
18597,Consumer,Honolulu,HI,EE. UU.,96822.0
20012,Consumer,Milford,CT,EE. UU.,6460.0
19004,Consumer,Seattle,WA,EE. UU.,98115.0
15180,Consumer,Algonquin,IL,EE. UU.,60102.0
19867,Consumer,Modesto,CA,EE. UU.,95350.0
20370,Consumer,San Diego,CA,EE. UU.,92104.0
9282,Consumer,Fremont,CA,EE. UU.,94539.0
10770,Consumer,La Crosse,WI,EE. UU.,54601.0
4894,Consumer,Enfield,CT,EE. UU.,6082.0
10849,Consumer,Mission Viejo,CA,EE. UU.,92691.0
11272,Consumer,Opelousas,LA,EE. UU.,70570.0
8848,Consumer,Katy,TX,EE. UU.,77450.0
4252,Consumer,Middletown,OH,EE. UU.,45044.0
10198,Consumer,Hamilton,OH,EE. UU.,45011.0
881,Consumer,Memphis,TN,EE. UU.,38118.0
1427,Consumer,Weslaco,TX,EE. UU.,78596.0
7969,Consumer,Duluth,GA,EE. UU.,30096.0
807,Consumer,Elk Grove,CA,EE. UU.,95758.0
766,Consumer,Austin,TX,EE. UU.,78745.0
9379,Consumer,Daly City,CA,EE. UU.,94014.0
6739,Consumer,Lake Forest,CA,EE. UU.,92630.0
12281,Consumer,Louisville,KY,EE. UU.,40214.0
1036,Consumer,Miami,FL,EE. UU.,33155.0
4145,Consumer,West Orange,NJ,EE. UU.,7052.0
2001,Consumer,Wichita,KS,EE. UU.,67212.0
2997,Consumer,West New York,NJ,EE. UU.,7093.0
7040,Consumer,Pompano Beach,FL,EE. UU.,33063.0
8408,Consumer,Columbus,OH,EE. UU.,43229.0
1612,Consumer,Kailua,HI,EE. UU.,96734.0
11692,Consumer,Dayton,OH,EE. UU.,45424.0
392,Consumer,Doylestown,PA,EE. UU.,18901.0
8240,Consumer,New Castle,DE,EE. UU.,19720.0
5932,Consumer,Sun Valley,CA,EE. UU.,91352.0
8505,Consumer,Buena Park,CA,EE. UU.,90620.0
10281,Consumer,East Brunswick,NJ,EE. UU.,8816.0
3034,Consumer,Peoria,AZ,EE. UU.,85345.0
8476,Consumer,Los Angeles,CA,EE. UU.,90057.0
4034,Consumer,Fontana,CA,EE. UU.,92336.0
7297,Consumer,Carmichael,CA,EE. UU.,95608.0
2007,Consumer,Warren,MI,EE. UU.,48093.0
5986,Consumer,Dallas,TX,EE. UU.,75231.0
10326,Consumer,Grand Prairie,TX,EE. UU.,75052.0
3054,Consumer,Compton,CA,EE. UU.,90220.0
8406,Consumer,El Centro,CA,EE. UU.,92243.0
8429,Consumer,Cleveland,OH,EE. UU.,44118.0
12243,Consumer,Brooklyn,NY,EE. UU.,11201.0
5711,Consumer,Chambersburg,PA,EE. UU.,17201.0
6919,Consumer,San Pablo,CA,EE. UU.,94806.0
1446,Consumer,Memphis,TN,EE. UU.,38118.0
209,Consumer,Fort Worth,TX,EE. UU.,76133.0
1096,Consumer,Newark,DE,EE. UU.,19711.0
5483,Consumer,Murfreesboro,TN,EE. UU.,37130.0
7057,Consumer,Carson,CA,EE. UU.,90745.0
7903,Consumer,Fullerton,CA,EE. UU.,92833.0
7946,Consumer,San Marcos,CA,EE. UU.,92069.0
12424,Consumer,San Diego,CA,EE. UU.,92111.0
166,Consumer,Florissant,MO,EE. UU.,63031.0
11437,Consumer,Dallas,TX,EE. UU.,75240.0
320,Consumer,Chicago,IL,EE. UU.,60617.0
428,Consumer,Spring Valley,CA,EE. UU.,91977.0
5102,Consumer,Fort Lauderdale,FL,EE. UU.,33311.0
1743,Consumer,New Orleans,LA,EE. UU.,70119.0
2253,Consumer,Memphis,TN,EE. UU.,38127.0
1467,Consumer,Phoenix,AZ,EE. UU.,85035.0
2047,Consumer,Tracy,CA,EE. UU.,95376.0
4921,Consumer,Hialeah,FL,EE. UU.,33012.0
5837,Consumer,New York,NY,EE. UU.,10027.0
6367,Consumer,South Richmond Hill,NY,EE. UU.,11419.0
5883,Consumer,Fayetteville,NC,EE. UU.,28314.0
1545,Consumer,Fontana,CA,EE. UU.,92335.0
805,Consumer,Ypsilanti,MI,EE. UU.,48197.0
5760,Consumer,Pompano Beach,FL,EE. UU.,33068.0
902,Consumer,Dearborn,MI,EE. UU.,48126.0
12108,Consumer,Hilliard,OH,EE. UU.,43026.0
7102,Consumer,Staten Island,NY,EE. UU.,10314.0
6978,Consumer,Los Angeles,CA,EE. UU.,90044.0
10741,Consumer,Saint Louis,MO,EE. UU.,63123.0
4963,Consumer,Brownsville,TX,EE. UU.,78521.0
5014,Consumer,Highland Park,MI,EE. UU.,48203.0
7722,Consumer,Miami,FL,EE. UU.,33142.0
8633,Consumer,Greenville,NC,EE. UU.,27834.0
9113,Consumer,Salem,OR,EE. UU.,97303.0
3610,Consumer,Stafford,VA,EE. UU.,22554.0
6118,Consumer,San Diego,CA,EE. UU.,92104.0
4332,Consumer,Albany,OR,EE. UU.,97321.0
7152,Consumer,Daly City,CA,EE. UU.,94014.0
6907,Consumer,El Paso,TX,EE. UU.,79912.0
6528,Consumer,Compton,CA,EE. UU.,90220.0
1111,Consumer,York,PA,EE. UU.,17404.0
1666,Consumer,Miami,FL,EE. UU.,33176.0
897,Consumer,Aurora,IL,EE. UU.,60505.0
4566,Consumer,Victorville,CA,EE. UU.,92392.0
10791,Consumer,Burnsville,MN,EE. UU.,55337.0
1578,Consumer,Fort Lauderdale,FL,EE. UU.,33313.0
2875,Consumer,Danbury,CT,EE. UU.,6810.0
5736,Consumer,Los Angeles,CA,EE. UU.,90065.0
7617,Consumer,New York,NY,EE. UU.,10128.0
299,Consumer,Troy,MI,EE. UU.,48098.0
12200,Consumer,San Diego,CA,EE. UU.,92105.0
4837,Consumer,Louisville,KY,EE. UU.,40214.0
3895,Consumer,Brooklyn,NY,EE. UU.,11208.0
3333,Consumer,East Lansing,MI,EE. UU.,48823.0
5379,Consumer,Virginia Beach,VA,EE. UU.,23455.0
4239,Consumer,Houston,TX,EE. UU.,77083.0
529,Consumer,Chicago,IL,EE. UU.,60630.0
6563,Consumer,Katy,TX,EE. UU.,77450.0
5022,Consumer,San Jose,CA,EE. UU.,95116.0
4192,Consumer,New York,NY,EE. UU.,10024.0
1749,Consumer,Cincinnati,OH,EE. UU.,45238.0
1272,Consumer,Bolingbrook,IL,EE. UU.,60440.0
4508,Consumer,Austin,TX,EE. UU.,78704.0
3481,Consumer,Wyoming,MI,EE. UU.,49509.0
7584,Consumer,Elgin,IL,EE. UU.,60120.0
6713,Consumer,San Diego,CA,EE. UU.,92129.0
4738,Consumer,Chicago,IL,EE. UU.,60630.0
4776,Consumer,Chapel Hill,NC,EE. UU.,27514.0
2847,Consumer,Tonawanda,NY,EE. UU.,14150.0
2722,Consumer,Newark,DE,EE. UU.,19702.0
9653,Consumer,New York,NY,EE. UU.,10029.0
2266,Consumer,Chino,CA,EE. UU.,91710.0
13328,Consumer,Mesquite,TX,EE. UU.,75149.0
13345,Consumer,Kent,WA,EE. UU.,98031.0
13362,Consumer,Wilkes Barre,PA,EE. UU.,18702.0
14483,Consumer,Tracy,CA,EE. UU.,95376.0
14271,Consumer,Buffalo,NY,EE. UU.,14221.0
14500,Consumer,Dallas,TX,EE. UU.,75216.0
12982,Consumer,Clearfield,UT,EE. UU.,84015.0
14269,Consumer,Virginia Beach,VA,EE. UU.,23455.0
14179,Consumer,New Orleans,LA,EE. UU.,70119.0
13177,Consumer,Brooklyn,NY,EE. UU.,11211.0
14141,Consumer,Orlando,FL,EE. UU.,32825.0
14068,Consumer,Citrus Heights,CA,EE. UU.,95610.0
13319,Consumer,Santa Clara,CA,EE. UU.,95051.0
14264,Consumer,Saint Paul,MN,EE. UU.,55112.0
14209,Consumer,Canton,MI,EE. UU.,48187.0
13532,Consumer,Newark,DE,EE. UU.,19711.0
13369,Consumer,Bridgeton,NJ,EE. UU.,8302.0
13135,Consumer,Houston,TX,EE. UU.,77036.0
13314,Consumer,West Covina,CA,EE. UU.,91790.0
13511,Consumer,Washington,DC,EE. UU.,20009.0
13097,Consumer,Detroit,MI,EE. UU.,48235.0
13510,Consumer,San Pedro,CA,EE. UU.,90731.0
14577,Consumer,CA,95758,EE. UU.,-1.0
14469,Consumer,Union City,NJ,EE. UU.,7087.0
4386,Consumer,Brooklyn,NY,EE. UU.,11212.0
2691,Consumer,La Crosse,WI,EE. UU.,54601.0
7910,Consumer,Cordova,TN,EE. UU.,38018.0
9596,Consumer,Escondido,CA,EE. UU.,92025.0
6865,Consumer,Moline,IL,EE. UU.,61265.0
7094,Consumer,Newark,NJ,EE. UU.,7104.0
12032,Consumer,Spring Valley,CA,EE. UU.,91977.0
14751,Consumer,Weslaco,TX,EE. UU.,78596.0
9917,Consumer,Miami,FL,EE. UU.,33175.0
6456,Consumer,Las Vegas,NV,EE. UU.,89119.0
11814,Consumer,Phoenix,AZ,EE. UU.,85040.0
11172,Consumer,Greensboro,NC,EE. UU.,27406.0
8395,Consumer,Brooklyn,NY,EE. UU.,11233.0
12792,Consumer,Catonsville,MD,EE. UU.,21228.0
14890,Consumer,Santa Clara,CA,EE. UU.,95051.0
3154,Consumer,Chicago,IL,EE. UU.,60643.0
13600,Consumer,Elyria,OH,EE. UU.,44035.0
2870,Consumer,El Paso,TX,EE. UU.,79936.0
2301,Consumer,Spring Valley,CA,EE. UU.,91977.0
11661,Consumer,Moline,IL,EE. UU.,61265.0
9584,Consumer,Bronx,NY,EE. UU.,10473.0
9205,Consumer,Hilliard,OH,EE. UU.,43026.0
1690,Consumer,Bolingbrook,IL,EE. UU.,60440.0
1632,Consumer,Citrus Heights,CA,EE. UU.,95610.0
6650,Consumer,Orlando,FL,EE. UU.,32825.0
14885,Consumer,Elgin,IL,EE. UU.,60123.0
14722,Consumer,Baltimore,MD,EE. UU.,21218.0
2272,Consumer,Goose Creek,SC,EE. UU.,29445.0
8286,Consumer,San Bernardino,CA,EE. UU.,92404.0
13739,Consumer,Dallas,TX,EE. UU.,75231.0
14919,Consumer,Brooklyn,NY,EE. UU.,11224.0
13756,Consumer,Los Angeles,CA,EE. UU.,90011.0
816,Consumer,Miami,FL,EE. UU.,33157.0
12213,Consumer,Algonquin,IL,EE. UU.,60102.0
5330,Consumer,Atlanta,GA,EE. UU.,30349.0
13954,Consumer,Baltimore,MD,EE. UU.,21229.0
14918,Consumer,Riverside,CA,EE. UU.,92503.0
6103,Consumer,Phoenix,AZ,EE. UU.,85035.0
13737,Consumer,Cerritos,CA,EE. UU.,90703.0
10945,Consumer,Woodbridge,VA,EE. UU.,22192.0
14755,Consumer,Jackson,MI,EE. UU.,49201.0
11200,Consumer,Saint Peters,MO,EE. UU.,63376.0
11108,Consumer,Plainfield,IL,EE. UU.,60544.0
8909,Consumer,Los Angeles,CA,EE. UU.,90007.0
4289,Consumer,New York,NY,EE. UU.,10040.0
8345,Consumer,Lynn,MA,EE. UU.,1902.0
7191,Consumer,Berwyn,IL,EE. UU.,60402.0
5239,Consumer,San Diego,CA,EE. UU.,92105.0
11691,Consumer,Toms River,NJ,EE. UU.,8753.0
10383,Consumer,Greeley,CO,EE. UU.,80631.0
4451,Consumer,Salinas,CA,EE. UU.,93905.0
2714,Consumer,Gilroy,CA,EE. UU.,95020.0
3475,Consumer,Augusta,GA,EE. UU.,30907.0
2212,Consumer,Des Plaines,IL,EE. UU.,60016.0
10645,Consumer,Brooklyn,NY,EE. UU.,11204.0
7284,Consumer,Greeley,CO,EE. UU.,80631.0
1246,Consumer,Everett,WA,EE. UU.,98208.0
3042,Consumer,Orange Park,FL,EE. UU.,32073.0
12722,Consumer,Santa Cruz,CA,EE. UU.,95060.0
12698,Consumer,Chicago,IL,EE. UU.,60621.0
12642,Consumer,Pompano Beach,FL,EE. UU.,33068.0
12696,Consumer,North Hollywood,CA,EE. UU.,91605.0
12461,Consumer,Peoria,AZ,EE. UU.,85345.0
12688,Consumer,Richardson,TX,EE. UU.,75080.0
12957,Consumer,Portland,OR,EE. UU.,97206.0
12955,Consumer,Ogden,UT,EE. UU.,84404.0
12932,Consumer,Revere,MA,EE. UU.,2151.0
15023,Consumer,Bensalem,PA,EE. UU.,19020.0
15036,Consumer,Hayward,CA,EE. UU.,94544.0
12959,Consumer,Mission Viejo,CA,EE. UU.,92692.0
13507,Consumer,Chicago,IL,EE. UU.,60623.0
14502,Consumer,Brooklyn,NY,EE. UU.,11229.0
13128,Consumer,Phoenix,AZ,EE. UU.,85029.0
13120,Consumer,Highland Park,MI,EE. UU.,48203.0
14154,Consumer,Buffalo,NY,EE. UU.,14221.0
13278,Consumer,New Haven,CT,EE. UU.,6511.0
7406,Consumer,Atlanta,GA,EE. UU.,30331.0
9286,Consumer,Chapel Hill,NC,EE. UU.,27514.0
6161,Consumer,Burnsville,MN,EE. UU.,55337.0
4864,Consumer,Fresno,CA,EE. UU.,93722.0
6886,Consumer,Lawrence,MA,EE. UU.,1841.0
5248,Consumer,Far Rockaway,NY,EE. UU.,11691.0
11825,Consumer,Las Vegas,NV,EE. UU.,89117.0
583,Consumer,San Marcos,TX,EE. UU.,78666.0
1973,Consumer,Kent,WA,EE. UU.,98031.0
7736,Consumer,Brooklyn,NY,EE. UU.,11219.0
11315,Consumer,College Station,TX,EE. UU.,77840.0
12344,Consumer,Aurora,CO,EE. UU.,80013.0
2338,Consumer,Lindenhurst,NY,EE. UU.,11757.0
2901,Consumer,Tonawanda,NY,EE. UU.,14150.0
5254,Consumer,Beloit,WI,EE. UU.,53511.0
6848,Consumer,Phoenix,AZ,EE. UU.,85032.0
1828,Consumer,Saint Paul,MN,EE. UU.,55112.0
763,Consumer,Chicago,IL,EE. UU.,60638.0
7606,Consumer,San Antonio,TX,EE. UU.,78227.0
10955,Consumer,Wichita,KS,EE. UU.,67212.0
2010,Consumer,San Antonio,TX,EE. UU.,78240.0
5664,Consumer,South Gate,CA,EE. UU.,90280.0
3600,Consumer,Moreno Valley,CA,EE. UU.,92557.0
14231,Consumer,Washington,DC,EE. UU.,20020.0
9095,Consumer,Chicago,IL,EE. UU.,60619.0
13997,Consumer,Lewisville,TX,EE. UU.,75067.0
2182,Consumer,Elk Grove,CA,EE. UU.,95758.0
14347,Consumer,Fayetteville,NC,EE. UU.,28314.0
13365,Consumer,Pompano Beach,FL,EE. UU.,33063.0
14593,Consumer,Tustin,CA,EE. UU.,92780.0
14646,Consumer,Saint Charles,MO,EE. UU.,63301.0
14556,Consumer,Brooklyn,NY,EE. UU.,11214.0
14664,Consumer,Aurora,CO,EE. UU.,80015.0
13092,Consumer,Pomona,CA,EE. UU.,91767.0
14573,Consumer,Moreno Valley,CA,EE. UU.,92553.0
14163,Consumer,Jamaica,NY,EE. UU.,11434.0
14288,Consumer,Rome,NY,EE. UU.,13440.0
14323,Consumer,Mount Prospect,IL,EE. UU.,60056.0
14642,Consumer,Lancaster,CA,EE. UU.,93536.0
13122,Consumer,North Hollywood,CA,EE. UU.,91605.0
13193,Consumer,Tempe,AZ,EE. UU.,85283.0
13481,Consumer,Huntington Station,NY,EE. UU.,11746.0
14422,Consumer,Phoenix,AZ,EE. UU.,85022.0
13192,Consumer,Peabody,MA,EE. UU.,1960.0
13479,Consumer,Florissant,MO,EE. UU.,63031.0
14507,Consumer,Los Angeles,CA,EE. UU.,90018.0
14350,Consumer,Moline,IL,EE. UU.,61265.0
13062,Consumer,Dallas,TX,EE. UU.,75228.0
14349,Consumer,Daly City,CA,EE. UU.,94015.0
14470,Consumer,Fort Lauderdale,FL,EE. UU.,33313.0
13204,Consumer,Indio,CA,EE. UU.,92201.0
72,Consumer,Vista,CA,EE. UU.,92084.0
2130,Consumer,Austin,TX,EE. UU.,78745.0
7990,Consumer,Bakersfield,CA,EE. UU.,93304.0
14914,Consumer,Las Vegas,NV,EE. UU.,89103.0
2921,Consumer,Chicago,IL,EE. UU.,60624.0
726,Consumer,Mililani,HI,EE. UU.,96789.0
377,Consumer,Lancaster,CA,EE. UU.,93535.0
13822,Consumer,Beaverton,OR,EE. UU.,97006.0
6654,Consumer,Irving,TX,EE. UU.,75060.0
14803,Consumer,Columbus,OH,EE. UU.,43207.0
8685,Consumer,Santa Ana,CA,EE. UU.,92701.0
14036,Consumer,El Cajon,CA,EE. UU.,92020.0
13550,Consumer,El Paso,TX,EE. UU.,79924.0
2655,Consumer,Lancaster,CA,EE. UU.,93536.0
6830,Consumer,Lakewood,OH,EE. UU.,44107.0
9293,Consumer,Broken Arrow,OK,EE. UU.,74012.0
1506,Consumer,Hagerstown,MD,EE. UU.,21740.0
3317,Consumer,Los Angeles,CA,EE. UU.,90027.0
133,Consumer,Brooklyn,NY,EE. UU.,11219.0
13816,Consumer,Huntington Beach,CA,EE. UU.,92647.0
14726,Consumer,Endicott,NY,EE. UU.,13760.0
11885,Consumer,San Antonio,TX,EE. UU.,78250.0
12331,Consumer,Wheeling,WV,EE. UU.,26003.0
3394,Consumer,Chicago,IL,EE. UU.,60615.0
13886,Consumer,Saint Paul,MN,EE. UU.,55106.0
14904,Consumer,Enfield,CT,EE. UU.,6082.0
14813,Consumer,Carlisle,PA,EE. UU.,17013.0
13885,Consumer,Lawrenceville,GA,EE. UU.,30044.0
3256,Consumer,Newark,DE,EE. UU.,19711.0
13596,Consumer,Los Angeles,CA,EE. UU.,90023.0
13991,Consumer,Staten Island,NY,EE. UU.,10314.0
6598,Consumer,Zanesville,OH,EE. UU.,43701.0
13664,Consumer,Sunnyvale,CA,EE. UU.,94086.0
12401,Consumer,Los Angeles,CA,EE. UU.,90033.0
6485,Consumer,Pompano Beach,FL,EE. UU.,33063.0
6218,Consumer,Middletown,CT,EE. UU.,6457.0
4067,Consumer,Massillon,OH,EE. UU.,44646.0
11590,Consumer,Azusa,CA,EE. UU.,91702.0
2999,Consumer,Glendale,AZ,EE. UU.,85301.0
2568,Consumer,Memphis,TN,EE. UU.,38127.0
9014,Consumer,Cypress,CA,EE. UU.,90630.0
10611,Consumer,Taunton,MA,EE. UU.,2780.0
12611,Consumer,Los Angeles,CA,EE. UU.,90042.0
12437,Consumer,Brownsville,TX,EE. UU.,78521.0
12597,Consumer,Hialeah,FL,EE. UU.,33010.0
12900,Consumer,Morrisville,PA,EE. UU.,19067.0
15029,Consumer,Piscataway,NJ,EE. UU.,8854.0
15025,Consumer,Wayne,NJ,EE. UU.,7470.0
12837,Consumer,Aurora,CO,EE. UU.,80012.0
12854,Consumer,Gardena,CA,EE. UU.,90247.0
12905,Consumer,South San Francisco,CA,EE. UU.,94080.0
11047,Consumer,Chicago,IL,EE. UU.,60624.0
4424,Consumer,Newark,DE,EE. UU.,19702.0
11089,Consumer,San Pablo,CA,EE. UU.,94806.0
2797,Consumer,Denver,CO,EE. UU.,80219.0
7199,Consumer,Miami,FL,EE. UU.,33162.0
8855,Consumer,Poway,CA,EE. UU.,92064.0
11758,Consumer,Bensalem,PA,EE. UU.,19020.0
11568,Consumer,Quincy,IL,EE. UU.,62301.0
11853,Consumer,Columbus,GA,EE. UU.,31907.0
4890,Consumer,Chicago,IL,EE. UU.,60651.0
6287,Consumer,Columbus,OH,EE. UU.,43229.0
4066,Consumer,Bronx,NY,EE. UU.,10473.0
1237,Consumer,Houston,TX,EE. UU.,77080.0
7201,Consumer,Opa Locka,FL,EE. UU.,33055.0
1162,Consumer,Winnetka,CA,EE. UU.,91306.0
10419,Consumer,Beaverton,OR,EE. UU.,97006.0
4558,Consumer,San Francisco,CA,EE. UU.,94122.0
8121,Consumer,Portland,OR,EE. UU.,97229.0
11360,Consumer,Washington,DC,EE. UU.,20019.0
423,Consumer,Huntington Beach,CA,EE. UU.,92646.0
2375,Consumer,Bronx,NY,EE. UU.,10467.0
3181,Consumer,Del Rio,TX,EE. UU.,78840.0
8732,Consumer,Marietta,GA,EE. UU.,30067.0
8933,Consumer,Dallas,TX,EE. UU.,75211.0
12297,Consumer,Lenoir,NC,EE. UU.,28645.0
4505,Consumer,San Diego,CA,EE. UU.,92105.0
7505,Consumer,Indianapolis,IN,EE. UU.,46226.0
560,Consumer,Richmond,VA,EE. UU.,23223.0
9284,Consumer,Tempe,AZ,EE. UU.,85282.0
8278,Consumer,Staten Island,NY,EE. UU.,10314.0
5355,Consumer,Charlotte,NC,EE. UU.,28205.0
7135,Consumer,Woodbridge,VA,EE. UU.,22193.0
6135,Consumer,Grove City,OH,EE. UU.,43123.0
4060,Consumer,Greenville,NC,EE. UU.,27858.0
4928,Consumer,Moreno Valley,CA,EE. UU.,92557.0
735,Consumer,Saint Peters,MO,EE. UU.,63376.0
9990,Consumer,Lancaster,CA,EE. UU.,93536.0
4334,Consumer,Lenoir,NC,EE. UU.,28645.0
1593,Consumer,Wilkes Barre,PA,EE. UU.,18702.0
10657,Consumer,Anaheim,CA,EE. UU.,92802.0
4162,Consumer,Brooklyn,NY,EE. UU.,11237.0
9866,Consumer,Los Angeles,CA,EE. UU.,90034.0
6443,Consumer,Tempe,AZ,EE. UU.,85281.0
10468,Consumer,Chicago,IL,EE. UU.,60609.0
8169,Consumer,Bell Gardens,CA,EE. UU.,90201.0
6291,Consumer,Las Vegas,NV,EE. UU.,89101.0
41,Consumer,Brooklyn,NY,EE. UU.,11230.0
11145,Consumer,Simi Valley,CA,EE. UU.,93063.0
17082,Consumer,Loveland,OH,EE. UU.,45140.0
16323,Consumer,Garland,TX,EE. UU.,75040.0
19940,Consumer,Los Angeles,CA,EE. UU.,90046.0
17893,Consumer,Crown Point,IN,EE. UU.,46307.0
18168,Consumer,Houston,TX,EE. UU.,77036.0
18069,Consumer,Sunnyvale,CA,EE. UU.,94087.0
18248,Consumer,Staten Island,NY,EE. UU.,10306.0
19143,Consumer,Cary,NC,EE. UU.,27511.0
19215,Consumer,Saint Paul,MN,EE. UU.,55112.0
16410,Consumer,Seattle,WA,EE. UU.,98115.0
19189,Consumer,Laredo,TX,EE. UU.,78040.0
16440,Consumer,Pacoima,CA,EE. UU.,91331.0
16546,Consumer,Hyattsville,MD,EE. UU.,20783.0
16600,Consumer,Panorama City,CA,EE. UU.,91402.0
16456,Consumer,New York,NY,EE. UU.,10021.0
16526,Consumer,Brooklyn,NY,EE. UU.,11210.0
19217,Consumer,Augusta,GA,EE. UU.,30907.0
15760,Consumer,Aurora,CO,EE. UU.,80012.0
15740,Consumer,Chicago,IL,EE. UU.,60630.0
9456,Consumer,South Richmond Hill,NY,EE. UU.,11419.0
18409,Consumer,Union City,NJ,EE. UU.,7087.0
8554,Consumer,Tempe,AZ,EE. UU.,85281.0
17399,Consumer,Findlay,OH,EE. UU.,45840.0
5107,Consumer,Corona,CA,EE. UU.,92879.0
18480,Consumer,Diamond Bar,CA,EE. UU.,91765.0
18281,Consumer,Los Angeles,CA,EE. UU.,90033.0
18424,Consumer,Chicago,IL,EE. UU.,60615.0
3676,Consumer,Fargo,ND,EE. UU.,58103.0
1947,Consumer,Conway,AR,EE. UU.,72032.0
1796,Consumer,Baltimore,MD,EE. UU.,21224.0
20709,Consumer,Hilliard,OH,EE. UU.,43026.0
407,Consumer,Atlanta,GA,EE. UU.,30331.0
17337,Consumer,Atlanta,GA,EE. UU.,30331.0
17444,Consumer,Mesa,AZ,EE. UU.,85201.0
59,Consumer,Sunnyvale,CA,EE. UU.,94086.0
6150,Consumer,Lompoc,CA,EE. UU.,93436.0
1388,Consumer,Virginia Beach,VA,EE. UU.,23464.0
4609,Consumer,Los Angeles,CA,EE. UU.,90003.0
20469,Consumer,Palatine,IL,EE. UU.,60067.0
17912,Consumer,Amarillo,TX,EE. UU.,79109.0
7569,Consumer,San Jose,CA,EE. UU.,95127.0
20539,Consumer,Albuquerque,NM,EE. UU.,87111.0
18303,Consumer,Sunnyvale,CA,EE. UU.,94086.0
17633,Consumer,Costa Mesa,CA,EE. UU.,92626.0
17669,Consumer,Los Angeles,CA,EE. UU.,90007.0
10978,Consumer,Burnsville,MN,EE. UU.,55337.0
18696,Consumer,Princeton,NJ,EE. UU.,8540.0
15293,Consumer,Saint Peters,MO,EE. UU.,63376.0
18703,Consumer,Bell Gardens,CA,EE. UU.,90201.0
11246,Consumer,Howell,MI,EE. UU.,48843.0
11618,Consumer,Houston,TX,EE. UU.,77072.0
7208,Consumer,Middletown,CT,EE. UU.,6457.0
4123,Consumer,Princeton,NJ,EE. UU.,8540.0
10702,Consumer,Upland,CA,EE. UU.,91786.0
17541,Consumer,Apex,NC,EE. UU.,27502.0
17582,Consumer,Mount Prospect,IL,EE. UU.,60056.0
17856,Consumer,San Ramon,CA,EE. UU.,94583.0
20277,Consumer,San Bernardino,CA,EE. UU.,92404.0
19899,Consumer,Dallas,TX,EE. UU.,75287.0
18627,Consumer,Miami,FL,EE. UU.,33162.0
19862,Consumer,York,PA,EE. UU.,17404.0
15283,Consumer,Tonawanda,NY,EE. UU.,14150.0
19987,Consumer,Chicago,IL,EE. UU.,60628.0
16129,Consumer,Compton,CA,EE. UU.,90220.0
20054,Consumer,South Richmond Hill,NY,EE. UU.,11419.0
18938,Consumer,Lakewood,NJ,EE. UU.,8701.0
16268,Consumer,Aurora,IL,EE. UU.,60506.0
20305,Consumer,New York,NY,EE. UU.,10033.0
19798,Consumer,Oak Lawn,IL,EE. UU.,60453.0
20320,Consumer,Indio,CA,EE. UU.,92201.0
17788,Consumer,Phoenix,AZ,EE. UU.,85009.0
19958,Consumer,Asheboro,NC,EE. UU.,27203.0
11935,Consumer,Watsonville,CA,EE. UU.,95076.0
1597,Consumer,Norcross,GA,EE. UU.,30093.0
652,Consumer,Alpharetta,GA,EE. UU.,30022.0
782,Consumer,Dallas,TX,EE. UU.,75240.0
7098,Consumer,Chicago,IL,EE. UU.,60632.0
10404,Consumer,Pico Rivera,CA,EE. UU.,90660.0
8170,Consumer,Henderson,NV,EE. UU.,89014.0
8775,Consumer,New Orleans,LA,EE. UU.,70122.0
7425,Consumer,Pompano Beach,FL,EE. UU.,33068.0
11809,Consumer,Jersey City,NJ,EE. UU.,7307.0
4030,Consumer,Aurora,CO,EE. UU.,80012.0
1072,Consumer,New Orleans,LA,EE. UU.,70122.0
1472,Consumer,Brooklyn,NY,EE. UU.,11201.0
4719,Consumer,Hollywood,FL,EE. UU.,33023.0
3448,Consumer,Chicago,IL,EE. UU.,60634.0
3126,Consumer,Fountain Valley,CA,EE. UU.,92708.0
4048,Consumer,Lockport,IL,EE. UU.,60441.0
12261,Consumer,Sheboygan,WI,EE. UU.,53081.0
7653,Consumer,Chicago,IL,EE. UU.,60617.0
1424,Consumer,Mesa,AZ,EE. UU.,85204.0
8937,Consumer,Aurora,CO,EE. UU.,80011.0
2956,Consumer,Brooklyn,NY,EE. UU.,11235.0
3400,Consumer,Moreno Valley,CA,EE. UU.,92557.0
10744,Consumer,Palatine,IL,EE. UU.,60067.0
7252,Consumer,Freehold,NJ,EE. UU.,7728.0
1397,Consumer,Las Vegas,NV,EE. UU.,89110.0
3479,Consumer,Brooklyn,NY,EE. UU.,11215.0
6624,Consumer,Raleigh,NC,EE. UU.,27610.0
9664,Consumer,Brooklyn,NY,EE. UU.,11201.0
9965,Consumer,Los Angeles,CA,EE. UU.,90007.0
7690,Consumer,Los Angeles,CA,EE. UU.,90018.0
4295,Consumer,New York,NY,EE. UU.,10029.0
3350,Consumer,Loveland,OH,EE. UU.,45140.0
4096,Consumer,Brooklyn,NY,EE. UU.,11213.0
11194,Consumer,Aurora,CO,EE. UU.,80012.0
9780,Consumer,Chicago,IL,EE. UU.,60660.0
10395,Consumer,Troy,NY,EE. UU.,12180.0
854,Consumer,Del Rio,TX,EE. UU.,78840.0
878,Consumer,West Covina,CA,EE. UU.,91790.0
6254,Consumer,Tonawanda,NY,EE. UU.,14150.0
4384,Consumer,Denver,CO,EE. UU.,80219.0
7381,Consumer,Rio Rancho,NM,EE. UU.,87124.0
1669,Consumer,New York,NY,EE. UU.,10009.0
728,Consumer,Philadelphia,PA,EE. UU.,19104.0
1965,Consumer,Joliet,IL,EE. UU.,60435.0
3251,Consumer,Los Angeles,CA,EE. UU.,90033.0
10059,Consumer,Orange Park,FL,EE. UU.,32073.0
759,Consumer,Lawton,OK,EE. UU.,73505.0
8923,Consumer,Opelousas,LA,EE. UU.,70570.0
7170,Consumer,San Diego,CA,EE. UU.,92115.0
6653,Consumer,Hagerstown,MD,EE. UU.,21740.0
4254,Consumer,South Richmond Hill,NY,EE. UU.,11419.0
7836,Consumer,College Station,TX,EE. UU.,77840.0
131,Consumer,Methuen,MA,EE. UU.,1844.0
9766,Consumer,Elyria,OH,EE. UU.,44035.0
5230,Consumer,Santa Ana,CA,EE. UU.,92704.0
10639,Consumer,San Francisco,CA,EE. UU.,94110.0
5966,Consumer,Fullerton,CA,EE. UU.,92833.0
10846,Consumer,Canoga Park,CA,EE. UU.,91304.0
4954,Consumer,Houston,TX,EE. UU.,77072.0
7677,Consumer,Chicago,IL,EE. UU.,60634.0
4858,Consumer,Del Rio,TX,EE. UU.,78840.0
6575,Consumer,Pompano Beach,FL,EE. UU.,33068.0
9477,Consumer,Vista,CA,EE. UU.,92084.0
11494,Consumer,Joliet,IL,EE. UU.,60435.0
9007,Consumer,Chicago,IL,EE. UU.,60621.0
381,Consumer,Fairfield,OH,EE. UU.,45014.0
12229,Consumer,Chicago,IL,EE. UU.,60614.0
9369,Consumer,Chicago,IL,EE. UU.,60617.0
7971,Consumer,Annandale,VA,EE. UU.,22003.0
6867,Consumer,Cicero,IL,EE. UU.,60804.0
184,Consumer,Lindenhurst,NY,EE. UU.,11757.0
7798,Consumer,New York,NY,EE. UU.,10033.0
1305,Consumer,Columbia,SC,EE. UU.,29223.0
14169,Consumer,Pharr,TX,EE. UU.,78577.0
5253,Consumer,Chandler,AZ,EE. UU.,85225.0
6447,Consumer,Crystal Lake,IL,EE. UU.,60014.0
4014,Consumer,Dallas,TX,EE. UU.,75217.0
2899,Consumer,Honolulu,HI,EE. UU.,96822.0
13975,Consumer,Saint Louis,MO,EE. UU.,63129.0
13593,Consumer,Hilliard,OH,EE. UU.,43026.0
3937,Consumer,Santa Ana,CA,EE. UU.,92707.0
12446,Consumer,Stafford,VA,EE. UU.,22554.0
12831,Consumer,Revere,MA,EE. UU.,2151.0
12843,Consumer,Atlanta,GA,EE. UU.,30331.0
14149,Consumer,Frankfort,KY,EE. UU.,40601.0
14167,Consumer,Spring,TX,EE. UU.,77379.0
14414,Consumer,Los Angeles,CA,EE. UU.,90033.0
13184,Consumer,Del Rio,TX,EE. UU.,78840.0
13111,Consumer,Greensboro,NC,EE. UU.,27410.0
13309,Consumer,Bay Shore,NY,EE. UU.,11706.0
13488,Consumer,Lakewood,NJ,EE. UU.,8701.0
14465,Consumer,San Diego,CA,EE. UU.,92104.0
14411,Consumer,Smyrna,GA,EE. UU.,30080.0
14681,Consumer,Las Vegas,NV,EE. UU.,89101.0
13451,Consumer,Glenview,IL,EE. UU.,60025.0
14361,Consumer,Moreno Valley,CA,EE. UU.,92553.0
13523,Consumer,Richardson,TX,EE. UU.,75080.0
13450,Consumer,Jamaica,NY,EE. UU.,11435.0
14517,Consumer,Rio Rancho,NM,EE. UU.,87124.0
13234,Consumer,Chandler,AZ,EE. UU.,85225.0
13396,Consumer,New Bedford,MA,EE. UU.,2740.0
13323,Consumer,Reseda,CA,EE. UU.,91335.0
14341,Consumer,Chicago,IL,EE. UU.,60651.0
13485,Consumer,Washington,DC,EE. UU.,20009.0
13359,Consumer,Norfolk,VA,EE. UU.,23503.0
14125,Consumer,Troy,NY,EE. UU.,12180.0
14233,Consumer,Memphis,TN,EE. UU.,38118.0
14462,Consumer,Colorado Springs,CO,EE. UU.,80906.0
13304,Consumer,Irvington,NJ,EE. UU.,7111.0
13178,Consumer,Santa Maria,CA,EE. UU.,93458.0
14677,Consumer,Bolingbrook,IL,EE. UU.,60440.0
13519,Consumer,Dorchester Center,MA,EE. UU.,2124.0
13411,Consumer,Saginaw,MI,EE. UU.,48601.0
14675,Consumer,Silver Spring,MD,EE. UU.,20904.0
13410,Consumer,Fresno,CA,EE. UU.,93727.0
13032,Consumer,Pompano Beach,FL,EE. UU.,33065.0
14320,Consumer,Pacoima,CA,EE. UU.,91331.0
13085,Consumer,Stockton,CA,EE. UU.,95206.0
14157,Consumer,Ventura,CA,EE. UU.,93003.0
14530,Consumer,Portland,OR,EE. UU.,97223.0
14229,Consumer,Glenview,IL,EE. UU.,60025.0
14228,Consumer,Jersey City,NJ,EE. UU.,7305.0
14371,Consumer,Alpharetta,GA,EE. UU.,30022.0
13514,Consumer,Los Angeles,CA,EE. UU.,90044.0
14334,Consumer,Virginia Beach,VA,EE. UU.,23452.0
14118,Consumer,Woodside,NY,EE. UU.,11377.0
14437,Consumer,Wichita,KS,EE. UU.,67212.0
14599,Consumer,Irving,TX,EE. UU.,75061.0
13225,Consumer,San Diego,CA,EE. UU.,92115.0
14616,Consumer,Stockbridge,GA,EE. UU.,30281.0
14062,Consumer,Garden Grove,CA,EE. UU.,92840.0
14453,Consumer,Perth Amboy,NJ,EE. UU.,8861.0
13116,Consumer,Strongsville,OH,EE. UU.,44136.0
13079,Consumer,New Orleans,LA,EE. UU.,70117.0
13312,Consumer,Aurora,CO,EE. UU.,80012.0
4127,Consumer,Tempe,AZ,EE. UU.,85282.0
3773,Consumer,Tempe,AZ,EE. UU.,85283.0
5676,Consumer,Chicago,IL,EE. UU.,60643.0
10816,Consumer,Dallas,TX,EE. UU.,75216.0
1165,Consumer,Houston,TX,EE. UU.,77084.0
11844,Consumer,Hollywood,FL,EE. UU.,33025.0
11937,Consumer,Aurora,CO,EE. UU.,80010.0
1052,Consumer,Lakewood,NJ,EE. UU.,8701.0
6589,Consumer,Bensalem,PA,EE. UU.,19020.0
5945,Consumer,Morganton,NC,EE. UU.,28655.0
5291,Consumer,Brooklyn,NY,EE. UU.,11201.0
13951,Consumer,Massapequa,NY,EE. UU.,11758.0
5866,Consumer,Modesto,CA,EE. UU.,95350.0
8868,Consumer,Philadelphia,PA,EE. UU.,19134.0
1559,Consumer,Aurora,CO,EE. UU.,80015.0
13968,Consumer,Fresno,CA,EE. UU.,93720.0
3203,Consumer,Rego Park,NY,EE. UU.,11374.0
6605,Consumer,Philadelphia,PA,EE. UU.,19120.0
11201,Consumer,Indio,CA,EE. UU.,92201.0
13877,Consumer,Houston,TX,EE. UU.,77055.0
10352,Consumer,Miami,FL,EE. UU.,33142.0
4919,Consumer,Opa Locka,FL,EE. UU.,33055.0
982,Consumer,New Albany,IN,EE. UU.,47150.0
5398,Consumer,Jersey City,NJ,EE. UU.,7307.0
13659,Consumer,Bronx,NY,EE. UU.,10469.0
12794,Consumer,San Antonio,TX,EE. UU.,78227.0
915,Consumer,Broken Arrow,OK,EE. UU.,74012.0
2290,Consumer,Endicott,NY,EE. UU.,13760.0
14892,Consumer,York,PA,EE. UU.,17402.0
14856,Consumer,Weslaco,TX,EE. UU.,78596.0
314,Consumer,Milwaukee,WI,EE. UU.,53215.0
13586,Consumer,Clearfield,UT,EE. UU.,84015.0
13729,Consumer,Methuen,MA,EE. UU.,1844.0
13837,Consumer,Lawton,OK,EE. UU.,73505.0
13657,Consumer,Aurora,CO,EE. UU.,80011.0
14837,Consumer,Union City,CA,EE. UU.,94587.0
4371,Consumer,Saint Charles,MO,EE. UU.,63301.0
13783,Consumer,Hayward,CA,EE. UU.,94544.0
9033,Consumer,Marrero,LA,EE. UU.,70072.0
12387,Consumer,Irwin,PA,EE. UU.,15642.0
5272,Consumer,Las Vegas,NV,EE. UU.,89117.0
5646,Consumer,Jamaica,NY,EE. UU.,11435.0
13746,Consumer,Indianapolis,IN,EE. UU.,46227.0
6793,Consumer,Plano,TX,EE. UU.,75023.0
13691,Consumer,New York,NY,EE. UU.,10032.0
14051,Consumer,Martinez,CA,EE. UU.,94553.0
13781,Consumer,Mentor,OH,EE. UU.,44060.0
10301,Consumer,Edinburg,TX,EE. UU.,78539.0
14763,Consumer,West Chester,PA,EE. UU.,19380.0
12753,Consumer,Wayne,NJ,EE. UU.,7470.0
751,Consumer,Los Angeles,CA,EE. UU.,90044.0
13672,Consumer,Chapel Hill,NC,EE. UU.,27514.0
2393,Consumer,Hesperia,CA,EE. UU.,92345.0
10390,Consumer,Hialeah,FL,EE. UU.,33012.0
13761,Consumer,New Haven,CT,EE. UU.,6511.0
10376,Consumer,Yuma,AZ,EE. UU.,85364.0
8469,Consumer,Garden Grove,CA,EE. UU.,92843.0
13707,Consumer,Simi Valley,CA,EE. UU.,93065.0
10575,Consumer,Ontario,CA,EE. UU.,91762.0
12805,Consumer,Chicago,IL,EE. UU.,60624.0
3225,Consumer,Ann Arbor,MI,EE. UU.,48103.0
14759,Consumer,Webster,NY,EE. UU.,14580.0
13831,Consumer,Santa Ana,CA,EE. UU.,92705.0
13741,Consumer,Columbia,SC,EE. UU.,29223.0
14758,Consumer,Walnut,CA,EE. UU.,91789.0
14010,Consumer,Miami,FL,EE. UU.,33126.0
13577,Consumer,Howell,MI,EE. UU.,48843.0
10128,Consumer,San Diego,CA,EE. UU.,92154.0
14009,Consumer,Phoenix,AZ,EE. UU.,85009.0
14703,Consumer,Glendale,AZ,EE. UU.,85308.0
4113,Consumer,Cary,NC,EE. UU.,27511.0
12801,Consumer,Garden Grove,CA,EE. UU.,92843.0
2245,Consumer,Las Vegas,NV,EE. UU.,89101.0
11875,Consumer,Princeton,NJ,EE. UU.,8540.0
10237,Consumer,Medina,OH,EE. UU.,44256.0
7855,Consumer,Cicero,IL,EE. UU.,60804.0
12800,Consumer,Tulare,CA,EE. UU.,93274.0
13826,Consumer,Phoenix,AZ,EE. UU.,85029.0
13844,Consumer,Chicago,IL,EE. UU.,60657.0
13628,Consumer,Washington,PA,EE. UU.,15301.0
8495,Consumer,Upland,CA,EE. UU.,91786.0
6904,Consumer,Hamilton,OH,EE. UU.,45013.0
7378,Consumer,Pico Rivera,CA,EE. UU.,90660.0
3035,Consumer,Glenview,IL,EE. UU.,60025.0
9805,Consumer,Walnut,CA,EE. UU.,91789.0
7026,Corporate,Caguas,PR,Puerto Rico,725.0
9673,Corporate,Caguas,PR,Puerto Rico,725.0
2022,Corporate,Caguas,PR,Puerto Rico,725.0
2472,Corporate,Caguas,PR,Puerto Rico,725.0
2612,Corporate,Caguas,PR,Puerto Rico,725.0
10399,Corporate,Caguas,PR,Puerto Rico,725.0
5321,Corporate,Caguas,PR,Puerto Rico,725.0
5212,Corporate,Caguas,PR,Puerto Rico,725.0
12398,Corporate,Caguas,PR,Puerto Rico,725.0
7611,Corporate,Caguas,PR,Puerto Rico,725.0
1910,Corporate,Caguas,PR,Puerto Rico,725.0
5930,Corporate,Caguas,PR,Puerto Rico,725.0
19161,Corporate,Guayama,PR,Puerto Rico,784.0
19241,Corporate,Caguas,PR,Puerto Rico,725.0
5019,Corporate,Caguas,PR,Puerto Rico,725.0
6912,Corporate,Bayamon,PR,Puerto Rico,957.0
4584,Corporate,San Juan,PR,Puerto Rico,921.0
17906,Corporate,Caguas,PR,Puerto Rico,725.0
17673,Corporate,Caguas,PR,Puerto Rico,725.0
11511,Corporate,Caguas,PR,Puerto Rico,725.0
17526,Corporate,Caguas,PR,Puerto Rico,725.0
20332,Corporate,Caguas,PR,Puerto Rico,725.0
17777,Corporate,Caguas,PR,Puerto Rico,725.0
20337,Corporate,Caguas,PR,Puerto Rico,725.0
17030,Corporate,Caguas,PR,Puerto Rico,725.0
19079,Corporate,Caguas,PR,Puerto Rico,725.0
18279,Corporate,Caguas,PR,Puerto Rico,725.0
17449,Corporate,Caguas,PR,Puerto Rico,725.0
17920,Corporate,Caguas,PR,Puerto Rico,725.0
4283,Corporate,Caguas,PR,Puerto Rico,725.0
5690,Corporate,Caguas,PR,Puerto Rico,725.0
11780,Corporate,Caguas,PR,Puerto Rico,725.0
1226,Corporate,Caguas,PR,Puerto Rico,725.0
8893,Corporate,Caguas,PR,Puerto Rico,725.0
10153,Corporate,Caguas,PR,Puerto Rico,725.0
6494,Corporate,Arecibo,PR,Puerto Rico,612.0
7981,Corporate,Caguas,PR,Puerto Rico,725.0
1032,Corporate,Caguas,PR,Puerto Rico,725.0
4480,Corporate,Vega Baja,PR,Puerto Rico,693.0
10900,Corporate,Caguas,PR,Puerto Rico,725.0
8599,Corporate,Caguas,PR,Puerto Rico,725.0
77,Corporate,Caguas,PR,Puerto Rico,725.0
10274,Corporate,Caguas,PR,Puerto Rico,725.0
11607,Corporate,Caguas,PR,Puerto Rico,725.0
1772,Corporate,Caguas,PR,Puerto Rico,725.0
8955,Corporate,Caguas,PR,Puerto Rico,725.0
9612,Corporate,Caguas,PR,Puerto Rico,725.0
1358,Corporate,Caguas,PR,Puerto Rico,725.0
2648,Corporate,Caguas,PR,Puerto Rico,725.0
4450,Corporate,Caguas,PR,Puerto Rico,725.0
13203,Corporate,Caguas,PR,Puerto Rico,725.0
14485,Corporate,Caguas,PR,Puerto Rico,725.0
14180,Corporate,Caguas,PR,Puerto Rico,725.0
14478,Corporate,Caguas,PR,Puerto Rico,725.0
14440,Corporate,Guaynabo,PR,Puerto Rico,969.0
14188,Corporate,Humacao,PR,Puerto Rico,791.0
3286,Corporate,Caguas,PR,Puerto Rico,725.0
3579,Corporate,Caguas,PR,Puerto Rico,725.0
13681,Corporate,Caguas,PR,Puerto Rico,725.0
14004,Corporate,Caguas,PR,Puerto Rico,725.0
3769,Corporate,Caguas,PR,Puerto Rico,725.0
2459,Corporate,Caguas,PR,Puerto Rico,725.0
13679,Corporate,Caguas,PR,Puerto Rico,725.0
3233,Corporate,Caguas,PR,Puerto Rico,725.0
6723,Corporate,Caguas,PR,Puerto Rico,725.0
7898,Corporate,Caguas,PR,Puerto Rico,725.0
13546,Corporate,Caguas,PR,Puerto Rico,725.0
8017,Corporate,Caguas,PR,Puerto Rico,725.0
11256,Corporate,Caguas,PR,Puerto Rico,725.0
3136,Corporate,Caguas,PR,Puerto Rico,725.0
12329,Corporate,Caguas,PR,Puerto Rico,725.0
9346,Corporate,Caguas,PR,Puerto Rico,725.0
14775,Corporate,Caguas,PR,Puerto Rico,725.0
10161,Corporate,Caguas,PR,Puerto Rico,725.0
8335,Corporate,Caguas,PR,Puerto Rico,725.0
4201,Corporate,Caguas,PR,Puerto Rico,725.0
2735,Corporate,Caguas,PR,Puerto Rico,725.0
6341,Corporate,Caguas,PR,Puerto Rico,725.0
4053,Corporate,Caguas,PR,Puerto Rico,725.0
8876,Corporate,Caguas,PR,Puerto Rico,725.0
7932,Corporate,Caguas,PR,Puerto Rico,725.0
5615,Corporate,Caguas,PR,Puerto Rico,725.0
4499,Corporate,Caguas,PR,Puerto Rico,725.0
3176,Corporate,Caguas,PR,Puerto Rico,725.0
94,Corporate,Caguas,PR,Puerto Rico,725.0
8748,Corporate,Caguas,PR,Puerto Rico,725.0
8411,Corporate,Caguas,PR,Puerto Rico,725.0
4089,Corporate,Caguas,PR,Puerto Rico,725.0
5660,Corporate,Caguas,PR,Puerto Rico,725.0
2049,Corporate,Caguas,PR,Puerto Rico,725.0
12668,Corporate,Caguas,PR,Puerto Rico,725.0
12441,Corporate,Caguas,PR,Puerto Rico,725.0
12653,Corporate,Caguas,PR,Puerto Rico,725.0
12598,Corporate,Caguas,PR,Puerto Rico,725.0
15031,Corporate,Caguas,PR,Puerto Rico,725.0
15119,Corporate,Caguas,PR,Puerto Rico,725.0
14420,Corporate,Caguas,PR,Puerto Rico,725.0
190,Corporate,Caguas,PR,Puerto Rico,725.0
11623,Corporate,Yauco,PR,Puerto Rico,698.0
10673,Corporate,Caguas,PR,Puerto Rico,725.0
11829,Corporate,Caguas,PR,Puerto Rico,725.0
7455,Corporate,Caguas,PR,Puerto Rico,725.0
13943,Corporate,Caguas,PR,Puerto Rico,725.0
2650,Corporate,Caguas,PR,Puerto Rico,725.0
3423,Corporate,Caguas,PR,Puerto Rico,725.0
3877,Corporate,Caguas,PR,Puerto Rico,725.0
7049,Corporate,Caguas,PR,Puerto Rico,725.0
3881,Corporate,Caguas,PR,Puerto Rico,725.0
3816,Corporate,Caguas,PR,Puerto Rico,725.0
4118,Corporate,Caguas,PR,Puerto Rico,725.0
6025,Corporate,Caguas,PR,Puerto Rico,725.0
7631,Corporate,Caguas,PR,Puerto Rico,725.0
10360,Corporate,Caguas,PR,Puerto Rico,725.0
9637,Corporate,Caguas,PR,Puerto Rico,725.0
5596,Corporate,Caguas,PR,Puerto Rico,725.0
3354,Corporate,Caguas,PR,Puerto Rico,725.0
6300,Corporate,Caguas,PR,Puerto Rico,725.0
3155,Corporate,Caguas,PR,Puerto Rico,725.0
1123,Corporate,Caguas,PR,Puerto Rico,725.0
4467,Corporate,Caguas,PR,Puerto Rico,725.0
4779,Corporate,Caguas,PR,Puerto Rico,725.0
11581,Corporate,Juana Diaz,PR,Puerto Rico,795.0
4065,Corporate,Caguas,PR,Puerto Rico,725.0
10707,Corporate,Caguas,PR,Puerto Rico,725.0
7870,Corporate,Caguas,PR,Puerto Rico,725.0
2150,Corporate,Caguas,PR,Puerto Rico,725.0
9717,Corporate,Caguas,PR,Puerto Rico,725.0
2479,Corporate,Caguas,PR,Puerto Rico,725.0
3277,Corporate,Caguas,PR,Puerto Rico,725.0
12061,Corporate,Caguas,PR,Puerto Rico,725.0
8403,Corporate,Caguas,PR,Puerto Rico,725.0
7536,Corporate,Caguas,PR,Puerto Rico,725.0
11322,Corporate,Caguas,PR,Puerto Rico,725.0
5618,Corporate,Caguas,PR,Puerto Rico,725.0
4517,Corporate,Caguas,PR,Puerto Rico,725.0
5155,Corporate,Caguas,PR,Puerto Rico,725.0
10768,Corporate,Caguas,PR,Puerto Rico,725.0
11873,Corporate,Caguas,PR,Puerto Rico,725.0
4204,Corporate,Caguas,PR,Puerto Rico,725.0
2747,Corporate,Caguas,PR,Puerto Rico,725.0
9565,Corporate,Caguas,PR,Puerto Rico,725.0
18129,Corporate,Caguas,PR,Puerto Rico,725.0
19156,Corporate,Caguas,PR,Puerto Rico,725.0
19281,Corporate,Caguas,PR,Puerto Rico,725.0
19154,Corporate,Caguas,PR,Puerto Rico,725.0
19151,Corporate,Caguas,PR,Puerto Rico,725.0
19201,Corporate,Caguas,PR,Puerto Rico,725.0
16522,Corporate,Caguas,PR,Puerto Rico,725.0
15781,Corporate,Caguas,PR,Puerto Rico,725.0
15814,Corporate,Caguas,PR,Puerto Rico,725.0
15705,Corporate,Caguas,PR,Puerto Rico,725.0
4603,Corporate,Caguas,PR,Puerto Rico,725.0
3018,Corporate,Caguas,PR,Puerto Rico,725.0
9676,Corporate,Caguas,PR,Puerto Rico,725.0
875,Corporate,Caguas,PR,Puerto Rico,725.0
10826,Corporate,Caguas,PR,Puerto Rico,725.0
1190,Corporate,Caguas,PR,Puerto Rico,725.0
4731,Corporate,Caguas,PR,Puerto Rico,725.0
17646,Corporate,Caguas,PR,Puerto Rico,725.0
7193,Corporate,Caguas,PR,Puerto Rico,725.0
18028,Corporate,Caguas,PR,Puerto Rico,725.0
8062,Corporate,Caguas,PR,Puerto Rico,725.0
17678,Corporate,Caguas,PR,Puerto Rico,725.0
17445,Corporate,Caguas,PR,Puerto Rico,725.0
7449,Corporate,Caguas,PR,Puerto Rico,725.0
8651,Corporate,Caguas,PR,Puerto Rico,725.0
10115,Corporate,Caguas,PR,Puerto Rico,725.0
18523,Corporate,Caguas,PR,Puerto Rico,725.0
20559,Corporate,Caguas,PR,Puerto Rico,725.0
140,Corporate,Caguas,PR,Puerto Rico,725.0
20468,Corporate,Caguas,PR,Puerto Rico,725.0
18431,Corporate,Caguas,PR,Puerto Rico,725.0
8924,Corporate,Caguas,PR,Puerto Rico,725.0
7086,Corporate,Caguas,PR,Puerto Rico,725.0
2222,Corporate,Caguas,PR,Puerto Rico,725.0
12295,Corporate,Caguas,PR,Puerto Rico,725.0
15515,Corporate,Caguas,PR,Puerto Rico,725.0
15533,Corporate,Caguas,PR,Puerto Rico,725.0
15653,Corporate,Caguas,PR,Puerto Rico,725.0
15598,Corporate,Caguas,PR,Puerto Rico,725.0
15434,Corporate,Caguas,PR,Puerto Rico,725.0
8729,Corporate,Caguas,PR,Puerto Rico,725.0
2749,Corporate,Caguas,PR,Puerto Rico,725.0
1563,Corporate,Caguas,PR,Puerto Rico,725.0
4912,Corporate,Caguas,PR,Puerto Rico,725.0
17579,Corporate,Caguas,PR,Puerto Rico,725.0
15195,Corporate,Caguas,PR,Puerto Rico,725.0
20096,Corporate,Caguas,PR,Puerto Rico,725.0
16340,Corporate,Caguas,PR,Puerto Rico,725.0
16106,Corporate,Caguas,PR,Puerto Rico,725.0
20140,Corporate,Caguas,PR,Puerto Rico,725.0
20068,Corporate,Caguas,PR,Puerto Rico,725.0
20301,Corporate,Caguas,PR,Puerto Rico,725.0
17751,Corporate,Caguas,PR,Puerto Rico,725.0
16425,Corporate,Caguas,PR,Puerto Rico,725.0
4466,Corporate,Yauco,PR,Puerto Rico,698.0
10653,Corporate,Caguas,PR,Puerto Rico,725.0
1754,Corporate,Caguas,PR,Puerto Rico,725.0
18420,Corporate,Caguas,PR,Puerto Rico,725.0
10842,Corporate,Caguas,PR,Puerto Rico,725.0
2318,Corporate,Caguas,PR,Puerto Rico,725.0
8682,Corporate,Caguas,PR,Puerto Rico,725.0
17083,Corporate,Caguas,PR,Puerto Rico,725.0
16174,Corporate,Caguas,PR,Puerto Rico,725.0
4447,Corporate,Canovanas,PR,Puerto Rico,729.0
11233,Corporate,Caguas,PR,Puerto Rico,725.0
1188,Corporate,Caguas,PR,Puerto Rico,725.0
5602,Corporate,Caguas,PR,Puerto Rico,725.0
9690,Corporate,Caguas,PR,Puerto Rico,725.0
6895,Corporate,Caguas,PR,Puerto Rico,725.0
6092,Corporate,Caguas,PR,Puerto Rico,725.0
1912,Corporate,Caguas,PR,Puerto Rico,725.0
11485,Corporate,Caguas,PR,Puerto Rico,725.0
7480,Corporate,Trujillo Alto,PR,Puerto Rico,976.0
10574,Corporate,Caguas,PR,Puerto Rico,725.0
6505,Corporate,Caguas,PR,Puerto Rico,725.0
9306,Corporate,Caguas,PR,Puerto Rico,725.0
3640,Corporate,Caguas,PR,Puerto Rico,725.0
9758,Corporate,Caguas,PR,Puerto Rico,725.0
8263,Corporate,Caguas,PR,Puerto Rico,725.0
7196,Corporate,Caguas,PR,Puerto Rico,725.0
5475,Corporate,Caguas,PR,Puerto Rico,725.0
43,Corporate,Caguas,PR,Puerto Rico,725.0
4737,Corporate,Caguas,PR,Puerto Rico,725.0
4082,Corporate,Caguas,PR,Puerto Rico,725.0
495,Corporate,Caguas,PR,Puerto Rico,725.0
8149,Corporate,Caguas,PR,Puerto Rico,725.0
8394,Corporate,Caguas,PR,Puerto Rico,725.0
8146,Corporate,Caguas,PR,Puerto Rico,725.0
5510,Corporate,Caguas,PR,Puerto Rico,725.0
9288,Corporate,Caguas,PR,Puerto Rico,725.0
5967,Corporate,Caguas,PR,Puerto Rico,725.0
1737,Corporate,Caguas,PR,Puerto Rico,725.0
1323,Corporate,Caguas,PR,Puerto Rico,725.0
11701,Corporate,Caguas,PR,Puerto Rico,725.0
9931,Corporate,Caguas,PR,Puerto Rico,725.0
3819,Corporate,Caguas,PR,Puerto Rico,725.0
10613,Corporate,Caguas,PR,Puerto Rico,725.0
6228,Corporate,Caguas,PR,Puerto Rico,725.0
7962,Corporate,Caguas,PR,Puerto Rico,725.0
6179,Corporate,Caguas,PR,Puerto Rico,725.0
2510,Corporate,Caguas,PR,Puerto Rico,725.0
7880,Corporate,Caguas,PR,Puerto Rico,725.0
10292,Corporate,Caguas,PR,Puerto Rico,725.0
6240,Corporate,Caguas,PR,Puerto Rico,725.0
4410,Corporate,Caguas,PR,Puerto Rico,725.0
4317,Corporate,Caguas,PR,Puerto Rico,725.0
11857,Corporate,Caguas,PR,Puerto Rico,725.0
4024,Corporate,Caguas,PR,Puerto Rico,725.0
7851,Corporate,Caguas,PR,Puerto Rico,725.0
9938,Corporate,Caguas,PR,Puerto Rico,725.0
3059,Corporate,Caguas,PR,Puerto Rico,725.0
11045,Corporate,Caguas,PR,Puerto Rico,725.0
1609,Corporate,Caguas,PR,Puerto Rico,725.0
7813,Corporate,Caguas,PR,Puerto Rico,725.0
4682,Corporate,Caguas,PR,Puerto Rico,725.0
989,Corporate,Caguas,PR,Puerto Rico,725.0
9374,Corporate,Caguas,PR,Puerto Rico,725.0
4816,Corporate,Caguas,PR,Puerto Rico,725.0
9722,Corporate,Caguas,PR,Puerto Rico,725.0
1163,Corporate,Caguas,PR,Puerto Rico,725.0
774,Corporate,Caguas,PR,Puerto Rico,725.0
2664,Corporate,Caguas,PR,Puerto Rico,725.0
4871,Corporate,Caguas,PR,Puerto Rico,725.0
3667,Corporate,Caguas,PR,Puerto Rico,725.0
13526,Corporate,Caguas,PR,Puerto Rico,725.0
13040,Corporate,Caguas,PR,Puerto Rico,725.0
14091,Corporate,Caguas,PR,Puerto Rico,725.0
14680,Corporate,Caguas,PR,Puerto Rico,725.0
13414,Corporate,Caguas,PR,Puerto Rico,725.0
13198,Corporate,Caguas,PR,Puerto Rico,725.0
14607,Corporate,Caguas,PR,Puerto Rico,725.0
13089,Corporate,Caguas,PR,Puerto Rico,725.0
14089,Corporate,Caguas,PR,Puerto Rico,725.0
14251,Corporate,Caguas,PR,Puerto Rico,725.0
13412,Corporate,Caguas,PR,Puerto Rico,725.0
14214,Corporate,Caguas,PR,Puerto Rico,725.0
14461,Corporate,Caguas,PR,Puerto Rico,725.0
14441,Corporate,Caguas,PR,Puerto Rico,725.0
14639,Corporate,Caguas,PR,Puerto Rico,725.0
14392,Corporate,Caguas,PR,Puerto Rico,725.0
14458,Corporate,Caguas,PR,Puerto Rico,725.0
14619,Corporate,Caguas,PR,Puerto Rico,725.0
14083,Corporate,Caguas,PR,Puerto Rico,725.0
14065,Corporate,Caguas,PR,Puerto Rico,725.0
14438,Corporate,Caguas,PR,Puerto Rico,725.0
14617,Corporate,Caguas,PR,Puerto Rico,725.0
14099,Corporate,Caguas,PR,Puerto Rico,725.0
13531,Corporate,Caguas,PR,Puerto Rico,725.0
13297,Corporate,Caguas,PR,Puerto Rico,725.0
13117,Corporate,Caguas,PR,Puerto Rico,725.0
14278,Corporate,Caguas,PR,Puerto Rico,725.0
14417,Corporate,Caguas,PR,Puerto Rico,725.0
14650,Corporate,Caguas,PR,Puerto Rico,725.0
13349,Corporate,Caguas,PR,Puerto Rico,725.0
14415,Corporate,Caguas,PR,Puerto Rico,725.0
13294,Corporate,Caguas,PR,Puerto Rico,725.0
14276,Corporate,Caguas,PR,Puerto Rico,725.0
8689,Corporate,Caguas,PR,Puerto Rico,725.0
8597,Corporate,Caguas,PR,Puerto Rico,725.0
4465,Corporate,Caguas,PR,Puerto Rico,725.0
4716,Corporate,Caguas,PR,Puerto Rico,725.0
13897,Corporate,Caguas,PR,Puerto Rico,725.0
11156,Corporate,Caguas,PR,Puerto Rico,725.0
9978,Corporate,Caguas,PR,Puerto Rico,725.0
14022,Corporate,Caguas,PR,Puerto Rico,725.0
13950,Corporate,Caguas,PR,Puerto Rico,725.0
13859,Corporate,Caguas,PR,Puerto Rico,725.0
12778,Corporate,Caguas,PR,Puerto Rico,725.0
3244,Corporate,Caguas,PR,Puerto Rico,725.0
3360,Corporate,Caguas,PR,Puerto Rico,725.0
1121,Corporate,Caguas,PR,Puerto Rico,725.0
8619,Corporate,Caguas,PR,Puerto Rico,725.0
13965,Corporate,Caguas,PR,Puerto Rico,725.0
11079,Corporate,Caguas,PR,Puerto Rico,725.0
9351,Corporate,Caguas,PR,Puerto Rico,725.0
655,Corporate,Caguas,PR,Puerto Rico,725.0
13875,Corporate,Caguas,PR,Puerto Rico,725.0
3793,Corporate,Caguas,PR,Puerto Rico,725.0
490,Corporate,Caguas,PR,Puerto Rico,725.0
7923,Corporate,Caguas,PR,Puerto Rico,725.0
6813,Corporate,Caguas,PR,Puerto Rico,725.0
14053,Corporate,Caguas,PR,Puerto Rico,725.0
14783,Corporate,Caguas,PR,Puerto Rico,725.0
6509,Corporate,Caguas,PR,Puerto Rico,725.0
13909,Corporate,Caguas,PR,Puerto Rico,725.0
14908,Corporate,Caguas,PR,Puerto Rico,725.0
5998,Corporate,Caguas,PR,Puerto Rico,725.0
13709,Corporate,Caguas,PR,Puerto Rico,725.0
14709,Corporate,Caguas,PR,Puerto Rico,725.0
13780,Corporate,Caguas,PR,Puerto Rico,725.0
4051,Corporate,Caguas,PR,Puerto Rico,725.0
12327,Corporate,Caguas,PR,Puerto Rico,725.0
13617,Corporate,Caguas,PR,Puerto Rico,725.0
13742,Corporate,Caguas,PR,Puerto Rico,725.0
281,Corporate,Juana Diaz,PR,Puerto Rico,795.0
13650,Corporate,Caguas,PR,Puerto Rico,725.0
5959,Corporate,Caguas,PR,Puerto Rico,725.0
13865,Corporate,Caguas,PR,Puerto Rico,725.0
3729,Corporate,Caguas,PR,Puerto Rico,725.0
2989,Corporate,Caguas,PR,Puerto Rico,725.0
10467,Corporate,Caguas,PR,Puerto Rico,725.0
5229,Corporate,Caguas,PR,Puerto Rico,725.0
8454,Corporate,Caguas,PR,Puerto Rico,725.0
8550,Corporate,Caguas,PR,Puerto Rico,725.0
5079,Corporate,Caguas,PR,Puerto Rico,725.0
5096,Corporate,Caguas,PR,Puerto Rico,725.0
6188,Corporate,Caguas,PR,Puerto Rico,725.0
2372,Corporate,Caguas,PR,Puerto Rico,725.0
3390,Corporate,Caguas,PR,Puerto Rico,725.0
916,Corporate,Caguas,PR,Puerto Rico,725.0
7,Corporate,Caguas,PR,Puerto Rico,725.0
13700,Corporate,Caguas,PR,Puerto Rico,725.0
5774,Corporate,Caguas,PR,Puerto Rico,725.0
4887,Corporate,Caguas,PR,Puerto Rico,725.0
1195,Corporate,Caguas,PR,Puerto Rico,725.0
1270,Corporate,Caguas,PR,Puerto Rico,725.0
1218,Corporate,Caguas,PR,Puerto Rico,725.0
516,Corporate,Caguas,PR,Puerto Rico,725.0
3301,Corporate,Caguas,PR,Puerto Rico,725.0
7301,Corporate,Caguas,PR,Puerto Rico,725.0
11869,Corporate,Caguas,PR,Puerto Rico,725.0
11161,Corporate,Caguas,PR,Puerto Rico,725.0
2293,Corporate,Caguas,PR,Puerto Rico,725.0
7646,Corporate,Caguas,PR,Puerto Rico,725.0
3989,Corporate,Caguas,PR,Puerto Rico,725.0
4821,Corporate,Caguas,PR,Puerto Rico,725.0
11736,Corporate,Caguas,PR,Puerto Rico,725.0
10711,Corporate,Caguas,PR,Puerto Rico,725.0
7188,Corporate,Caguas,PR,Puerto Rico,725.0
8291,Corporate,Caguas,PR,Puerto Rico,725.0
4748,Corporate,Caguas,PR,Puerto Rico,725.0
12452,Corporate,Caguas,PR,Puerto Rico,725.0
12699,Corporate,Caguas,PR,Puerto Rico,725.0
12731,Corporate,Caguas,PR,Puerto Rico,725.0
12511,Corporate,Caguas,PR,Puerto Rico,725.0
12689,Corporate,Caguas,PR,Puerto Rico,725.0
15104,Corporate,Caguas,PR,Puerto Rico,725.0
15014,Corporate,Caguas,PR,Puerto Rico,725.0
12883,Corporate,Caguas,PR,Puerto Rico,725.0
15048,Corporate,Caguas,PR,Puerto Rico,725.0
14990,Corporate,Caguas,PR,Puerto Rico,725.0
12840,Corporate,Caguas,PR,Puerto Rico,725.0
12947,Corporate,Caguas,PR,Puerto Rico,725.0
12928,Corporate,Bayamon,PR,Puerto Rico,957.0
15129,Corporate,Caguas,PR,Puerto Rico,725.0
12873,Corporate,Caguas,PR,Puerto Rico,725.0
14427,Corporate,Caguas,PR,Puerto Rico,725.0
13231,Corporate,Caguas,PR,Puerto Rico,725.0
13301,Corporate,Caguas,PR,Puerto Rico,725.0
8089,Corporate,Caguas,PR,Puerto Rico,725.0
12816,Corporate,Caguas,PR,Puerto Rico,725.0
12428,Corporate,Caguas,PR,Puerto Rico,725.0
14910,Corporate,Caguas,PR,Puerto Rico,725.0
13622,Corporate,Caguas,PR,Puerto Rico,725.0
6493,Corporate,Caguas,PR,Puerto Rico,725.0
6216,Corporate,Caguas,PR,Puerto Rico,725.0
6785,Corporate,Caguas,PR,Puerto Rico,725.0
2224,Corporate,Caguas,PR,Puerto Rico,725.0
7793,Corporate,Caguas,PR,Puerto Rico,725.0
7527,Corporate,Caguas,PR,Puerto Rico,725.0
13559,Corporate,Caguas,PR,Puerto Rico,725.0
2417,Corporate,Caguas,PR,Puerto Rico,725.0
13629,Corporate,Caguas,PR,Puerto Rico,725.0
5468,Corporate,Caguas,PR,Puerto Rico,725.0
6711,Corporate,Yauco,PR,Puerto Rico,698.0
1135,Corporate,Caguas,PR,Puerto Rico,725.0
7489,Corporate,Caguas,PR,Puerto Rico,725.0
15106,Corporate,Caguas,PR,Puerto Rico,725.0
121,Corporate,Caguas,PR,Puerto Rico,725.0
5807,Corporate,Caguas,PR,Puerto Rico,725.0
12208,Corporate,Caguas,PR,Puerto Rico,725.0
8229,Corporate,Caguas,PR,Puerto Rico,725.0
9376,Corporate,Caguas,PR,Puerto Rico,725.0
132,Corporate,Caguas,PR,Puerto Rico,725.0
8323,Corporate,Caguas,PR,Puerto Rico,725.0
9770,Corporate,Caguas,PR,Puerto Rico,725.0
9238,Corporate,Caguas,PR,Puerto Rico,725.0
8509,Corporate,Caguas,PR,Puerto Rico,725.0
11449,Corporate,Bayamon,PR,Puerto Rico,957.0
3158,Corporate,Caguas,PR,Puerto Rico,725.0
11100,Corporate,Caguas,PR,Puerto Rico,725.0
3630,Corporate,Caguas,PR,Puerto Rico,725.0
12049,Corporate,Caguas,PR,Puerto Rico,725.0
3255,Corporate,Caguas,PR,Puerto Rico,725.0
8346,Corporate,Caguas,PR,Puerto Rico,725.0
12406,Corporate,Caguas,PR,Puerto Rico,725.0
6274,Corporate,San Juan,PR,Puerto Rico,921.0
2751,Corporate,Caguas,PR,Puerto Rico,725.0
9228,Corporate,Caguas,PR,Puerto Rico,725.0
3123,Corporate,Caguas,PR,Puerto Rico,725.0
6596,Corporate,Caguas,PR,Puerto Rico,725.0
5310,Corporate,Caguas,PR,Puerto Rico,725.0
6991,Corporate,Caguas,PR,Puerto Rico,725.0
9257,Corporate,Caguas,PR,Puerto Rico,725.0
10296,Corporate,Caguas,PR,Puerto Rico,725.0
8553,Corporate,Caguas,PR,Puerto Rico,725.0
8165,Corporate,Caguas,PR,Puerto Rico,725.0
8691,Corporate,Guaynabo,PR,Puerto Rico,969.0
9881,Corporate,Caguas,PR,Puerto Rico,725.0
10430,Corporate,Caguas,PR,Puerto Rico,725.0
7241,Corporate,Caguas,PR,Puerto Rico,725.0
6559,Corporate,San Sebastian,PR,Puerto Rico,685.0
9016,Corporate,Caguas,PR,Puerto Rico,725.0
12179,Corporate,Caguas,PR,Puerto Rico,725.0
11986,Corporate,Caguas,PR,Puerto Rico,725.0
9799,Corporate,Caguas,PR,Puerto Rico,725.0
5862,Corporate,Caguas,PR,Puerto Rico,725.0
1156,Corporate,Caguas,PR,Puerto Rico,725.0
8693,Corporate,Caguas,PR,Puerto Rico,725.0
293,Corporate,Caguas,PR,Puerto Rico,725.0
11067,Corporate,Caguas,PR,Puerto Rico,725.0
9022,Corporate,Caguas,PR,Puerto Rico,725.0
1203,Corporate,Caguas,PR,Puerto Rico,725.0
2764,Corporate,Caguas,PR,Puerto Rico,725.0
11408,Corporate,Caguas,PR,Puerto Rico,725.0
4666,Corporate,Manati,PR,Puerto Rico,674.0
2490,Corporate,Caguas,PR,Puerto Rico,725.0
5058,Corporate,Caguas,PR,Puerto Rico,725.0
8066,Corporate,Caguas,PR,Puerto Rico,725.0
7791,Corporate,Caguas,PR,Puerto Rico,725.0
5032,Corporate,Caguas,PR,Puerto Rico,725.0
10878,Corporate,Caguas,PR,Puerto Rico,725.0
18134,Corporate,Caguas,PR,Puerto Rico,725.0
18241,Corporate,Caguas,PR,Puerto Rico,725.0
18185,Corporate,Caguas,PR,Puerto Rico,725.0
18239,Corporate,Caguas,PR,Puerto Rico,725.0
18093,Corporate,Caguas,PR,Puerto Rico,725.0
18073,Corporate,Caguas,PR,Puerto Rico,725.0
18127,Corporate,Caguas,PR,Puerto Rico,725.0
18159,Corporate,Caguas,PR,Puerto Rico,725.0
17899,Corporate,Caguas,PR,Puerto Rico,725.0
19178,Corporate,Caguas,PR,Puerto Rico,725.0
16464,Corporate,Caguas,PR,Puerto Rico,725.0
16607,Corporate,Caguas,PR,Puerto Rico,725.0
19049,Corporate,Caguas,PR,Puerto Rico,725.0
16408,Corporate,Caguas,PR,Puerto Rico,725.0
16534,Corporate,Caguas,PR,Puerto Rico,725.0
16387,Corporate,Caguas,PR,Puerto Rico,725.0
16419,Corporate,Caguas,PR,Puerto Rico,725.0
19184,Corporate,Caguas,PR,Puerto Rico,725.0
16489,Corporate,Caguas,PR,Puerto Rico,725.0
19056,Corporate,Caguas,PR,Puerto Rico,725.0
16612,Corporate,Caguas,PR,Puerto Rico,725.0
15844,Corporate,Caguas,PR,Puerto Rico,725.0
15878,Corporate,Caguas,PR,Puerto Rico,725.0
18753,Corporate,Humacao,PR,Puerto Rico,791.0
18752,Corporate,Caguas,PR,Puerto Rico,725.0
15823,Corporate,Caguas,PR,Puerto Rico,725.0
18823,Corporate,Caguas,PR,Puerto Rico,725.0
15857,Corporate,Caguas,PR,Puerto Rico,725.0
18857,Corporate,Caguas,PR,Puerto Rico,725.0
15873,Corporate,Caguas,PR,Puerto Rico,725.0
15837,Corporate,Caguas,PR,Puerto Rico,725.0
18800,Corporate,San Sebastian,PR,Puerto Rico,685.0
15833,Corporate,Caguas,PR,Puerto Rico,725.0
15688,Corporate,Caguas,PR,Puerto Rico,725.0
15902,Corporate,Caguas,PR,Puerto Rico,725.0
10471,Corporate,Caguas,PR,Puerto Rico,725.0
10798,Corporate,Caguas,PR,Puerto Rico,725.0
11404,Corporate,Caguas,PR,Puerto Rico,725.0
20662,Corporate,Caguas,PR,Puerto Rico,725.0
16093,Corporate,Caguas,PR,Puerto Rico,725.0
16057,Corporate,Caguas,PR,Puerto Rico,725.0
533,Corporate,Caguas,PR,Puerto Rico,725.0
7280,Corporate,Caguas,PR,Puerto Rico,725.0
17666,Corporate,Caguas,PR,Puerto Rico,725.0
3587,Corporate,Caguas,PR,Puerto Rico,725.0
5430,Corporate,Caguas,PR,Puerto Rico,725.0
16072,Corporate,Caguas,PR,Puerto Rico,725.0
6344,Corporate,Caguas,PR,Puerto Rico,725.0
20424,Corporate,Caguas,PR,Puerto Rico,725.0
11530,Corporate,Caguas,PR,Puerto Rico,725.0
20513,Corporate,Caguas,PR,Puerto Rico,725.0
18494,Corporate,Caguas,PR,Puerto Rico,725.0
398,Corporate,Caguas,PR,Puerto Rico,725.0
17937,Corporate,Caguas,PR,Puerto Rico,725.0
18403,Corporate,Caguas,PR,Puerto Rico,725.0
20691,Corporate,Caguas,PR,Puerto Rico,725.0
20618,Corporate,Caguas,PR,Puerto Rico,725.0
17952,Corporate,Caguas,PR,Puerto Rico,725.0
8095,Corporate,Caguas,PR,Puerto Rico,725.0
20401,Corporate,Caguas,PR,Puerto Rico,725.0
17988,Corporate,Caguas,PR,Puerto Rico,725.0
17425,Corporate,Caguas,PR,Puerto Rico,725.0
18326,Corporate,Caguas,PR,Puerto Rico,725.0
2576,Corporate,Caguas,PR,Puerto Rico,725.0
20579,Corporate,Caguas,PR,Puerto Rico,725.0
10608,Corporate,Caguas,PR,Puerto Rico,725.0
20524,Corporate,Caguas,PR,Puerto Rico,725.0
2397,Corporate,Caguas,PR,Puerto Rico,725.0
2527,Corporate,Caguas,PR,Puerto Rico,725.0
10780,Corporate,Caguas,PR,Puerto Rico,725.0
18001,Corporate,Caguas,PR,Puerto Rico,725.0
1375,Corporate,Caguas,PR,Puerto Rico,725.0
6783,Corporate,Caguas,PR,Puerto Rico,725.0
788,Corporate,Caguas,PR,Puerto Rico,725.0
18520,Corporate,Caguas,PR,Puerto Rico,725.0
17348,Corporate,Caguas,PR,Puerto Rico,725.0
16061,Corporate,Caguas,PR,Puerto Rico,725.0
15970,Corporate,Caguas,PR,Puerto Rico,725.0
20736,Corporate,Caguas,PR,Puerto Rico,725.0
20591,Corporate,Caguas,PR,Puerto Rico,725.0
18719,Corporate,San Juan,PR,Puerto Rico,921.0
15610,Corporate,Caguas,PR,Puerto Rico,725.0
15501,Corporate,Caguas,PR,Puerto Rico,725.0
15481,Corporate,Caguas,PR,Puerto Rico,725.0
15479,Corporate,Caguas,PR,Puerto Rico,725.0
18713,Corporate,Caguas,PR,Puerto Rico,725.0
15317,Corporate,Caguas,PR,Puerto Rico,725.0
1818,Corporate,Caguas,PR,Puerto Rico,725.0
15476,Corporate,Caguas,PR,Puerto Rico,725.0
15601,Corporate,Caguas,PR,Puerto Rico,725.0
18672,Corporate,Caguas,PR,Puerto Rico,725.0
15418,Corporate,Caguas,PR,Puerto Rico,725.0
18687,Corporate,Caguas,PR,Puerto Rico,725.0
15525,Corporate,Caguas,PR,Puerto Rico,725.0
15650,Corporate,Caguas,PR,Puerto Rico,725.0
5262,Corporate,Caguas,PR,Puerto Rico,725.0
10525,Corporate,Caguas,PR,Puerto Rico,725.0
12047,Corporate,Caguas,PR,Puerto Rico,725.0
5530,Corporate,Caguas,PR,Puerto Rico,725.0
8450,Corporate,Caguas,PR,Puerto Rico,725.0
3614,Corporate,Caguas,PR,Puerto Rico,725.0
1384,Corporate,Caguas,PR,Puerto Rico,725.0
17563,Corporate,Caguas,PR,Puerto Rico,725.0
19829,Corporate,Caguas,PR,Puerto Rico,725.0
19792,Corporate,Caguas,PR,Puerto Rico,725.0
17118,Corporate,Caguas,PR,Puerto Rico,725.0
17135,Corporate,Caguas,PR,Puerto Rico,725.0
17781,Corporate,Caguas,PR,Puerto Rico,725.0
18945,Corporate,Caguas,PR,Puerto Rico,725.0
19952,Corporate,Caguas,PR,Puerto Rico,725.0
16113,Corporate,Caguas,PR,Puerto Rico,725.0
20023,Corporate,Caguas,PR,Puerto Rico,725.0
17815,Corporate,Caguas,PR,Puerto Rico,725.0
20363,Corporate,Caguas,PR,Puerto Rico,725.0
18606,Corporate,Caguas,PR,Puerto Rico,725.0
15171,Corporate,Caguas,PR,Puerto Rico,725.0
20182,Corporate,Caguas,PR,Puerto Rico,725.0
15260,Corporate,Caguas,PR,Puerto Rico,725.0
15277,Corporate,Caguas,PR,Puerto Rico,725.0
16125,Corporate,San Juan,PR,Puerto Rico,921.0
15151,Corporate,Caguas,PR,Puerto Rico,725.0
17092,Corporate,Caguas,PR,Puerto Rico,725.0
15240,Corporate,Caguas,PR,Puerto Rico,725.0
15204,Corporate,Caguas,PR,Puerto Rico,725.0
18583,Corporate,Caguas,PR,Puerto Rico,725.0
18529,Corporate,Toa Baja,PR,Puerto Rico,949.0
20286,Corporate,Caguas,PR,Puerto Rico,725.0
20196,Corporate,Caguas,PR,Puerto Rico,725.0
16266,Corporate,Caguas,PR,Puerto Rico,725.0
17753,Corporate,Caguas,PR,Puerto Rico,725.0
16337,Corporate,Caguas,PR,Puerto Rico,725.0
17807,Corporate,Caguas,PR,Puerto Rico,725.0
20356,Corporate,Caguas,PR,Puerto Rico,725.0
16317,Corporate,Caguas,PR,Puerto Rico,725.0
20372,Corporate,Caguas,PR,Puerto Rico,725.0
17050,Corporate,Caguas,PR,Puerto Rico,725.0
17032,Corporate,Caguas,PR,Puerto Rico,725.0
17876,Corporate,Caguas,PR,Puerto Rico,725.0
17229,Corporate,Caguas,PR,Puerto Rico,725.0
15252,Corporate,Caguas,PR,Puerto Rico,725.0
16315,Corporate,Caguas,PR,Puerto Rico,725.0
17857,Corporate,Caguas,PR,Puerto Rico,725.0
18271,Corporate,Caguas,PR,Puerto Rico,725.0
9947,Corporate,Caguas,PR,Puerto Rico,725.0
11266,Corporate,Caguas,PR,Puerto Rico,725.0
17686,Corporate,Caguas,PR,Puerto Rico,725.0
15994,Corporate,Caguas,PR,Puerto Rico,725.0
15992,Corporate,Caguas,PR,Puerto Rico,725.0
6382,Corporate,Caguas,PR,Puerto Rico,725.0
20629,Corporate,Caguas,PR,Puerto Rico,725.0
15519,Corporate,Caguas,PR,Puerto Rico,725.0
18660,Corporate,Caguas,PR,Puerto Rico,725.0
18728,Corporate,Caguas,PR,Puerto Rico,725.0
15397,Corporate,Caguas,PR,Puerto Rico,725.0
17173,Corporate,Caguas,PR,Puerto Rico,725.0
19918,Corporate,Caguas,PR,Puerto Rico,725.0
16111,Corporate,Caguas,PR,Puerto Rico,725.0
20164,Corporate,Caguas,PR,Puerto Rico,725.0
20250,Corporate,Caguas,PR,Puerto Rico,725.0
6627,Corporate,Aguadilla,PR,Puerto Rico,603.0
6437,Corporate,Caguas,PR,Puerto Rico,725.0
4315,Corporate,Caguas,PR,Puerto Rico,725.0
5508,Corporate,Caguas,PR,Puerto Rico,725.0
4773,Corporate,Caguas,PR,Puerto Rico,725.0
11003,Corporate,Caguas,PR,Puerto Rico,725.0
11445,Corporate,Caguas,PR,Puerto Rico,725.0
2935,Consumer,Knoxville,TN,EE. UU.,37922.0
13602,Consumer,Las Vegas,NV,EE. UU.,89117.0
14744,Consumer,Austin,TX,EE. UU.,78753.0
14743,Consumer,Atlanta,GA,EE. UU.,30331.0
4797,Consumer,Pomona,CA,EE. UU.,91767.0
11473,Consumer,Elmhurst,IL,EE. UU.,60126.0
12589,Consumer,Hollywood,FL,EE. UU.,33021.0
12917,Consumer,Los Angeles,CA,EE. UU.,90024.0
6332,Consumer,West Covina,CA,EE. UU.,91790.0
50,Consumer,San Bernardino,CA,EE. UU.,92410.0
966,Consumer,Los Angeles,CA,EE. UU.,90043.0
7817,Consumer,West Lafayette,IN,EE. UU.,47906.0
12030,Consumer,Placentia,CA,EE. UU.,92870.0
6933,Consumer,Taylor,MI,EE. UU.,48180.0
2690,Consumer,Philadelphia,PA,EE. UU.,19140.0
7939,Consumer,South Ozone Park,NY,EE. UU.,11420.0
10418,Consumer,Brooklyn,NY,EE. UU.,11209.0
2917,Consumer,San Jose,CA,EE. UU.,95125.0
11030,Consumer,Fort Lauderdale,FL,EE. UU.,33311.0
2825,Consumer,Detroit,MI,EE. UU.,48219.0
9826,Consumer,Carmichael,CA,EE. UU.,95608.0
1855,Consumer,Santa Cruz,CA,EE. UU.,95060.0
2931,Consumer,New Braunfels,TX,EE. UU.,78130.0
6530,Consumer,Chicago,IL,EE. UU.,60628.0
179,Consumer,Los Angeles,CA,EE. UU.,90033.0
9841,Consumer,Kaneohe,HI,EE. UU.,96744.0
12421,Consumer,Middletown,CT,EE. UU.,6457.0
4046,Consumer,Wyandotte,MI,EE. UU.,48192.0
8441,Consumer,North Hollywood,CA,EE. UU.,91605.0
7820,Consumer,Fort Lauderdale,FL,EE. UU.,33313.0
5411,Consumer,Aurora,CO,EE. UU.,80010.0
930,Consumer,Mission Viejo,CA,EE. UU.,92692.0
7772,Consumer,Bronx,NY,EE. UU.,10467.0
6420,Consumer,Morganton,NC,EE. UU.,28655.0
803,Consumer,Miami,FL,EE. UU.,33177.0
5903,Consumer,Antioch,TN,EE. UU.,37013.0
141,Consumer,Brooklyn,NY,EE. UU.,11203.0
11125,Consumer,Las Vegas,NV,EE. UU.,89119.0
5702,Consumer,Tucson,AZ,EE. UU.,85705.0
7205,Consumer,Carrollton,TX,EE. UU.,75006.0
7310,Consumer,Saint Charles,MO,EE. UU.,63301.0
420,Consumer,Round Rock,TX,EE. UU.,78664.0
8858,Consumer,Los Angeles,CA,EE. UU.,90043.0
2411,Consumer,Richmond,KY,EE. UU.,40475.0
18053,Consumer,Long Beach,CA,EE. UU.,90804.0
18088,Consumer,El Centro,CA,EE. UU.,92243.0
18052,Consumer,Dallas,TX,EE. UU.,75216.0
19197,Consumer,Malden,MA,EE. UU.,2148.0
19142,Consumer,Elyria,OH,EE. UU.,44035.0
16626,Consumer,Woonsocket,RI,EE. UU.,2895.0
16477,Consumer,Madison,WI,EE. UU.,53704.0
16493,Consumer,Aurora,CO,EE. UU.,80011.0
19258,Consumer,Detroit,MI,EE. UU.,48224.0
19167,Consumer,Tucson,AZ,EE. UU.,85706.0
16581,Consumer,West Orange,NJ,EE. UU.,7052.0
16508,Consumer,Eugene,OR,EE. UU.,97402.0
19219,Consumer,Los Angeles,CA,EE. UU.,90044.0
16561,Consumer,Meridian,ID,EE. UU.,83642.0
18809,Consumer,Madera,CA,EE. UU.,93638.0
15915,Consumer,Brooklyn,NY,EE. UU.,11215.0
15913,Consumer,Wheeling,WV,EE. UU.,26003.0
15697,Consumer,Vacaville,CA,EE. UU.,95687.0
15911,Consumer,Augusta,GA,EE. UU.,30907.0
18855,Consumer,Silver Spring,MD,EE. UU.,20906.0
18854,Consumer,Salt Lake City,UT,EE. UU.,84118.0
15758,Consumer,Del Rio,TX,EE. UU.,78840.0
15793,Consumer,Lutz,FL,EE. UU.,33549.0
15828,Consumer,Los Angeles,CA,EE. UU.,90032.0
15738,Consumer,Salem,OR,EE. UU.,97301.0
9592,Consumer,Goose Creek,SC,EE. UU.,29445.0
3467,Consumer,Pacoima,CA,EE. UU.,91331.0
16039,Consumer,Longmont,CO,EE. UU.,80501.0
20461,Consumer,Kent,WA,EE. UU.,98031.0
17737,Consumer,Chicago,IL,EE. UU.,60626.0
8083,Consumer,New York,NY,EE. UU.,10025.0
5947,Consumer,Phoenix,AZ,EE. UU.,85040.0
17376,Consumer,Mesquite,TX,EE. UU.,75150.0
17626,Consumer,Yuma,AZ,EE. UU.,85364.0
20602,Consumer,Hamtramck,MI,EE. UU.,48212.0
6148,Consumer,Los Angeles,CA,EE. UU.,90032.0
17464,Consumer,Fayetteville,NC,EE. UU.,28314.0
18312,Consumer,Dallas,TX,EE. UU.,75217.0
17936,Consumer,Gardena,CA,EE. UU.,90247.0
20455,Consumer,San Jose,CA,EE. UU.,95125.0
17693,Consumer,San Diego,CA,EE. UU.,92109.0
20597,Consumer,Huntington Station,NY,EE. UU.,11746.0
18415,Consumer,Placentia,CA,EE. UU.,92870.0
20686,Consumer,San Jose,CA,EE. UU.,95148.0
18414,Consumer,Pasadena,MD,EE. UU.,21122.0
20379,Consumer,New York,NY,EE. UU.,10031.0
10338,Consumer,Chicago,IL,EE. UU.,60624.0
18882,Consumer,Orlando,FL,EE. UU.,32822.0
17742,Consumer,Fremont,CA,EE. UU.,94539.0
3032,Consumer,Jacksonville,NC,EE. UU.,28540.0
20646,Consumer,Bloomfield,NJ,EE. UU.,7003.0
18501,Consumer,New Bedford,MA,EE. UU.,2740.0
17365,Consumer,Riverside,CA,EE. UU.,92507.0
17981,Consumer,El Monte,CA,EE. UU.,91732.0
20700,Consumer,Augusta,GA,EE. UU.,30907.0
18410,Consumer,Detroit,MI,EE. UU.,48224.0
5611,Consumer,Virginia Beach,VA,EE. UU.,23452.0
2726,Consumer,Annapolis,MD,EE. UU.,21401.0
15410,Consumer,Chicago,IL,EE. UU.,60643.0
15355,Consumer,Raleigh,NC,EE. UU.,27610.0
15445,Consumer,North Tonawanda,NY,EE. UU.,14120.0
15444,Consumer,Salina,KS,EE. UU.,67401.0
15335,Consumer,Honolulu,HI,EE. UU.,96822.0
15333,Consumer,Waukegan,IL,EE. UU.,60085.0
15584,Consumer,Lynwood,CA,EE. UU.,90262.0
15654,Consumer,Staten Island,NY,EE. UU.,10306.0
15508,Consumer,Hampton,VA,EE. UU.,23666.0
18706,Consumer,Fargo,ND,EE. UU.,58103.0
15648,Consumer,Washington,DC,EE. UU.,20020.0
10716,Consumer,Lancaster,OH,EE. UU.,43130.0
2967,Consumer,Hollywood,FL,EE. UU.,33025.0
3057,Consumer,Chicago,IL,EE. UU.,60621.0
669,Consumer,San Jose,CA,EE. UU.,95148.0
5365,Consumer,Miami,FL,EE. UU.,33161.0
10828,Consumer,Tallahassee,FL,EE. UU.,32308.0
8631,Consumer,Marietta,GA,EE. UU.,30066.0
10915,Consumer,Dorchester Center,MA,EE. UU.,2124.0
20081,Consumer,Chicago,IL,EE. UU.,60630.0
16115,Consumer,New York,NY,EE. UU.,10027.0
20115,Consumer,Los Angeles,CA,EE. UU.,90066.0
19970,Consumer,Gardena,CA,EE. UU.,90247.0
18625,Consumer,Catonsville,MD,EE. UU.,21228.0
17078,Consumer,Greensboro,NC,EE. UU.,27410.0
19014,Consumer,Kent,WA,EE. UU.,98031.0
18906,Consumer,Normal,IL,EE. UU.,61761.0
19012,Consumer,Dallas,TX,EE. UU.,75287.0
17075,Consumer,Methuen,MA,EE. UU.,1844.0
17847,Consumer,Harvey,IL,EE. UU.,60426.0
17883,Consumer,Fullerton,CA,EE. UU.,92833.0
18567,Consumer,La Mesa,CA,EE. UU.,91941.0
16251,Consumer,Bloomfield,NJ,EE. UU.,7003.0
17828,Consumer,Phoenix,AZ,EE. UU.,85022.0
15186,Consumer,Bowling Green,KY,EE. UU.,42101.0
15150,Consumer,Gilroy,CA,EE. UU.,95020.0
17827,Consumer,Denver,CO,EE. UU.,80219.0
18565,Consumer,Encinitas,CA,EE. UU.,92024.0
16104,Consumer,Salem,OR,EE. UU.,97301.0
20357,Consumer,Ypsilanti,MI,EE. UU.,48197.0
17177,Consumer,Salina,KS,EE. UU.,67401.0
20157,Consumer,Brooklyn,NY,EE. UU.,11236.0
18633,Consumer,Longmont,CO,EE. UU.,80501.0
16154,Consumer,Las Vegas,NV,EE. UU.,89103.0
20190,Consumer,Bridgeton,NJ,EE. UU.,8302.0
19992,Consumer,Brooklyn,NY,EE. UU.,11203.0
18131,Consumer,Mission Viejo,CA,EE. UU.,92692.0
18084,Consumer,Compton,CA,EE. UU.,90220.0
19259,Consumer,Lockport,NY,EE. UU.,14094.0
19109,Consumer,Tonawanda,NY,EE. UU.,14150.0
18848,Consumer,Tempe,AZ,EE. UU.,85283.0
9222,Consumer,Fayetteville,NC,EE. UU.,28314.0
8301,Consumer,Baltimore,MD,EE. UU.,21224.0
20409,Consumer,Houston,TX,EE. UU.,77083.0
11291,Consumer,Brooklyn,NY,EE. UU.,11233.0
18313,Consumer,Martinsburg,WV,EE. UU.,25401.0
18400,Consumer,Hialeah,FL,EE. UU.,33016.0
15580,Consumer,Hialeah,FL,EE. UU.,33016.0
10035,Consumer,Lansdale,PA,EE. UU.,19446.0
17887,Consumer,Saint Peters,MO,EE. UU.,63376.0
18639,Consumer,Hollywood,FL,EE. UU.,33024.0
19957,Consumer,Fort Lauderdale,FL,EE. UU.,33313.0
3874,Consumer,Moreno Valley,CA,EE. UU.,92557.0
7666,Consumer,Pharr,TX,EE. UU.,78577.0
4023,Consumer,Round Rock,TX,EE. UU.,78664.0
1192,Consumer,Washington,PA,EE. UU.,15301.0
1494,Consumer,Bend,OR,EE. UU.,97701.0
1519,Consumer,San Diego,CA,EE. UU.,92102.0
10112,Consumer,Harvey,IL,EE. UU.,60426.0
3213,Consumer,Pekin,IL,EE. UU.,61554.0
7516,Consumer,Lynnwood,WA,EE. UU.,98037.0
3988,Consumer,Ballwin,MO,EE. UU.,63021.0
11334,Consumer,Quincy,MA,EE. UU.,2169.0
7682,Consumer,Brooklyn,NY,EE. UU.,11207.0
2167,Consumer,Los Angeles,CA,EE. UU.,90018.0
3322,Consumer,Del Rio,TX,EE. UU.,78840.0
3967,Consumer,Saint Paul,MN,EE. UU.,55104.0
7581,Consumer,Reno,NV,EE. UU.,89502.0
8728,Consumer,Raleigh,NC,EE. UU.,27606.0
11547,Consumer,Escondido,CA,EE. UU.,92025.0
7300,Consumer,New Bedford,MA,EE. UU.,2740.0
10532,Consumer,Columbus,OH,EE. UU.,43229.0
3572,Consumer,La Crosse,WI,EE. UU.,54601.0
218,Consumer,La Puente,CA,EE. UU.,91744.0
8353,Consumer,Mililani,HI,EE. UU.,96789.0
9577,Consumer,Columbia,TN,EE. UU.,38401.0
1625,Consumer,Chicago,IL,EE. UU.,60614.0
12292,Consumer,Spring Valley,CA,EE. UU.,91977.0
68,Consumer,Peoria,AZ,EE. UU.,85345.0
1322,Consumer,Memphis,TN,EE. UU.,38128.0
1515,Consumer,Massapequa,NY,EE. UU.,11758.0
5669,Consumer,Cerritos,CA,EE. UU.,90703.0
11396,Consumer,Hamilton,OH,EE. UU.,45013.0
1313,Consumer,Antioch,TN,EE. UU.,37013.0
4189,Consumer,Los Angeles,CA,EE. UU.,90044.0
448,Consumer,Modesto,CA,EE. UU.,95351.0
99,Consumer,Las Vegas,NV,EE. UU.,89123.0
4217,Consumer,Greenville,NC,EE. UU.,27834.0
8504,Consumer,Virginia Beach,VA,EE. UU.,23462.0
9221,Consumer,San Bernardino,CA,EE. UU.,92404.0
48,Consumer,Strongsville,OH,EE. UU.,44136.0
2346,Consumer,Mesquite,TX,EE. UU.,75150.0
4353,Consumer,Clementon,NJ,EE. UU.,8021.0
1949,Consumer,Washington,DC,EE. UU.,20002.0
3409,Consumer,Philadelphia,PA,EE. UU.,19148.0
8636,Consumer,Rome,NY,EE. UU.,13440.0
5899,Consumer,Brooklyn,NY,EE. UU.,11235.0
10728,Consumer,West Orange,NJ,EE. UU.,7052.0
11598,Consumer,Marietta,GA,EE. UU.,30067.0
2193,Consumer,Moline,IL,EE. UU.,61265.0
11638,Consumer,Brentwood,NY,EE. UU.,11717.0
11762,Consumer,Tampa,FL,EE. UU.,33614.0
9439,Consumer,Columbia,SC,EE. UU.,29223.0
6077,Consumer,Memphis,TN,EE. UU.,38128.0
1301,Consumer,Cerritos,CA,EE. UU.,90703.0
14575,Consumer,Los Angeles,CA,EE. UU.,90043.0
14111,Consumer,Sugar Land,TX,EE. UU.,77478.0
13254,Consumer,San Diego,CA,EE. UU.,92104.0
13470,Consumer,Merced,CA,EE. UU.,95340.0
14325,Consumer,Smyrna,GA,EE. UU.,30080.0
14475,Consumer,Brentwood,NY,EE. UU.,11717.0
14563,Consumer,Honolulu,HI,EE. UU.,96816.0
13441,Consumer,Brooklyn,NY,EE. UU.,11207.0
14433,Consumer,Hanford,CA,EE. UU.,93230.0
13788,Consumer,Lawrence,MA,EE. UU.,1841.0
3245,Consumer,Hayward,CA,EE. UU.,94544.0
11069,Consumer,Bronx,NY,EE. UU.,10461.0
10539,Consumer,Hollister,CA,EE. UU.,95023.0
13957,Consumer,Hawthorne,CA,EE. UU.,90250.0
9246,Consumer,Greensboro,NC,EE. UU.,27410.0
12747,Consumer,Austin,TX,EE. UU.,78753.0
14809,Consumer,Goose Creek,SC,EE. UU.,29445.0
8542,Consumer,Rowland Heights,CA,EE. UU.,91748.0
12542,Consumer,Napa,CA,EE. UU.,94558.0
12540,Consumer,Saint Paul,MN,EE. UU.,55112.0
12587,Consumer,Richmond,TX,EE. UU.,77469.0
12898,Consumer,Newark,NJ,EE. UU.,7105.0
13127,Consumer,Stafford,VA,EE. UU.,22554.0
14580,Consumer,Kenner,LA,EE. UU.,70065.0
13060,Consumer,Oceanside,CA,EE. UU.,92057.0
9985,Consumer,Philadelphia,PA,EE. UU.,19134.0
62,Consumer,Brooklyn,NY,EE. UU.,11223.0
12721,Consumer,Lancaster,CA,EE. UU.,93535.0
12586,Consumer,Union,NJ,EE. UU.,7083.0
6438,Consumer,Cincinnati,OH,EE. UU.,45238.0
6676,Consumer,Milwaukee,WI,EE. UU.,53215.0
10730,Consumer,Miami,FL,EE. UU.,33147.0
9334,Consumer,Tampa,FL,EE. UU.,33624.0
5758,Consumer,Huntington Beach,CA,EE. UU.,92647.0
10050,Consumer,Lockport,NY,EE. UU.,14094.0
12098,Consumer,San Jose,CA,EE. UU.,95124.0
9470,Consumer,Hanford,CA,EE. UU.,93230.0
7896,Consumer,Lindenhurst,NY,EE. UU.,11757.0
2401,Consumer,Union City,CA,EE. UU.,94587.0
5233,Consumer,Houston,TX,EE. UU.,77081.0
747,Consumer,Paramount,CA,EE. UU.,90723.0
18041,Consumer,Wichita,KS,EE. UU.,67212.0
19064,Consumer,Fontana,CA,EE. UU.,92336.0
19097,Consumer,Massillon,OH,EE. UU.,44646.0
6501,Consumer,Fairfield,OH,EE. UU.,45014.0
7577,Consumer,North Richland Hills,TX,EE. UU.,76180.0
17943,Consumer,Las Cruces,NM,EE. UU.,88005.0
4571,Consumer,San Pedro,CA,EE. UU.,90731.0
8064,Consumer,Oxnard,CA,EE. UU.,93030.0
17458,Consumer,Carmichael,CA,EE. UU.,95608.0
17296,Consumer,Chino,CA,EE. UU.,91710.0
2172,Consumer,West Haven,CT,EE. UU.,6516.0
20645,Consumer,Pomona,CA,EE. UU.,91766.0
237,Consumer,San Jose,CA,EE. UU.,95148.0
15303,Consumer,Van Nuys,CA,EE. UU.,91405.0
15528,Consumer,Albuquerque,NM,EE. UU.,87112.0
15325,Consumer,Hialeah,FL,EE. UU.,33010.0
8389,Consumer,Perth Amboy,NJ,EE. UU.,8861.0
8566,Consumer,Brooklyn,NY,EE. UU.,11218.0
17528,Consumer,Salem,OR,EE. UU.,97303.0
16114,Consumer,Brooklyn,NY,EE. UU.,11226.0
20346,Consumer,Orlando,FL,EE. UU.,32825.0
20345,Consumer,San Antonio,TX,EE. UU.,78228.0
17130,Consumer,Austin,TX,EE. UU.,78753.0
16289,Consumer,South Richmond Hill,NY,EE. UU.,11419.0
16249,Consumer,Brooklyn,NY,EE. UU.,11201.0
16230,Consumer,Manchester,CT,EE. UU.,6040.0
20010,Consumer,San Francisco,CA,EE. UU.,94109.0
18443,Consumer,Madera,CA,EE. UU.,93638.0
15944,Consumer,Escondido,CA,EE. UU.,92027.0
17656,Consumer,Oceanside,CA,EE. UU.,92056.0
17674,Consumer,Brooklyn,NY,EE. UU.,11218.0
16296,Consumer,San Antonio,TX,EE. UU.,78250.0
19967,Consumer,San Diego,CA,EE. UU.,92113.0
17053,Consumer,Brooklyn,NY,EE. UU.,11206.0
9309,Consumer,Princeton,NJ,EE. UU.,8540.0
3386,Consumer,Laredo,TX,EE. UU.,78040.0
8040,Consumer,Paramount,CA,EE. UU.,90723.0
4918,Consumer,Hickory,NC,EE. UU.,28601.0
6534,Consumer,Massillon,OH,EE. UU.,44646.0
6938,Consumer,Albuquerque,NM,EE. UU.,87112.0
2165,Consumer,Louisville,KY,EE. UU.,40214.0
7539,Consumer,Canyon Country,CA,EE. UU.,91351.0
4721,Consumer,Chicago,IL,EE. UU.,60629.0
3016,Consumer,Denver,CO,EE. UU.,80231.0
5823,Consumer,Lancaster,PA,EE. UU.,17603.0
910,Consumer,Hilliard,OH,EE. UU.,43026.0
9963,Consumer,Brownsville,TX,EE. UU.,78521.0
399,Consumer,Las Vegas,NV,EE. UU.,89103.0
9550,Consumer,Dallas,TX,EE. UU.,75228.0
7137,Consumer,Daly City,CA,EE. UU.,94015.0
9996,Consumer,La Habra,CA,EE. UU.,90631.0
3118,Corporate,Jacksonville,NC,EE. UU.,28540.0
1256,Corporate,West Covina,CA,EE. UU.,91790.0
7899,Corporate,Bowling Green,KY,EE. UU.,42101.0
2818,Corporate,Michigan City,IN,EE. UU.,46360.0
10463,Corporate,Lancaster,PA,EE. UU.,17601.0
6495,Corporate,San Bernardino,CA,EE. UU.,92410.0
144,Corporate,Bronx,NY,EE. UU.,10462.0
6640,Corporate,Eugene,OR,EE. UU.,97405.0
13292,Corporate,Fountain Valley,CA,EE. UU.,92708.0
14686,Corporate,New York,NY,EE. UU.,10040.0
8164,Corporate,Carrollton,TX,EE. UU.,75006.0
13131,Corporate,Roswell,NM,EE. UU.,88201.0
13454,Corporate,Metairie,LA,EE. UU.,70003.0
14413,Corporate,Los Angeles,CA,EE. UU.,90026.0
14520,Corporate,Compton,CA,EE. UU.,90221.0
13019,Corporate,San Marcos,TX,EE. UU.,78666.0
14181,Corporate,Rowland Heights,CA,EE. UU.,91748.0
13126,Corporate,Salt Lake City,UT,EE. UU.,84118.0
14534,Corporate,Raleigh,NC,EE. UU.,27606.0
14659,Corporate,Virginia Beach,VA,EE. UU.,23452.0
14376,Corporate,Albuquerque,NM,EE. UU.,87112.0
13087,Corporate,Santa Fe,NM,EE. UU.,87505.0
14085,Corporate,New Brunswick,NJ,EE. UU.,8901.0
14247,Corporate,Detroit,MI,EE. UU.,48205.0
14457,Corporate,West Jordan,UT,EE. UU.,84084.0
13426,Corporate,Merced,CA,EE. UU.,95340.0
13389,Corporate,Philadelphia,PA,EE. UU.,19140.0
13388,Corporate,Hesperia,CA,EE. UU.,92345.0
13118,Corporate,Salinas,CA,EE. UU.,93906.0
14064,Corporate,Phoenix,AZ,EE. UU.,85022.0
13495,Corporate,Jacksonville,FL,EE. UU.,32225.0
13530,Corporate,Bloomfield,NJ,EE. UU.,7003.0
14386,Corporate,New Bedford,MA,EE. UU.,2740.0
14116,Corporate,Bloomfield,NJ,EE. UU.,7003.0
14186,Corporate,La Mesa,CA,EE. UU.,91941.0
14114,Corporate,West Chester,PA,EE. UU.,19380.0
14595,Corporate,North Richland Hills,TX,EE. UU.,76180.0
4923,Corporate,Aurora,IL,EE. UU.,60504.0
362,Corporate,Diamond Bar,CA,EE. UU.,91765.0
13699,Corporate,Ontario,CA,EE. UU.,91764.0
13555,Corporate,North Richland Hills,TX,EE. UU.,76180.0
12761,Corporate,Washington,DC,EE. UU.,20019.0
12815,Corporate,Wyandotte,MI,EE. UU.,48192.0
1549,Corporate,Oregon City,OR,EE. UU.,97045.0
13949,Corporate,North Hills,CA,EE. UU.,91343.0
13985,Corporate,Oregon City,OR,EE. UU.,97045.0
5057,Corporate,Indianapolis,IN,EE. UU.,46226.0
13876,Corporate,Bakersfield,CA,EE. UU.,93309.0
11304,Corporate,Santa Cruz,CA,EE. UU.,95060.0
13713,Corporate,Beloit,WI,EE. UU.,53511.0
10985,Corporate,Strongsville,OH,EE. UU.,44136.0
12775,Corporate,Long Beach,CA,EE. UU.,90805.0
13910,Corporate,Milpitas,CA,EE. UU.,95035.0
10266,Corporate,Cleveland,OH,EE. UU.,44102.0
14796,Corporate,San Antonio,TX,EE. UU.,78223.0
756,Corporate,Peabody,MA,EE. UU.,1960.0
12750,Corporate,Milwaukee,WI,EE. UU.,53215.0
6842,Corporate,San Diego,CA,EE. UU.,92102.0
13558,Corporate,Pico Rivera,CA,EE. UU.,90660.0
9672,Corporate,Meridian,ID,EE. UU.,83642.0
13539,Corporate,Mentor,OH,EE. UU.,44060.0
9233,Corporate,Des Plaines,IL,EE. UU.,60016.0
13556,Corporate,Danbury,CT,EE. UU.,6810.0
10304,Corporate,Chicago,IL,EE. UU.,60647.0
11427,Corporate,Huntington Park,CA,EE. UU.,90255.0
654,Corporate,Orange Park,FL,EE. UU.,32073.0
12451,Corporate,Fontana,CA,EE. UU.,92336.0
12629,Corporate,Gaithersburg,MD,EE. UU.,20878.0
12700,Corporate,Goleta,CA,EE. UU.,93117.0
12482,Corporate,Freeport,NY,EE. UU.,11520.0
12554,Corporate,Ogden,UT,EE. UU.,84404.0
12517,Corporate,Ithaca,NY,EE. UU.,14850.0
12444,Corporate,Lawrence,MA,EE. UU.,1841.0
12569,Corporate,Brooklyn,NY,EE. UU.,11219.0
12639,Corporate,Phoenix,AZ,EE. UU.,85033.0
12727,Corporate,Bristol,CT,EE. UU.,6010.0
12493,Corporate,Baltimore,MD,EE. UU.,21229.0
12743,Corporate,Baltimore,MD,EE. UU.,21206.0
12508,Corporate,Vista,CA,EE. UU.,92084.0
12562,Corporate,Amarillo,TX,EE. UU.,79109.0
12454,Corporate,Martinez,CA,EE. UU.,94553.0
12544,Corporate,Bronx,NY,EE. UU.,10462.0
12950,Corporate,La Habra,CA,EE. UU.,90631.0
14972,Corporate,Los Angeles,CA,EE. UU.,90044.0
12927,Corporate,Henderson,NV,EE. UU.,89014.0
12889,Corporate,Lancaster,SC,EE. UU.,29720.0
15107,Corporate,Portland,OR,EE. UU.,97223.0
7760,Corporate,New Orleans,LA,EE. UU.,70117.0
2082,Corporate,Norcross,GA,EE. UU.,30093.0
9015,Corporate,Tampa,FL,EE. UU.,33614.0
6381,Corporate,Roseville,MI,EE. UU.,48066.0
10246,Corporate,Bronx,NY,EE. UU.,10473.0
11831,Corporate,North Las Vegas,NV,EE. UU.,89030.0
11918,Corporate,Brooklyn,NY,EE. UU.,11207.0
2024,Corporate,Poway,CA,EE. UU.,92064.0
157,Corporate,Citrus Heights,CA,EE. UU.,95610.0
5029,Corporate,Honolulu,HI,EE. UU.,96822.0
903,Corporate,San Jose,CA,EE. UU.,95125.0
7238,Corporate,Honolulu,HI,EE. UU.,96816.0
7332,Corporate,Fond Du Lac,WI,EE. UU.,54935.0
1217,Corporate,Chicago,IL,EE. UU.,60660.0
1866,Corporate,Buffalo,NY,EE. UU.,14221.0
5816,Corporate,Chicago,IL,EE. UU.,60645.0
5512,Corporate,Endicott,NY,EE. UU.,13760.0
5428,Corporate,La Crosse,WI,EE. UU.,54601.0
7085,Corporate,Longview,WA,EE. UU.,98632.0
11351,Corporate,Tempe,AZ,EE. UU.,85283.0
10354,Corporate,Tucson,AZ,EE. UU.,85705.0
8568,Corporate,Escondido,CA,EE. UU.,92027.0
4285,Corporate,Compton,CA,EE. UU.,90221.0
19235,Corporate,Brooklyn,NY,EE. UU.,11218.0
17471,Corporate,Jacksonville,NC,EE. UU.,28540.0
20653,Corporate,Rowland Heights,CA,EE. UU.,91748.0
1061,Corporate,Norcross,GA,EE. UU.,30093.0
18582,Corporate,La Mesa,CA,EE. UU.,91941.0
18046,Corporate,Denver,CO,EE. UU.,80231.0
18240,Corporate,Escondido,CA,EE. UU.,92026.0
18269,Corporate,Olathe,KS,EE. UU.,66062.0
18268,Corporate,Brooklyn,NY,EE. UU.,11226.0
19053,Corporate,Round Rock,TX,EE. UU.,78664.0
16484,Corporate,Lockport,IL,EE. UU.,60441.0
19050,Corporate,New York,NY,EE. UU.,10021.0
19247,Corporate,Greenville,NC,EE. UU.,27834.0
16402,Corporate,Brooklyn,NY,EE. UU.,11236.0
19094,Corporate,Pawtucket,RI,EE. UU.,2860.0
19146,Corporate,Elgin,IL,EE. UU.,60123.0
16523,Corporate,Los Angeles,CA,EE. UU.,90027.0
15862,Corporate,Fort Lauderdale,FL,EE. UU.,33312.0
18826,Corporate,Pompano Beach,FL,EE. UU.,33068.0
15716,Corporate,Pawtucket,RI,EE. UU.,2860.0
15860,Corporate,Clementon,NJ,EE. UU.,8021.0
15858,Corporate,Atlanta,GA,EE. UU.,30318.0
18750,Corporate,Los Angeles,CA,EE. UU.,90065.0
15888,Corporate,Hialeah,FL,EE. UU.,33016.0
18816,Corporate,Irving,TX,EE. UU.,75061.0
8035,Corporate,Pacoima,CA,EE. UU.,91331.0
9460,Corporate,Fairfield,OH,EE. UU.,45014.0
17327,Corporate,Long Beach,CA,EE. UU.,90804.0
20626,Corporate,San Pedro,CA,EE. UU.,90731.0
20464,Corporate,Las Vegas,NV,EE. UU.,89119.0
20445,Corporate,Ogden,UT,EE. UU.,84404.0
6042,Corporate,El Paso,TX,EE. UU.,79912.0
17905,Corporate,Danbury,CT,EE. UU.,6810.0
18317,Corporate,Kailua,HI,EE. UU.,96734.0
16002,Corporate,Chicago,IL,EE. UU.,60640.0
18877,Corporate,Columbia,MO,EE. UU.,65203.0
17343,Corporate,Scottsdale,AZ,EE. UU.,85254.0
15965,Corporate,Endicott,NY,EE. UU.,13760.0
8449,Corporate,Pompano Beach,FL,EE. UU.,33068.0
18297,Corporate,Henrico,VA,EE. UU.,23233.0
18332,Corporate,Salem,OR,EE. UU.,97301.0
20711,Corporate,Stone Mountain,GA,EE. UU.,30083.0
16034,Corporate,Tucson,AZ,EE. UU.,85719.0
16016,Corporate,Palatine,IL,EE. UU.,60067.0
15998,Corporate,Annandale,VA,EE. UU.,22003.0
20728,Corporate,Chula Vista,CA,EE. UU.,91910.0
17501,Corporate,Hamtramck,MI,EE. UU.,48212.0
20601,Corporate,Washington,DC,EE. UU.,20009.0
17462,Corporate,Albuquerque,NM,EE. UU.,87120.0
2832,Corporate,Honolulu,HI,EE. UU.,96822.0
20472,Corporate,New Braunfels,TX,EE. UU.,78130.0
18023,Corporate,Atlanta,GA,EE. UU.,30349.0
17951,Corporate,Chicago,IL,EE. UU.,60624.0
20525,Corporate,Cleveland,OH,EE. UU.,44105.0
15938,Corporate,Antioch,CA,EE. UU.,94509.0
8956,Corporate,Salina,KS,EE. UU.,67401.0
16010,Corporate,Salt Lake City,UT,EE. UU.,84119.0
466,Corporate,Bronx,NY,EE. UU.,10466.0
17984,Corporate,Martinsburg,WV,EE. UU.,25401.0
17512,Corporate,Riverside,CA,EE. UU.,92503.0
1376,Corporate,Brooklyn,NY,EE. UU.,11226.0
8601,Corporate,Lutz,FL,EE. UU.,33549.0
20627,Corporate,Washington,DC,EE. UU.,20009.0
12148,Corporate,Tempe,AZ,EE. UU.,85283.0
15395,Corporate,Chicago,IL,EE. UU.,60608.0
15646,Corporate,Escondido,CA,EE. UU.,92026.0
15609,Corporate,Daly City,CA,EE. UU.,94014.0
15375,Corporate,Morrisville,PA,EE. UU.,19067.0
15478,Corporate,Orange Park,FL,EE. UU.,32073.0
15658,Corporate,Lakewood,NJ,EE. UU.,8701.0
18673,Corporate,Los Angeles,CA,EE. UU.,90032.0
15546,Corporate,Irwin,PA,EE. UU.,15642.0
18688,Corporate,Huntington Beach,CA,EE. UU.,92646.0
15562,Corporate,Fountain Valley,CA,EE. UU.,92708.0
18723,Corporate,Compton,CA,EE. UU.,90220.0
15651,Corporate,El Paso,TX,EE. UU.,79936.0
15416,Corporate,Marietta,GA,EE. UU.,30066.0
4365,Corporate,Mission Viejo,CA,EE. UU.,92692.0
721,Corporate,Lancaster,SC,EE. UU.,29720.0
17592,Corporate,Apex,NC,EE. UU.,27502.0
19793,Corporate,Hamilton,OH,EE. UU.,45013.0
16314,Corporate,Orlando,FL,EE. UU.,32822.0
18947,Corporate,Eugene,OR,EE. UU.,97405.0
17782,Corporate,Phoenix,AZ,EE. UU.,85032.0
19953,Corporate,Aurora,CO,EE. UU.,80012.0
17171,Corporate,CA,95758,EE. UU.,-1.0
20223,Corporate,Tucson,AZ,EE. UU.,85706.0
17853,Corporate,Chicago,IL,EE. UU.,60626.0
17080,Corporate,Doylestown,PA,EE. UU.,18901.0
20238,Corporate,North Hollywood,CA,EE. UU.,91605.0
17132,Corporate,Tustin,CA,EE. UU.,92780.0
19806,Corporate,San Antonio,TX,EE. UU.,78223.0
20022,Corporate,Far Rockaway,NY,EE. UU.,11691.0
19931,Corporate,Wyandotte,MI,EE. UU.,48192.0
20165,Corporate,South Ozone Park,NY,EE. UU.,11420.0
20021,Corporate,South San Francisco,CA,EE. UU.,94080.0
15172,Corporate,Mount Pleasant,MI,EE. UU.,48858.0
16236,Corporate,Germantown,MD,EE. UU.,20874.0
19787,Corporate,Piscataway,NJ,EE. UU.,8854.0
19768,Corporate,Visalia,CA,EE. UU.,93277.0
18941,Corporate,El Paso,TX,EE. UU.,79936.0
17094,Corporate,Dallas,TX,EE. UU.,75216.0
18569,Corporate,Washington,DC,EE. UU.,20011.0
16361,Corporate,Brooklyn,NY,EE. UU.,11219.0
20019,Corporate,Modesto,CA,EE. UU.,95350.0
15259,Corporate,Chicago,IL,EE. UU.,60626.0
19998,Corporate,Mission Viejo,CA,EE. UU.,92691.0
20016,Corporate,Morrisville,PA,EE. UU.,19067.0
18899,Corporate,Los Angeles,CA,EE. UU.,90024.0
15146,Corporate,Albuquerque,NM,EE. UU.,87111.0
16336,Corporate,Moline,IL,EE. UU.,61265.0
20283,Corporate,Lilburn,GA,EE. UU.,30047.0
15289,Corporate,Fullerton,CA,EE. UU.,92833.0
18561,Corporate,Aurora,CO,EE. UU.,80012.0
18915,Corporate,Palo Alto,CA,EE. UU.,94303.0
16334,Corporate,Martinsburg,WV,EE. UU.,25401.0
16100,Corporate,Virginia Beach,VA,EE. UU.,23455.0
17858,Corporate,Fountain Valley,CA,EE. UU.,92708.0
15251,Corporate,Lakewood,NJ,EE. UU.,8701.0
273,Corporate,Jamaica,NY,EE. UU.,11435.0
3805,Corporate,Quincy,MA,EE. UU.,2169.0
677,Corporate,Waukegan,IL,EE. UU.,60085.0
4004,Corporate,Pacoima,CA,EE. UU.,91331.0
3007,Corporate,Chicago,IL,EE. UU.,60629.0
7773,Corporate,La Crosse,WI,EE. UU.,54601.0
4577,Corporate,Arlington,VA,EE. UU.,22204.0
11022,Corporate,Bronx,NY,EE. UU.,10460.0
11577,Corporate,Ypsilanti,MI,EE. UU.,48197.0
885,Corporate,Chesapeake,VA,EE. UU.,23320.0
11152,Corporate,Mchenry,IL,EE. UU.,60050.0
11854,Corporate,New York,NY,EE. UU.,10016.0
10004,Corporate,Saginaw,MI,EE. UU.,48601.0
12353,Corporate,Hollywood,FL,EE. UU.,33021.0
9873,Corporate,Chesapeake,VA,EE. UU.,23322.0
2206,Corporate,Lancaster,CA,EE. UU.,93536.0
11188,Corporate,New York,NY,EE. UU.,10040.0
3564,Corporate,North Las Vegas,NV,EE. UU.,89030.0
7275,Corporate,Billings,MT,EE. UU.,59102.0
6026,Corporate,Las Vegas,NV,EE. UU.,89108.0
10058,Corporate,Mechanicsburg,PA,EE. UU.,17055.0
4271,Corporate,Carmichael,CA,EE. UU.,95608.0
11467,Corporate,Fontana,CA,EE. UU.,92336.0
4886,Corporate,Newark,NJ,EE. UU.,7105.0
8894,Corporate,Chino,CA,EE. UU.,91710.0
9064,Corporate,Philadelphia,PA,EE. UU.,19111.0
14620,Corporate,Hollister,CA,EE. UU.,95023.0
14581,Corporate,Tempe,AZ,EE. UU.,85282.0
14136,Corporate,Los Angeles,CA,EE. UU.,90047.0
13439,Corporate,Ann Arbor,MI,EE. UU.,48103.0
7131,Corporate,San Diego,CA,EE. UU.,92129.0
9566,Corporate,Pacoima,CA,EE. UU.,91331.0
13874,Corporate,Mesa,AZ,EE. UU.,85201.0
14034,Corporate,Rego Park,NY,EE. UU.,11374.0
12820,Corporate,Las Vegas,NV,EE. UU.,89119.0
3991,Corporate,Morristown,NJ,EE. UU.,7960.0
12537,Corporate,Dorchester Center,MA,EE. UU.,2124.0
14693,Corporate,Milwaukee,WI,EE. UU.,53215.0
5734,Corporate,Fort Lauderdale,FL,EE. UU.,33312.0
3651,Corporate,San Antonio,TX,EE. UU.,78223.0
8036,Corporate,San Francisco,CA,EE. UU.,94122.0
18227,Corporate,Los Angeles,CA,EE. UU.,90047.0
18110,Corporate,Lancaster,OH,EE. UU.,43130.0
16628,Corporate,New York,NY,EE. UU.,10024.0
19080,Corporate,Brooklyn,NY,EE. UU.,11237.0
19240,Corporate,Phoenix,AZ,EE. UU.,85029.0
18807,Corporate,Los Angeles,CA,EE. UU.,90024.0
11205,Corporate,Miami,FL,EE. UU.,33125.0
17525,Corporate,Webster,NY,EE. UU.,14580.0
17283,Corporate,Memphis,TN,EE. UU.,38127.0
17658,Corporate,Rancho Cordova,CA,EE. UU.,95670.0
17298,Corporate,Marietta,GA,EE. UU.,30067.0
6062,Corporate,Marietta,GA,EE. UU.,30067.0
17553,Corporate,Buffalo,NY,EE. UU.,14221.0
17532,Corporate,Long Beach,CA,EE. UU.,90813.0
20333,Corporate,Miami,FL,EE. UU.,33165.0
15268,Corporate,Honolulu,HI,EE. UU.,96822.0
20338,Corporate,Chicago,IL,EE. UU.,60622.0
20028,Corporate,Eugene,OR,EE. UU.,97405.0
17479,Corporate,Elgin,IL,EE. UU.,60123.0
17478,Corporate,Corona,NY,EE. UU.,11368.0
5080,Corporate,Houston,TX,EE. UU.,77083.0
1041,Corporate,Los Angeles,CA,EE. UU.,90047.0
7556,Corporate,New York,NY,EE. UU.,10009.0
6189,Corporate,Long Beach,CA,EE. UU.,90804.0
11051,Corporate,San Jose,CA,EE. UU.,95112.0
10394,Corporate,Chicago,IL,EE. UU.,60629.0
6841,Corporate,Los Angeles,CA,EE. UU.,90011.0
2599,Corporate,Livermore,CA,EE. UU.,94550.0
13109,Corporate,Chula Vista,CA,EE. UU.,91911.0
13162,Corporate,Mililani,HI,EE. UU.,96789.0
13036,Corporate,Bend,OR,EE. UU.,97701.0
13161,Corporate,San Bernardino,CA,EE. UU.,92404.0
14622,Corporate,Los Angeles,CA,EE. UU.,90011.0
14355,Corporate,Fort Worth,TX,EE. UU.,76106.0
14493,Corporate,Bountiful,UT,EE. UU.,84010.0
12975,Corporate,Ventura,CA,EE. UU.,93003.0
14098,Corporate,Bronx,NY,EE. UU.,10460.0
12988,Corporate,Los Angeles,CA,EE. UU.,90011.0
12970,Corporate,Baldwin Park,CA,EE. UU.,91706.0
13608,Corporate,Waukegan,IL,EE. UU.,60085.0
14787,Corporate,Houston,TX,EE. UU.,77088.0
13768,Corporate,Baltimore,MD,EE. UU.,21206.0
14786,Corporate,West Haven,CT,EE. UU.,6516.0
2503,Corporate,Canyon Country,CA,EE. UU.,91351.0
12757,Corporate,Ann Arbor,MI,EE. UU.,48103.0
11779,Corporate,Rowland Heights,CA,EE. UU.,91748.0
13817,Corporate,Campbell,CA,EE. UU.,95008.0
5597,Corporate,Olathe,KS,EE. UU.,66062.0
13682,Corporate,Everett,WA,EE. UU.,98208.0
12339,Corporate,Honolulu,HI,EE. UU.,96817.0
12595,Corporate,Corona,NY,EE. UU.,11368.0
12694,Corporate,Philadelphia,PA,EE. UU.,19131.0
12655,Corporate,Denver,CO,EE. UU.,80219.0
12438,Corporate,Littleton,CO,EE. UU.,80126.0
12953,Corporate,Brooklyn,NY,EE. UU.,11211.0
15118,Corporate,Roseburg,OR,EE. UU.,97470.0
15095,Corporate,Glen Burnie,MD,EE. UU.,21061.0
12944,Corporate,Rancho Cordova,CA,EE. UU.,95670.0
15089,Corporate,Atlanta,GA,EE. UU.,30331.0
14304,Corporate,Far Rockaway,NY,EE. UU.,11691.0
2369,Corporate,Findlay,OH,EE. UU.,45840.0
12756,Corporate,Chicago,IL,EE. UU.,60617.0
12501,Corporate,Princeton,NJ,EE. UU.,8540.0
12608,Corporate,Chino,CA,EE. UU.,91710.0
12669,Corporate,Glendale,AZ,EE. UU.,85301.0
10199,Corporate,Miami,FL,EE. UU.,33162.0
1945,Corporate,Rego Park,NY,EE. UU.,11374.0
11483,Corporate,Piscataway,NJ,EE. UU.,8854.0
18096,Corporate,Baltimore,MD,EE. UU.,21218.0
18091,Corporate,Los Angeles,CA,EE. UU.,90004.0
18160,Corporate,New Orleans,LA,EE. UU.,70122.0
18067,Corporate,Houston,TX,EE. UU.,77072.0
19195,Corporate,Tucson,AZ,EE. UU.,85710.0
16392,Corporate,Stockbridge,GA,EE. UU.,30281.0
16391,Corporate,Yonkers,NY,EE. UU.,10701.0
19117,Corporate,Los Angeles,CA,EE. UU.,90027.0
19045,Corporate,Rancho Cucamonga,CA,EE. UU.,91730.0
19099,Corporate,Tinley Park,IL,EE. UU.,60477.0
16597,Corporate,Chicago,IL,EE. UU.,60617.0
19055,Corporate,Oceanside,CA,EE. UU.,92057.0
18772,Corporate,Cupertino,CA,EE. UU.,95014.0
15840,Corporate,College Station,TX,EE. UU.,77840.0
15874,Corporate,Mililani,HI,EE. UU.,96789.0
17417,Corporate,Cypress,CA,EE. UU.,90630.0
17740,Corporate,Albuquerque,NM,EE. UU.,87111.0
18391,Corporate,San Diego,CA,EE. UU.,92105.0
15,Corporate,Fontana,CA,EE. UU.,92336.0
17486,Corporate,York,PA,EE. UU.,17402.0
17921,Corporate,Lake Forest,CA,EE. UU.,92630.0
17485,Corporate,Carol Stream,IL,EE. UU.,60188.0
17299,Corporate,Riverside,CA,EE. UU.,92504.0
15975,Corporate,Washington,DC,EE. UU.,20011.0
20416,Corporate,Plano,TX,EE. UU.,75023.0
17386,Corporate,Irwin,PA,EE. UU.,15642.0
18522,Corporate,Campbell,CA,EE. UU.,95008.0
20649,Corporate,Hagerstown,MD,EE. UU.,21740.0
17966,Corporate,Visalia,CA,EE. UU.,93277.0
20720,Corporate,Edinburg,TX,EE. UU.,78539.0
11746,Corporate,Fresno,CA,EE. UU.,93722.0
18500,Corporate,Algonquin,IL,EE. UU.,60102.0
20681,Corporate,San Diego,CA,EE. UU.,92104.0
15484,Corporate,Chula Vista,CA,EE. UU.,91911.0
15537,Corporate,Mission Viejo,CA,EE. UU.,92692.0
18698,Corporate,Salem,OR,EE. UU.,97301.0
15620,Corporate,Broken Arrow,OK,EE. UU.,74012.0
15600,Corporate,Woonsocket,RI,EE. UU.,2895.0
15453,Corporate,Edison,NJ,EE. UU.,8817.0
18720,Corporate,Virginia Beach,VA,EE. UU.,23455.0
17534,Corporate,West Chester,PA,EE. UU.,19380.0
17603,Corporate,Winter Park,FL,EE. UU.,32792.0
17598,Corporate,Memphis,TN,EE. UU.,38127.0
17238,Corporate,Albuquerque,NM,EE. UU.,87111.0
16324,Corporate,Miami,FL,EE. UU.,33162.0
18585,Corporate,Brooklyn,NY,EE. UU.,11237.0
20069,Corporate,Brooklyn,NY,EE. UU.,11211.0
19796,Corporate,Long Beach,CA,EE. UU.,90805.0
16136,Corporate,Las Vegas,NV,EE. UU.,89121.0
20137,Corporate,New York,NY,EE. UU.,10021.0
20119,Corporate,Las Vegas,NV,EE. UU.,89103.0
19812,Corporate,North Hollywood,CA,EE. UU.,91605.0
19159,Corporate,Brooklyn,NY,EE. UU.,11209.0
19194,Corporate,Panorama City,CA,EE. UU.,91402.0
16605,Corporate,Elgin,IL,EE. UU.,60120.0
15884,Corporate,Chicago,IL,EE. UU.,60634.0
17630,Corporate,Hayward,CA,EE. UU.,94544.0
17647,Corporate,Santa Ana,CA,EE. UU.,92704.0
18421,Corporate,Carson,CA,EE. UU.,90745.0
20474,Corporate,Lancaster,OH,EE. UU.,43130.0
15408,Corporate,Memphis,TN,EE. UU.,38127.0
15473,Corporate,Houston,TX,EE. UU.,77072.0
20135,Corporate,San Marcos,TX,EE. UU.,78666.0
17119,Corporate,Atlanta,GA,EE. UU.,30331.0
20097,Corporate,El Cajon,CA,EE. UU.,92021.0
20258,Corporate,Brighton,MA,EE. UU.,2135.0
20000,Corporate,Modesto,CA,EE. UU.,95351.0
17160,Corporate,Austin,TX,EE. UU.,78745.0
18578,Corporate,San Diego,CA,EE. UU.,92104.0
17839,Corporate,Newark,DE,EE. UU.,19702.0
2898,Corporate,Victorville,CA,EE. UU.,92392.0
2438,Corporate,Brooklyn,NY,EE. UU.,11221.0
3512,Corporate,Clovis,CA,EE. UU.,93611.0
11754,Corporate,Canton,MI,EE. UU.,48187.0
2489,Corporate,San Antonio,TX,EE. UU.,78240.0
2730,Corporate,Brooklyn,NY,EE. UU.,11201.0
10968,Corporate,Elgin,IL,EE. UU.,60120.0
741,Corporate,Brooklyn,NY,EE. UU.,11211.0
4774,Corporate,Honolulu,HI,EE. UU.,96822.0
11234,Corporate,Baltimore,MD,EE. UU.,21215.0
3324,Corporate,Aurora,CO,EE. UU.,80012.0
8387,Corporate,Waipahu,HI,EE. UU.,96797.0
699,Corporate,Houston,TX,EE. UU.,77036.0
8402,Corporate,Brooklyn,NY,EE. UU.,11211.0
2340,Corporate,Greeley,CO,EE. UU.,80631.0
9914,Corporate,Far Rockaway,NY,EE. UU.,11691.0
14540,Corporate,Reynoldsburg,OH,EE. UU.,43068.0
13293,Corporate,Houston,TX,EE. UU.,77083.0
13041,Corporate,Brooklyn,NY,EE. UU.,11236.0
13491,Corporate,Weslaco,TX,EE. UU.,78596.0
14486,Corporate,Doylestown,PA,EE. UU.,18901.0
14076,Corporate,Bell Gardens,CA,EE. UU.,90201.0
13274,Corporate,Tinley Park,IL,EE. UU.,60477.0
14521,Corporate,Los Angeles,CA,EE. UU.,90033.0
13346,Corporate,Hilliard,OH,EE. UU.,43026.0
14611,Corporate,Austin,TX,EE. UU.,78704.0
14610,Corporate,Brooklyn,NY,EE. UU.,11204.0
14217,Corporate,Napa,CA,EE. UU.,94558.0
13289,Corporate,Rowland Heights,CA,EE. UU.,91748.0
14379,Corporate,Baltimore,MD,EE. UU.,21229.0
14410,Corporate,Wheaton,IL,EE. UU.,60187.0
14144,Corporate,Arlington,TX,EE. UU.,76010.0
13360,Corporate,Eugene,OR,EE. UU.,97402.0
14324,Corporate,Ypsilanti,MI,EE. UU.,48197.0
14606,Corporate,Troy,MI,EE. UU.,48098.0
14250,Corporate,Newark,DE,EE. UU.,19702.0
14088,Corporate,Raleigh,NC,EE. UU.,27610.0
14479,Corporate,Medina,OH,EE. UU.,44256.0
14640,Corporate,Hamtramck,MI,EE. UU.,48212.0
13393,Corporate,Stockton,CA,EE. UU.,95206.0
14357,Corporate,Longmont,CO,EE. UU.,80501.0
14460,Corporate,Poway,CA,EE. UU.,92064.0
13446,Corporate,Walnut,CA,EE. UU.,91789.0
14212,Corporate,Glendale,AZ,EE. UU.,85301.0
14248,Corporate,Elgin,IL,EE. UU.,60123.0
14673,Corporate,West New York,NJ,EE. UU.,7093.0
14618,Corporate,Elk Grove,CA,EE. UU.,95758.0
14100,Corporate,Jackson,MI,EE. UU.,49201.0
14388,Corporate,Silver Spring,MD,EE. UU.,20904.0
13082,Corporate,Ann Arbor,MI,EE. UU.,48103.0
13099,Corporate,Pacoima,CA,EE. UU.,91331.0
14279,Corporate,Lawton,OK,EE. UU.,73505.0
14652,Corporate,Fremont,CA,EE. UU.,94539.0
13368,Corporate,Middletown,OH,EE. UU.,45044.0
13296,Corporate,Houston,TX,EE. UU.,77081.0
14224,Corporate,Fort Lauderdale,FL,EE. UU.,33324.0
14651,Corporate,Hayward,CA,EE. UU.,94544.0
13456,Corporate,Quincy,MA,EE. UU.,2169.0
14150,Corporate,Crystal Lake,IL,EE. UU.,60014.0
14523,Corporate,San Benito,TX,EE. UU.,78586.0
13438,Corporate,Milpitas,CA,EE. UU.,95035.0
13366,Corporate,Mission Viejo,CA,EE. UU.,92692.0
5420,Corporate,Muskegon,MI,EE. UU.,49442.0
14843,Corporate,Lake Forest,CA,EE. UU.,92630.0
13716,Corporate,San Diego,CA,EE. UU.,92114.0
13589,Corporate,Woodbridge,VA,EE. UU.,22192.0
13661,Corporate,Scottsdale,AZ,EE. UU.,85254.0
12759,Corporate,New York,NY,EE. UU.,10025.0
13966,Corporate,West Chester,PA,EE. UU.,19382.0
13570,Corporate,San Jose,CA,EE. UU.,95148.0
13623,Corporate,Danbury,CT,EE. UU.,6810.0
10947,Corporate,Edison,NJ,EE. UU.,8817.0
13982,Corporate,Corona,CA,EE. UU.,92879.0
14909,Corporate,Palatine,IL,EE. UU.,60067.0
13675,Corporate,Chicago,IL,EE. UU.,60640.0
14747,Corporate,Anaheim,CA,EE. UU.,92802.0
12773,Corporate,New Haven,CT,EE. UU.,6511.0
14872,Corporate,Albuquerque,NM,EE. UU.,87120.0
14781,Corporate,New York,NY,EE. UU.,10024.0
13673,Corporate,Houston,TX,EE. UU.,77080.0
14907,Corporate,Hamtramck,MI,EE. UU.,48212.0
13960,Corporate,La Mirada,CA,EE. UU.,90638.0
13726,Corporate,Chesapeake,VA,EE. UU.,23322.0
14708,Corporate,Goose Creek,SC,EE. UU.,29445.0
13797,Corporate,San Francisco,CA,EE. UU.,94109.0
13563,Corporate,Chicago,IL,EE. UU.,60624.0
14779,Corporate,Lawton,OK,EE. UU.,73505.0
13959,Corporate,Van Nuys,CA,EE. UU.,91405.0
13688,Corporate,New York,NY,EE. UU.,10016.0
10064,Corporate,Longview,WA,EE. UU.,98632.0
8700,Home Office,Milwaukee,WI,EE. UU.,53215.0
5666,Consumer,Caguas,PR,Puerto Rico,725.0
11270,Consumer,Brooklyn,NY,EE. UU.,11226.0
4720,Consumer,Caguas,PR,Puerto Rico,725.0
1055,Home Office,Weslaco,TX,EE. UU.,78596.0
7076,Home Office,Clovis,CA,EE. UU.,93611.0
10964,Home Office,Portland,OR,EE. UU.,97229.0
8781,Home Office,Miami,FL,EE. UU.,33186.0
4115,Home Office,Chicago,IL,EE. UU.,60644.0
11454,Home Office,Fort Lauderdale,FL,EE. UU.,33324.0
2949,Consumer,Philadelphia,PA,EE. UU.,19104.0
441,Home Office,Brooklyn,NY,EE. UU.,11213.0
7679,Consumer,Caguas,PR,Puerto Rico,725.0
8195,Consumer,Caguas,PR,Puerto Rico,725.0
9411,Home Office,Huntington Station,NY,EE. UU.,11746.0
11899,Consumer,Mount Pleasant,MI,EE. UU.,48858.0
8443,Consumer,Caguas,PR,Puerto Rico,725.0
11341,Consumer,Caguas,PR,Puerto Rico,725.0
12391,Home Office,Caguas,PR,Puerto Rico,725.0
4442,Corporate,Caguas,PR,Puerto Rico,725.0
1413,Home Office,Chicago,IL,EE. UU.,60628.0
9184,Home Office,Caguas,PR,Puerto Rico,725.0
11070,Corporate,Caguas,PR,Puerto Rico,725.0
11990,Home Office,Hialeah,FL,EE. UU.,33016.0
9472,Home Office,Huntington Beach,CA,EE. UU.,92646.0
4647,Consumer,Caguas,PR,Puerto Rico,725.0
10276,Home Office,Rego Park,NY,EE. UU.,11374.0
5808,Home Office,Denver,CO,EE. UU.,80231.0
1990,Home Office,Tempe,AZ,EE. UU.,85282.0
4077,Consumer,Los Angeles,CA,EE. UU.,90001.0
8166,Home Office,Aurora,IL,EE. UU.,60504.0
7089,Consumer,Juana Diaz,PR,Puerto Rico,795.0
9911,Consumer,Caguas,PR,Puerto Rico,725.0
6531,Consumer,San Marcos,CA,EE. UU.,92069.0
12144,Consumer,Los Angeles,CA,EE. UU.,90065.0
12003,Home Office,Bakersfield,CA,EE. UU.,93306.0
4904,Home Office,Jersey City,NJ,EE. UU.,7307.0
6427,Home Office,Union,NJ,EE. UU.,7083.0
8044,Home Office,Gaithersburg,MD,EE. UU.,20878.0
8626,Home Office,Indianapolis,IN,EE. UU.,46227.0
8881,Consumer,Caguas,PR,Puerto Rico,725.0
2209,Consumer,Caguas,PR,Puerto Rico,725.0
4586,Consumer,Cleveland,OH,EE. UU.,44118.0
2754,Home Office,Vacaville,CA,EE. UU.,95687.0
4702,Home Office,Napa,CA,EE. UU.,94558.0
12357,Consumer,Morristown,NJ,EE. UU.,7960.0
2279,Home Office,Caguas,PR,Puerto Rico,725.0
6502,Home Office,Caguas,PR,Puerto Rico,725.0
6930,Home Office,Honolulu,HI,EE. UU.,96819.0
8869,Consumer,Caguas,PR,Puerto Rico,725.0
11951,Home Office,Hamtramck,MI,EE. UU.,48212.0
457,Home Office,Brooklyn,NY,EE. UU.,11230.0
5404,Consumer,Caguas,PR,Puerto Rico,725.0
1857,Consumer,San Sebastian,PR,Puerto Rico,685.0
11949,Home Office,Opelousas,LA,EE. UU.,70570.0
3775,Home Office,Mentor,OH,EE. UU.,44060.0
11732,Consumer,Caguas,PR,Puerto Rico,725.0
11644,Consumer,Caguas,PR,Puerto Rico,725.0
2868,Home Office,Atlanta,GA,EE. UU.,30331.0
3082,Home Office,Saint Charles,MO,EE. UU.,63301.0
114,Home Office,Bellflower,CA,EE. UU.,90706.0
3827,Corporate,Caguas,PR,Puerto Rico,725.0
12028,Home Office,Newark,NJ,EE. UU.,7104.0
2954,Home Office,Martinsburg,WV,EE. UU.,25401.0
2993,Consumer,Atlanta,GA,EE. UU.,30349.0
3801,Consumer,Caguas,PR,Puerto Rico,725.0
7953,Consumer,Caguas,PR,Puerto Rico,725.0
538,Consumer,Wilmington,CA,EE. UU.,90744.0
1838,Home Office,Ontario,CA,EE. UU.,91764.0
9302,Consumer,Caguas,PR,Puerto Rico,725.0
2231,Home Office,Florissant,MO,EE. UU.,63033.0
10991,Consumer,Houston,TX,EE. UU.,77081.0
7075,Home Office,San Jose,CA,EE. UU.,95112.0
5949,Consumer,Laguna Hills,CA,EE. UU.,92653.0
6355,Home Office,Caguas,PR,Puerto Rico,725.0
4992,Consumer,Caguas,PR,Puerto Rico,725.0
9729,Home Office,Washington,DC,EE. UU.,20020.0
3952,Home Office,Tucson,AZ,EE. UU.,85706.0
10617,Home Office,Brooklyn,NY,EE. UU.,11204.0
3581,Consumer,Caguas,PR,Puerto Rico,725.0
10578,Consumer,Caguas,PR,Puerto Rico,725.0
11902,Corporate,Caguas,PR,Puerto Rico,725.0
7717,Home Office,Princeton,NJ,EE. UU.,8540.0
11095,Consumer,Lompoc,CA,EE. UU.,93436.0
9343,Consumer,Salina,KS,EE. UU.,67401.0
2689,Consumer,Caguas,PR,Puerto Rico,725.0
502,Home Office,South Richmond Hill,NY,EE. UU.,11419.0
6772,Consumer,Caguas,PR,Puerto Rico,725.0
10543,Home Office,Cleveland,OH,EE. UU.,44109.0
12145,Consumer,Caguas,PR,Puerto Rico,725.0
6953,Home Office,Brooklyn,NY,EE. UU.,11226.0
1832,Consumer,Caguas,PR,Puerto Rico,725.0
10496,Home Office,Longview,WA,EE. UU.,98632.0
6747,Home Office,San Diego,CA,EE. UU.,92154.0
10227,Corporate,Caguas,PR,Puerto Rico,725.0
2423,Home Office,Caguas,PR,Puerto Rico,725.0
8069,Home Office,Highland Park,MI,EE. UU.,48203.0
4009,Consumer,Elgin,IL,EE. UU.,60120.0
4984,Home Office,Philadelphia,PA,EE. UU.,19134.0
8001,Home Office,Houston,TX,EE. UU.,77088.0
12172,Home Office,Aurora,CO,EE. UU.,80015.0
2678,Home Office,Simi Valley,CA,EE. UU.,93063.0
6782,Consumer,Roseburg,OR,EE. UU.,97470.0
4536,Consumer,Caguas,PR,Puerto Rico,725.0
470,Consumer,Far Rockaway,NY,EE. UU.,11691.0
80,Corporate,Caguas,PR,Puerto Rico,725.0
6021,Consumer,Bellflower,CA,EE. UU.,90706.0
10210,Home Office,Modesto,CA,EE. UU.,95350.0
6088,Home Office,Caguas,PR,Puerto Rico,725.0
11919,Home Office,New York,NY,EE. UU.,10011.0
2810,Consumer,Caguas,PR,Puerto Rico,725.0
4457,Consumer,Caguas,PR,Puerto Rico,725.0
9777,Consumer,Caguas,PR,Puerto Rico,725.0
12016,Corporate,Trujillo Alto,PR,Puerto Rico,976.0
4598,Consumer,Aurora,CO,EE. UU.,80013.0
8823,Home Office,Van Nuys,CA,EE. UU.,91406.0
12260,Home Office,Muskegon,MI,EE. UU.,49442.0
2713,Consumer,Caguas,PR,Puerto Rico,725.0
4243,Consumer,Caguas,PR,Puerto Rico,725.0
1510,Consumer,Caguas,PR,Puerto Rico,725.0
7144,Home Office,New York,NY,EE. UU.,10128.0
8699,Corporate,Caguas,PR,Puerto Rico,725.0
9435,Home Office,Granada Hills,CA,EE. UU.,91344.0
11164,Home Office,Oxnard,CA,EE. UU.,93033.0
2115,Consumer,Caguas,PR,Puerto Rico,725.0
865,Consumer,Caguas,PR,Puerto Rico,725.0
9714,Home Office,Seattle,WA,EE. UU.,98115.0
9167,Consumer,Philadelphia,PA,EE. UU.,19145.0
12156,Consumer,Caguas,PR,Puerto Rico,725.0
3950,Home Office,York,PA,EE. UU.,17402.0
5675,Consumer,Caguas,PR,Puerto Rico,725.0
8439,Consumer,Chino Hills,CA,EE. UU.,91709.0
11579,Home Office,Cleveland,OH,EE. UU.,44118.0
3061,Home Office,Los Angeles,CA,EE. UU.,90004.0
2987,Corporate,Caguas,PR,Puerto Rico,725.0
11482,Home Office,Caguas,PR,Puerto Rico,725.0
4198,Home Office,Los Angeles,CA,EE. UU.,90011.0
5680,Home Office,Pomona,CA,EE. UU.,91767.0
7299,Consumer,Caguas,PR,Puerto Rico,725.0
7399,Home Office,Los Angeles,CA,EE. UU.,90006.0
10175,Home Office,Brooklyn,NY,EE. UU.,11226.0
1905,Home Office,Chicago,IL,EE. UU.,60651.0
607,Consumer,Caguas,PR,Puerto Rico,725.0
10120,Home Office,Moreno Valley,CA,EE. UU.,92557.0
876,Home Office,Aurora,CO,EE. UU.,80012.0
9291,Consumer,Caguas,PR,Puerto Rico,725.0
1241,Corporate,Caguas,PR,Puerto Rico,725.0
9677,Home Office,Tracy,CA,EE. UU.,95376.0
2888,Consumer,Caguas,PR,Puerto Rico,725.0
10108,Home Office,El Paso,TX,EE. UU.,79924.0
5114,Consumer,San Antonio,TX,EE. UU.,78227.0
4549,Consumer,Caguas,PR,Puerto Rico,725.0
9708,Home Office,Los Angeles,CA,EE. UU.,90026.0
9701,Home Office,Strongsville,OH,EE. UU.,44136.0
11154,Home Office,Granada Hills,CA,EE. UU.,91344.0
2215,Home Office,Hayward,CA,EE. UU.,94544.0
5683,Home Office,Cleveland,OH,EE. UU.,44118.0
5346,Corporate,Caguas,PR,Puerto Rico,725.0
925,Consumer,Caguas,PR,Puerto Rico,725.0
3517,Consumer,Piscataway,NJ,EE. UU.,8854.0
6946,Corporate,Caguas,PR,Puerto Rico,725.0
11055,Home Office,Everett,WA,EE. UU.,98208.0
5750,Consumer,Webster,NY,EE. UU.,14580.0
12170,Consumer,Caguas,PR,Puerto Rico,725.0
3072,Consumer,Hampton,VA,EE. UU.,23666.0
4152,Consumer,Brooklyn,NY,EE. UU.,11234.0
2866,Consumer,Caguas,PR,Puerto Rico,725.0
1501,Consumer,Elmhurst,IL,EE. UU.,60126.0
5489,Consumer,Caguas,PR,Puerto Rico,725.0
3504,Corporate,Caguas,PR,Puerto Rico,725.0
7387,Home Office,Phoenix,AZ,EE. UU.,85033.0
422,Consumer,Caguas,PR,Puerto Rico,725.0
9394,Home Office,Fresno,CA,EE. UU.,93702.0
12130,Home Office,Rock Hill,SC,EE. UU.,29730.0
5871,Home Office,Bronx,NY,EE. UU.,10453.0
748,Home Office,Del Rio,TX,EE. UU.,78840.0
1571,Consumer,Caguas,PR,Puerto Rico,725.0
5878,Consumer,Caguas,PR,Puerto Rico,725.0
3413,Home Office,Madera,CA,EE. UU.,93638.0
7349,Corporate,Caguas,PR,Puerto Rico,725.0
8464,Home Office,West Chester,PA,EE. UU.,19380.0
359,Consumer,Caguas,PR,Puerto Rico,725.0
1430,Home Office,Philadelphia,PA,EE. UU.,19145.0
9297,Home Office,Fremont,CA,EE. UU.,94536.0
10329,Consumer,Caguas,PR,Puerto Rico,725.0
11376,Home Office,Houston,TX,EE. UU.,77093.0
1452,Home Office,Plainfield,NJ,EE. UU.,7060.0
3929,Home Office,Methuen,MA,EE. UU.,1844.0
2593,Home Office,Piscataway,NJ,EE. UU.,8854.0
8482,Consumer,Phoenix,AZ,EE. UU.,85009.0
10322,Consumer,North Las Vegas,NV,EE. UU.,89030.0
8896,Home Office,Joliet,IL,EE. UU.,60435.0
4425,Consumer,Caguas,PR,Puerto Rico,725.0
9864,Consumer,Carol Stream,IL,EE. UU.,60188.0
889,Home Office,San Marcos,CA,EE. UU.,92069.0
894,Consumer,Caguas,PR,Puerto Rico,725.0
5569,Home Office,Davis,CA,EE. UU.,95616.0
8312,Home Office,Chicago,IL,EE. UU.,60622.0
1286,Home Office,Las Vegas,NV,EE. UU.,89101.0
11677,Home Office,Phoenix,AZ,EE. UU.,85022.0
7244,Home Office,College Station,TX,EE. UU.,77840.0
5653,Home Office,Lancaster,SC,EE. UU.,29720.0
1569,Home Office,San Diego,CA,EE. UU.,92115.0
7595,Home Office,Irwin,PA,EE. UU.,15642.0
5164,Home Office,Metairie,LA,EE. UU.,70003.0
8178,Home Office,Memphis,TN,EE. UU.,38116.0
7190,Consumer,Caguas,PR,Puerto Rico,725.0
5775,Home Office,Los Angeles,CA,EE. UU.,90004.0
8706,Home Office,Brandon,FL,EE. UU.,33511.0
8467,Home Office,Cordova,TN,EE. UU.,38018.0
1885,Home Office,Columbia,SC,EE. UU.,29223.0
11184,Consumer,La Puente,CA,EE. UU.,91744.0
12347,Home Office,Daly City,CA,EE. UU.,94014.0
13,Home Office,Caguas,PR,Puerto Rico,725.0
11738,Corporate,Caguas,PR,Puerto Rico,725.0
3216,Home Office,Newark,NJ,EE. UU.,7105.0
3522,Consumer,Caguas,PR,Puerto Rico,725.0
2040,Consumer,Caguas,PR,Puerto Rico,725.0
6591,Home Office,Philadelphia,PA,EE. UU.,19145.0
7166,Home Office,Victorville,CA,EE. UU.,92392.0
8803,Consumer,Caguas,PR,Puerto Rico,725.0
4677,Home Office,Valrico,FL,EE. UU.,33594.0
3907,Corporate,Caguas,PR,Puerto Rico,725.0
1943,Home Office,Baltimore,MD,EE. UU.,21229.0
7524,Home Office,Mchenry,IL,EE. UU.,60050.0
512,Consumer,Fremont,CA,EE. UU.,94539.0
7671,Corporate,Caguas,PR,Puerto Rico,725.0
5668,Consumer,Caguas,PR,Puerto Rico,725.0
4319,Consumer,Tampa,FL,EE. UU.,33624.0
6219,Consumer,Caguas,PR,Puerto Rico,725.0
4000,Consumer,Memphis,TN,EE. UU.,38109.0
9365,Home Office,Cleveland,OH,EE. UU.,44118.0
7317,Consumer,Caguas,PR,Puerto Rico,725.0
8337,Home Office,Chicago,IL,EE. UU.,60616.0
3470,Home Office,Algonquin,IL,EE. UU.,60102.0
372,Home Office,Caguas,PR,Puerto Rico,725.0
2679,Home Office,Brownsville,TX,EE. UU.,78520.0
311,Home Office,Austin,TX,EE. UU.,78753.0
11514,Home Office,Tallahassee,FL,EE. UU.,32308.0
11785,Home Office,Loveland,OH,EE. UU.,45140.0
2427,Home Office,Brooklyn,NY,EE. UU.,11236.0
9012,Home Office,Alameda,CA,EE. UU.,94501.0
20756,Corporate,Berwyn,IL,EE. UU.,60402.0
19767,Corporate,Flushing,NY,EE. UU.,11354.0
19766,Consumer,Caguas,PR,Puerto Rico,725.0
19765,Corporate,Enfield,CT,EE. UU.,6082.0
19764,Corporate,South Ozone Park,NY,EE. UU.,11420.0
19763,Consumer,Lawrenceville,GA,EE. UU.,30043.0
19762,Consumer,Caguas,PR,Puerto Rico,725.0
19761,Home Office,Fort Worth,TX,EE. UU.,76133.0
19760,Home Office,Bayamon,PR,Puerto Rico,957.0
19759,Home Office,Caguas,PR,Puerto Rico,725.0
19758,Home Office,Pompano Beach,FL,EE. UU.,33068.0
19757,Home Office,Caguas,PR,Puerto Rico,725.0
19756,Home Office,Las Vegas,NV,EE. UU.,89123.0
19755,Home Office,Phoenix,AZ,EE. UU.,85033.0
19754,Home Office,Caguas,PR,Puerto Rico,725.0
19753,Corporate,Jacksonville,FL,EE. UU.,32244.0
19752,Corporate,Lynn,MA,EE. UU.,1902.0
19751,Corporate,Caguas,PR,Puerto Rico,725.0
19750,Consumer,Lancaster,PA,EE. UU.,17601.0
19749,Corporate,Caguas,PR,Puerto Rico,725.0
19748,Home Office,Dearborn,MI,EE. UU.,48126.0
19747,Home Office,Modesto,CA,EE. UU.,95350.0
19746,Corporate,Caguas,PR,Puerto Rico,725.0
19745,Corporate,Gaithersburg,MD,EE. UU.,20878.0
19744,Corporate,Caguas,PR,Puerto Rico,725.0
19743,Home Office,Portland,OR,EE. UU.,97206.0
19742,Home Office,Caguas,PR,Puerto Rico,725.0
19741,Home Office,San Marcos,TX,EE. UU.,78666.0
19740,Home Office,Los Angeles,CA,EE. UU.,90019.0
19739,Consumer,Antioch,CA,EE. UU.,94509.0
19738,Home Office,Caguas,PR,Puerto Rico,725.0
19737,Home Office,Louisville,KY,EE. UU.,40214.0
19736,Home Office,Lindenhurst,NY,EE. UU.,11757.0
19735,Home Office,Hayward,CA,EE. UU.,94541.0
19734,Home Office,Caguas,PR,Puerto Rico,725.0
19733,Home Office,Irwin,PA,EE. UU.,15642.0
19732,Home Office,Caguas,PR,Puerto Rico,725.0
19731,Home Office,Los Angeles,CA,EE. UU.,90033.0
19730,Corporate,Waukegan,IL,EE. UU.,60085.0
19729,Corporate,Caguas,PR,Puerto Rico,725.0
19728,Consumer,Dundalk,MD,EE. UU.,21222.0
19727,Consumer,Los Angeles,CA,EE. UU.,90042.0
19726,Consumer,Caguas,PR,Puerto Rico,725.0
19725,Consumer,Lombard,IL,EE. UU.,60148.0
19724,Consumer,Chino,CA,EE. UU.,91710.0
19723,Consumer,Caguas,PR,Puerto Rico,725.0
19722,Consumer,Broomfield,CO,EE. UU.,80020.0
19721,Consumer,Bronx,NY,EE. UU.,10466.0
19720,Consumer,Caguas,PR,Puerto Rico,725.0
19719,Consumer,Columbus,OH,EE. UU.,43228.0
19718,Consumer,Florissant,MO,EE. UU.,63031.0
19717,Corporate,Antioch,CA,EE. UU.,94509.0
19716,Consumer,Caguas,PR,Puerto Rico,725.0
19715,Corporate,Rio Rancho,NM,EE. UU.,87124.0
19714,Corporate,Caguas,PR,Puerto Rico,725.0
19713,Consumer,Hialeah,FL,EE. UU.,33010.0
19712,Corporate,Brooklyn,NY,EE. UU.,11229.0
19711,Corporate,Corona,NY,EE. UU.,11368.0
19710,Home Office,Caguas,PR,Puerto Rico,725.0
19709,Consumer,Citrus Heights,CA,EE. UU.,95610.0
19708,Consumer,Los Angeles,CA,EE. UU.,90001.0
19707,Consumer,Caguas,PR,Puerto Rico,725.0
19706,Consumer,Brandon,FL,EE. UU.,33511.0
19705,Corporate,Hollywood,FL,EE. UU.,33021.0
19704,Consumer,Caguas,PR,Puerto Rico,725.0
19703,Consumer,Richmond,TX,EE. UU.,77469.0
19702,Home Office,Union,NJ,EE. UU.,7083.0
19701,Corporate,Colton,CA,EE. UU.,92324.0
19700,Corporate,Caguas,PR,Puerto Rico,725.0
19699,Consumer,Hanover,PA,EE. UU.,17331.0
19698,Consumer,Caguas,PR,Puerto Rico,725.0
19697,Corporate,Dayton,OH,EE. UU.,45424.0
19696,Corporate,Bronx,NY,EE. UU.,10462.0
19695,Consumer,Caguas,PR,Puerto Rico,725.0
19694,Consumer,Opa Locka,FL,EE. UU.,33055.0
19693,Consumer,Brooklyn,NY,EE. UU.,11203.0
19692,Consumer,Caguas,PR,Puerto Rico,725.0
19691,Consumer,San Diego,CA,EE. UU.,92104.0
19690,Consumer,Caguas,PR,Puerto Rico,725.0
19689,Consumer,Broken Arrow,OK,EE. UU.,74012.0
19688,Home Office,Lynn,MA,EE. UU.,1902.0
19687,Home Office,Caguas,PR,Puerto Rico,725.0
19686,Home Office,Brooklyn,NY,EE. UU.,11224.0
19685,Home Office,Brooklyn,NY,EE. UU.,11219.0
19684,Corporate,Caguas,PR,Puerto Rico,725.0
19683,Corporate,Methuen,MA,EE. UU.,1844.0
19682,Consumer,Aurora,IL,EE. UU.,60504.0
19681,Consumer,Caguas,PR,Puerto Rico,725.0
19680,Corporate,Augusta,GA,EE. UU.,30906.0
19679,Consumer,Caguas,PR,Puerto Rico,725.0
19678,Corporate,Amarillo,TX,EE. UU.,79109.0
19677,Corporate,Oxnard,CA,EE. UU.,93030.0
19676,Corporate,Caguas,PR,Puerto Rico,725.0
19675,Consumer,Bend,OR,EE. UU.,97701.0
19674,Home Office,Cincinnati,OH,EE. UU.,45238.0
19673,Home Office,Caguas,PR,Puerto Rico,725.0
19672,Consumer,Bronx,NY,EE. UU.,10461.0
19671,Consumer,Caguas,PR,Puerto Rico,725.0
19670,Home Office,Ogden,UT,EE. UU.,84404.0
19669,Consumer,La Crosse,WI,EE. UU.,54601.0
19668,Corporate,Caguas,PR,Puerto Rico,725.0
19667,Corporate,West Covina,CA,EE. UU.,91790.0
19666,Corporate,Bellflower,CA,EE. UU.,90706.0
19665,Corporate,Caguas,PR,Puerto Rico,725.0
19664,Corporate,Middletown,OH,EE. UU.,45044.0
19663,Corporate,Caguas,PR,Puerto Rico,725.0
19662,Consumer,Beaverton,OR,EE. UU.,97006.0
19661,Home Office,Caguas,PR,Puerto Rico,725.0
19660,Consumer,Bronx,NY,EE. UU.,10462.0
19659,Consumer,Caguas,PR,Puerto Rico,725.0
19658,Consumer,Napa,CA,EE. UU.,94558.0
19657,Consumer,Caguas,PR,Puerto Rico,725.0
19656,Consumer,Saint Paul,MN,EE. UU.,55112.0
19655,Consumer,Broomfield,CO,EE. UU.,80020.0
19654,Consumer,Caguas,PR,Puerto Rico,725.0
19653,Consumer,Dorchester Center,MA,EE. UU.,2124.0
19652,Consumer,Caguas,PR,Puerto Rico,725.0
19651,Consumer,Las Vegas,NV,EE. UU.,89123.0
19650,Consumer,Caguas,PR,Puerto Rico,725.0
19649,Home Office,Phoenix,AZ,EE. UU.,85008.0
19648,Consumer,Caguas,PR,Puerto Rico,725.0
19647,Home Office,Hyattsville,MD,EE. UU.,20783.0
19646,Home Office,Caguas,PR,Puerto Rico,725.0
19645,Consumer,Annapolis,MD,EE. UU.,21401.0
19644,Consumer,Caguas,PR,Puerto Rico,725.0
19643,Consumer,Spring,TX,EE. UU.,77379.0
19642,Consumer,Caguas,PR,Puerto Rico,725.0
19641,Consumer,Escondido,CA,EE. UU.,92027.0
19640,Corporate,Atlanta,GA,EE. UU.,30318.0
19639,Corporate,Caguas,PR,Puerto Rico,725.0
19638,Consumer,Fort Worth,TX,EE. UU.,76106.0
19637,Consumer,Caguas,PR,Puerto Rico,725.0
19636,Consumer,Tampa,FL,EE. UU.,33624.0
19635,Consumer,Caguas,PR,Puerto Rico,725.0
19634,Corporate,San Antonio,TX,EE. UU.,78240.0
19633,Corporate,Ithaca,NY,EE. UU.,14850.0
19632,Corporate,Caguas,PR,Puerto Rico,725.0
19631,Corporate,Knoxville,TN,EE. UU.,37922.0
19630,Corporate,Parkville,MD,EE. UU.,21234.0
19629,Corporate,Caguas,PR,Puerto Rico,725.0
19628,Corporate,Los Angeles,CA,EE. UU.,90016.0
19627,Home Office,Caguas,PR,Puerto Rico,725.0
19626,Home Office,Jacksonville,NC,EE. UU.,28540.0
19625,Corporate,Caguas,PR,Puerto Rico,725.0
19624,Home Office,Vista,CA,EE. UU.,92084.0
19623,Home Office,Philadelphia,PA,EE. UU.,19145.0
19622,Home Office,Los Angeles,CA,EE. UU.,90042.0
19621,Home Office,Caguas,PR,Puerto Rico,725.0
19620,Corporate,Peoria,AZ,EE. UU.,85345.0
19619,Corporate,Chicago,IL,EE. UU.,60619.0
19618,Home Office,Caguas,PR,Puerto Rico,725.0
19617,Home Office,Princeton,NJ,EE. UU.,8540.0
19616,Home Office,Chicago,IL,EE. UU.,60647.0
19615,Home Office,Caguas,PR,Puerto Rico,725.0
19614,Home Office,Brooklyn,NY,EE. UU.,11223.0
19613,Home Office,Caguas,PR,Puerto Rico,725.0
19612,Home Office,Webster,NY,EE. UU.,14580.0
19611,Home Office,Sunnyvale,CA,EE. UU.,94086.0
19610,Home Office,Caguas,PR,Puerto Rico,725.0
19609,Home Office,Baltimore,MD,EE. UU.,21229.0
19608,Home Office,Caguas,PR,Puerto Rico,725.0
19607,Home Office,Phoenix,AZ,EE. UU.,85029.0
19606,Consumer,Caguas,PR,Puerto Rico,725.0
19605,Home Office,Roswell,GA,EE. UU.,30075.0
19604,Consumer,Chicago,IL,EE. UU.,60622.0
19603,Consumer,Caguas,PR,Puerto Rico,725.0
19602,Consumer,San Bernardino,CA,EE. UU.,92410.0
19601,Consumer,Caguas,PR,Puerto Rico,725.0
19600,Corporate,Strongsville,OH,EE. UU.,44136.0
19599,Consumer,Caguas,PR,Puerto Rico,725.0
19598,Consumer,Freeport,NY,EE. UU.,11520.0
19597,Consumer,Denver,CO,EE. UU.,80231.0
19596,Consumer,Napa,CA,EE. UU.,94558.0
19595,Consumer,Caguas,PR,Puerto Rico,725.0
19594,Consumer,Duluth,GA,EE. UU.,30096.0
19593,Consumer,Brooklyn,NY,EE. UU.,11230.0
19592,Consumer,Long Beach,CA,EE. UU.,90805.0
19591,Consumer,Caguas,PR,Puerto Rico,725.0
19590,Consumer,Opelousas,LA,EE. UU.,70570.0
19589,Consumer,Norfolk,VA,EE. UU.,23503.0
19588,Consumer,Caguas,PR,Puerto Rico,725.0
19587,Consumer,Oceanside,CA,EE. UU.,92056.0
19586,Corporate,Caguas,PR,Puerto Rico,725.0
19585,Corporate,Norfolk,VA,EE. UU.,23503.0
19584,Home Office,Caguas,PR,Puerto Rico,725.0
19583,Consumer,Albuquerque,NM,EE. UU.,87111.0
19582,Consumer,Caguas,PR,Puerto Rico,725.0
19581,Consumer,Fort Worth,TX,EE. UU.,76133.0
19580,Consumer,Longview,WA,EE. UU.,98632.0
19579,Consumer,Caguas,PR,Puerto Rico,725.0
19578,Consumer,Glenview,IL,EE. UU.,60025.0
19577,Consumer,Peoria,AZ,EE. UU.,85345.0
19576,Home Office,Caguas,PR,Puerto Rico,725.0
19575,Home Office,San Juan,PR,Puerto Rico,921.0
19574,Home Office,North Bergen,NJ,EE. UU.,7047.0
19573,Home Office,Caguas,PR,Puerto Rico,725.0
19572,Home Office,West New York,NJ,EE. UU.,7093.0
19571,Home Office,Caguas,PR,Puerto Rico,725.0
19570,Home Office,Martinez,CA,EE. UU.,94553.0
19569,Home Office,Taylor,MI,EE. UU.,48180.0
19568,Consumer,Caguas,PR,Puerto Rico,725.0
19567,Consumer,Fontana,CA,EE. UU.,92336.0
19566,Consumer,Pico Rivera,CA,EE. UU.,90660.0
19565,Consumer,Caguas,PR,Puerto Rico,725.0
19564,Consumer,San Antonio,TX,EE. UU.,78227.0
19563,Consumer,Caguas,PR,Puerto Rico,725.0
19562,Corporate,Stafford,VA,EE. UU.,22554.0
19561,Corporate,Caguas,PR,Puerto Rico,725.0
19560,Consumer,Lawrence,MA,EE. UU.,1841.0
19559,Consumer,Caguas,PR,Puerto Rico,725.0
19558,Corporate,Passaic,NJ,EE. UU.,7055.0
19557,Corporate,Caguas,PR,Puerto Rico,725.0
19556,Corporate,San Marcos,CA,EE. UU.,92069.0
19555,Corporate,Caguas,PR,Puerto Rico,725.0
19554,Home Office,Littleton,CO,EE. UU.,80126.0
19553,Home Office,Caguas,PR,Puerto Rico,725.0
19552,Corporate,Wyoming,MI,EE. UU.,49509.0
19551,Corporate,Caguas,PR,Puerto Rico,725.0
19550,Consumer,Chicago,IL,EE. UU.,60621.0
19549,Corporate,Caguas,PR,Puerto Rico,725.0
19548,Consumer,Anaheim,CA,EE. UU.,92805.0
19547,Corporate,Caguas,PR,Puerto Rico,725.0
19546,Consumer,Brooklyn,NY,EE. UU.,11209.0
19545,Consumer,Caguas,PR,Puerto Rico,725.0
19544,Consumer,West Covina,CA,EE. UU.,91790.0
19543,Consumer,Caguas,PR,Puerto Rico,725.0
19542,Home Office,San Diego,CA,EE. UU.,92115.0
19541,Consumer,Caguas,PR,Puerto Rico,725.0
19540,Consumer,Strongsville,OH,EE. UU.,44136.0
19539,Consumer,Caguas,PR,Puerto Rico,725.0
19538,Corporate,Austin,TX,EE. UU.,78704.0
19537,Corporate,Ithaca,NY,EE. UU.,14850.0
19536,Corporate,Virginia Beach,VA,EE. UU.,23464.0
19535,Corporate,San Diego,CA,EE. UU.,92105.0
19534,Consumer,Caguas,PR,Puerto Rico,725.0
19533,Consumer,Saint Paul,MN,EE. UU.,55106.0
19532,Consumer,Caguas,PR,Puerto Rico,725.0
19531,Consumer,Watsonville,CA,EE. UU.,95076.0
19530,Consumer,Edinburg,TX,EE. UU.,78539.0
19529,Consumer,Caguas,PR,Puerto Rico,725.0
19528,Consumer,Los Angeles,CA,EE. UU.,90047.0
19527,Consumer,Caguas,PR,Puerto Rico,725.0
19526,Consumer,Newark,NJ,EE. UU.,7104.0
19525,Consumer,Caguas,PR,Puerto Rico,725.0
19524,Consumer,Orange Park,FL,EE. UU.,32073.0
19523,Consumer,Caguas,PR,Puerto Rico,725.0
19522,Consumer,Lawrence,MA,EE. UU.,1841.0
19521,Home Office,Elmhurst,NY,EE. UU.,11373.0
19520,Corporate,Caguas,PR,Puerto Rico,725.0
19519,Corporate,Dorchester Center,MA,EE. UU.,2124.0
19518,Consumer,Caguas,PR,Puerto Rico,725.0
19517,Consumer,Diamond Bar,CA,EE. UU.,91765.0
19516,Consumer,San Pedro,CA,EE. UU.,90731.0
19515,Consumer,Caguas,PR,Puerto Rico,725.0
19514,Consumer,Powder Springs,GA,EE. UU.,30127.0
19513,Consumer,Baltimore,MD,EE. UU.,21215.0
19512,Consumer,Caguas,PR,Puerto Rico,725.0
19511,Consumer,Doylestown,PA,EE. UU.,18901.0
19510,Corporate,Vega Baja,PR,Puerto Rico,693.0
19509,Corporate,Caguas,PR,Puerto Rico,725.0
19508,Consumer,West Jordan,UT,EE. UU.,84084.0
19507,Home Office,Duluth,GA,EE. UU.,30096.0
19506,Home Office,Brooklyn,NY,EE. UU.,11210.0
19505,Corporate,Glendale,AZ,EE. UU.,85308.0
19504,Corporate,Caguas,PR,Puerto Rico,725.0
19503,Consumer,West Chester,PA,EE. UU.,19382.0
19502,Consumer,Caguas,PR,Puerto Rico,725.0
19501,Consumer,Sacramento,CA,EE. UU.,95823.0
19500,Consumer,Brooklyn,NY,EE. UU.,11219.0
19499,Consumer,Caguas,PR,Puerto Rico,725.0
19498,Consumer,Carol Stream,IL,EE. UU.,60188.0
19497,Home Office,Caguas,PR,Puerto Rico,725.0
19496,Home Office,Yauco,PR,Puerto Rico,698.0
19495,Consumer,Caguas,PR,Puerto Rico,725.0
19494,Consumer,Amarillo,TX,EE. UU.,79109.0
19493,Consumer,Fairfield,CA,EE. UU.,94533.0
17027,Home Office,Hanford,CA,EE. UU.,93230.0
17026,Corporate,Brooklyn,NY,EE. UU.,11220.0
17025,Home Office,Caguas,PR,Puerto Rico,725.0
17024,Home Office,Cleveland,OH,EE. UU.,44105.0
17023,Home Office,Caguas,PR,Puerto Rico,725.0
17022,Corporate,Virginia Beach,VA,EE. UU.,23462.0
17021,Home Office,Caguas,PR,Puerto Rico,725.0
17020,Corporate,Tempe,AZ,EE. UU.,85282.0
17019,Corporate,Caguas,PR,Puerto Rico,725.0
17018,Corporate,Rio Grande,PR,Puerto Rico,745.0
17017,Corporate,Caguas,PR,Puerto Rico,725.0
17016,Corporate,Phoenix,AZ,EE. UU.,85022.0
17015,Corporate,San Antonio,TX,EE. UU.,78250.0
17014,Home Office,Caguas,PR,Puerto Rico,725.0
17013,Corporate,Caguas,PR,Puerto Rico,725.0
17012,Corporate,Washington,PA,EE. UU.,15301.0
17011,Corporate,Caguas,PR,Puerto Rico,725.0
17010,Consumer,Clearfield,UT,EE. UU.,84015.0
17009,Consumer,Caguas,PR,Puerto Rico,725.0
17008,Consumer,Los Angeles,CA,EE. UU.,90033.0
17007,Consumer,Los Angeles,CA,EE. UU.,90026.0
17006,Corporate,Caguas,PR,Puerto Rico,725.0
17005,Corporate,Smyrna,GA,EE. UU.,30080.0
17004,Corporate,Wheaton,IL,EE. UU.,60187.0
17003,Corporate,Kent,WA,EE. UU.,98031.0
17002,Corporate,Caguas,PR,Puerto Rico,725.0
17001,Consumer,Seattle,WA,EE. UU.,98115.0
17000,Consumer,Caguas,PR,Puerto Rico,725.0
16999,Consumer,La Crosse,WI,EE. UU.,54601.0
16998,Consumer,Carson,CA,EE. UU.,90745.0
16997,Consumer,Caguas,PR,Puerto Rico,725.0
16996,Consumer,Guayama,PR,Puerto Rico,784.0
16995,Home Office,Joliet,IL,EE. UU.,60435.0
16994,Consumer,Bakersfield,CA,EE. UU.,93309.0
16993,Consumer,Caguas,PR,Puerto Rico,725.0
16992,Consumer,Detroit,MI,EE. UU.,48234.0
16991,Consumer,Caguas,PR,Puerto Rico,725.0
16990,Consumer,Saginaw,MI,EE. UU.,48601.0
16989,Consumer,Caguas,PR,Puerto Rico,725.0
16988,Consumer,Jacksonville,FL,EE. UU.,32244.0
16987,Consumer,Caguas,PR,Puerto Rico,725.0
16986,Consumer,Rome,NY,EE. UU.,13440.0
16985,Home Office,Caguas,PR,Puerto Rico,725.0
16984,Consumer,Hialeah,FL,EE. UU.,33016.0
16983,Consumer,Van Nuys,CA,EE. UU.,91405.0
16982,Consumer,Riverside,CA,EE. UU.,92509.0
16981,Consumer,Henderson,NV,EE. UU.,89014.0
16980,Corporate,Caguas,PR,Puerto Rico,725.0
16979,Corporate,Stone Mountain,GA,EE. UU.,30083.0
16978,Corporate,Irvington,NJ,EE. UU.,7111.0
16977,Corporate,Caguas,PR,Puerto Rico,725.0
16976,Corporate,Wichita,KS,EE. UU.,67212.0
16975,Corporate,Houston,TX,EE. UU.,77083.0
16974,Corporate,Zanesville,OH,EE. UU.,43701.0
16973,Corporate,Fort Lauderdale,FL,EE. UU.,33311.0
16972,Corporate,Caguas,PR,Puerto Rico,725.0
16971,Consumer,Los Angeles,CA,EE. UU.,90066.0
16970,Corporate,Caguas,PR,Puerto Rico,725.0
16969,Corporate,Oceanside,CA,EE. UU.,92056.0
16968,Corporate,Caguas,PR,Puerto Rico,725.0
16967,Consumer,Laredo,TX,EE. UU.,78046.0
16966,Home Office,Miami,FL,EE. UU.,33161.0
16965,Home Office,Bronx,NY,EE. UU.,10467.0
16964,Home Office,Caguas,PR,Puerto Rico,725.0
16963,Home Office,Findlay,OH,EE. UU.,45840.0
16962,Corporate,El Monte,CA,EE. UU.,91732.0
16961,Consumer,Caguas,PR,Puerto Rico,725.0
16960,Home Office,Potomac,MD,EE. UU.,20854.0
16959,Home Office,Caguas,PR,Puerto Rico,725.0
16958,Consumer,Wyoming,MI,EE. UU.,49509.0
16957,Consumer,Caguas,PR,Puerto Rico,725.0
16956,Home Office,Chicago,IL,EE. UU.,60621.0
16955,Consumer,Caguas,PR,Puerto Rico,725.0
16954,Consumer,Anaheim,CA,EE. UU.,92805.0
16953,Home Office,Caguas,PR,Puerto Rico,725.0
16952,Consumer,Brooklyn,NY,EE. UU.,11209.0
16951,Consumer,Caguas,PR,Puerto Rico,725.0
16950,Consumer,West Covina,CA,EE. UU.,91790.0
16949,Consumer,Caguas,PR,Puerto Rico,725.0
16948,Home Office,San Diego,CA,EE. UU.,92115.0
16947,Consumer,Caguas,PR,Puerto Rico,725.0
16946,Corporate,Strongsville,OH,EE. UU.,44136.0
16945,Corporate,Caguas,PR,Puerto Rico,725.0
16944,Corporate,Austin,TX,EE. UU.,78704.0
16943,Corporate,Ithaca,NY,EE. UU.,14850.0
16942,Consumer,Virginia Beach,VA,EE. UU.,23464.0
16941,Consumer,San Diego,CA,EE. UU.,92105.0
16940,Consumer,Caguas,PR,Puerto Rico,725.0
16939,Consumer,Saint Paul,MN,EE. UU.,55106.0
16938,Consumer,Caguas,PR,Puerto Rico,725.0
16937,Consumer,Watsonville,CA,EE. UU.,95076.0
16936,Consumer,Edinburg,TX,EE. UU.,78539.0
16935,Consumer,Caguas,PR,Puerto Rico,725.0
16934,Consumer,Los Angeles,CA,EE. UU.,90047.0
16933,Consumer,Caguas,PR,Puerto Rico,725.0
16932,Consumer,Newark,NJ,EE. UU.,7104.0
16931,Consumer,Caguas,PR,Puerto Rico,725.0
16930,Consumer,Orange Park,FL,EE. UU.,32073.0
16929,Consumer,Caguas,PR,Puerto Rico,725.0
16928,Consumer,Lawrence,MA,EE. UU.,1841.0
16927,Consumer,Elmhurst,NY,EE. UU.,11373.0
16926,Consumer,Caguas,PR,Puerto Rico,725.0
16925,Consumer,Dorchester Center,MA,EE. UU.,2124.0
16924,Home Office,Caguas,PR,Puerto Rico,725.0
16923,Consumer,Diamond Bar,CA,EE. UU.,91765.0
16922,Consumer,San Pedro,CA,EE. UU.,90731.0
16921,Home Office,Caguas,PR,Puerto Rico,725.0
16920,Home Office,Powder Springs,GA,EE. UU.,30127.0
16919,Home Office,Baltimore,MD,EE. UU.,21215.0
16918,Consumer,Caguas,PR,Puerto Rico,725.0
16917,Consumer,Doylestown,PA,EE. UU.,18901.0
16916,Consumer,Vega Baja,PR,Puerto Rico,693.0
16915,Corporate,Caguas,PR,Puerto Rico,725.0
16914,Home Office,West Jordan,UT,EE. UU.,84084.0
16913,Consumer,Duluth,GA,EE. UU.,30096.0
16912,Home Office,Brooklyn,NY,EE. UU.,11210.0
16911,Home Office,Glendale,AZ,EE. UU.,85308.0
16910,Home Office,Caguas,PR,Puerto Rico,725.0
16909,Home Office,West Chester,PA,EE. UU.,19382.0
16908,Consumer,Caguas,PR,Puerto Rico,725.0
16907,Consumer,Sacramento,CA,EE. UU.,95823.0
16906,Home Office,Brooklyn,NY,EE. UU.,11219.0
16905,Home Office,Caguas,PR,Puerto Rico,725.0
16904,Home Office,Carol Stream,IL,EE. UU.,60188.0
16903,Corporate,Caguas,PR,Puerto Rico,725.0
16902,Home Office,Yauco,PR,Puerto Rico,698.0
16901,Home Office,Caguas,PR,Puerto Rico,725.0
16900,Corporate,Amarillo,TX,EE. UU.,79109.0
16899,Consumer,Fairfield,CA,EE. UU.,94533.0
16898,Home Office,Caguas,PR,Puerto Rico,725.0
16897,Home Office,San Jose,CA,EE. UU.,95125.0
16896,Home Office,Los Angeles,CA,EE. UU.,90027.0
16895,Consumer,Caguas,PR,Puerto Rico,725.0
16894,Corporate,Tonawanda,NY,EE. UU.,14150.0
16893,Consumer,Caguas,PR,Puerto Rico,725.0
16892,Corporate,Miami,FL,EE. UU.,33162.0
16891,Corporate,Caguas,PR,Puerto Rico,725.0
16890,Corporate,San Ramon,CA,EE. UU.,94583.0
16889,Consumer,Caguas,PR,Puerto Rico,725.0
16888,Consumer,Freeport,NY,EE. UU.,11520.0
16887,Consumer,Salinas,CA,EE. UU.,93905.0
16886,Consumer,Caguas,PR,Puerto Rico,725.0
16885,Consumer,Peabody,MA,EE. UU.,1960.0
16884,Consumer,Caguas,PR,Puerto Rico,725.0
16883,Corporate,Canovanas,PR,Puerto Rico,729.0
16882,Corporate,Paramount,CA,EE. UU.,90723.0
16881,Home Office,Caguas,PR,Puerto Rico,725.0
16880,Home Office,Mount Prospect,IL,EE. UU.,60056.0
16879,Home Office,Long Beach,CA,EE. UU.,90813.0
16878,Home Office,Caguas,PR,Puerto Rico,725.0
16877,Home Office,Rancho Cordova,CA,EE. UU.,95670.0
16876,Consumer,Caguas,PR,Puerto Rico,725.0
16875,Home Office,Billings,MT,EE. UU.,59102.0
16874,Home Office,Caguas,PR,Puerto Rico,725.0
16873,Corporate,Wilkes Barre,PA,EE. UU.,18702.0
16872,Corporate,Caguas,PR,Puerto Rico,725.0
16871,Corporate,Roseville,MI,EE. UU.,48066.0
16870,Consumer,Bellflower,CA,EE. UU.,90706.0
16869,Consumer,Caguas,PR,Puerto Rico,725.0
16868,Consumer,Wheaton,IL,EE. UU.,60187.0
16867,Consumer,Caguas,PR,Puerto Rico,725.0
16866,Consumer,Detroit,MI,EE. UU.,48238.0
16865,Consumer,Dallas,TX,EE. UU.,75220.0
16864,Consumer,Caguas,PR,Puerto Rico,725.0
16863,Consumer,Carlisle,PA,EE. UU.,17013.0
16862,Consumer,Dallas,TX,EE. UU.,75228.0
16861,Corporate,Caguas,PR,Puerto Rico,725.0
16860,Consumer,Newark,DE,EE. UU.,19702.0
16859,Consumer,Panorama City,CA,EE. UU.,91402.0
16858,Corporate,Caguas,PR,Puerto Rico,725.0
16857,Corporate,Atlanta,GA,EE. UU.,30318.0
16856,Consumer,Caguas,PR,Puerto Rico,725.0
16855,Consumer,Fremont,CA,EE. UU.,94539.0
16854,Consumer,Caguas,PR,Puerto Rico,725.0
16853,Home Office,Rochester,NY,EE. UU.,14609.0
16852,Corporate,Dallas,TX,EE. UU.,75211.0
16851,Corporate,Caguas,PR,Puerto Rico,725.0
16850,Consumer,Sunnyvale,CA,EE. UU.,94087.0
16849,Consumer,Sugar Land,TX,EE. UU.,77478.0
16848,Consumer,Caguas,PR,Puerto Rico,725.0
16847,Consumer,Brighton,MA,EE. UU.,2135.0
16846,Consumer,Caguas,PR,Puerto Rico,725.0
16845,Home Office,Garden Grove,CA,EE. UU.,92840.0
16844,Home Office,Caguas,PR,Puerto Rico,725.0
16843,Corporate,Bismarck,ND,EE. UU.,58501.0
16842,Corporate,Caguas,PR,Puerto Rico,725.0
16841,Corporate,Gaithersburg,MD,EE. UU.,20878.0
16840,Consumer,Caguas,PR,Puerto Rico,725.0
16839,Consumer,Bismarck,ND,EE. UU.,58501.0
16838,Corporate,Honolulu,HI,EE. UU.,96817.0
16837,Consumer,Lilburn,GA,EE. UU.,30047.0
16836,Corporate,Caguas,PR,Puerto Rico,725.0
16835,Consumer,Virginia Beach,VA,EE. UU.,23455.0
16834,Corporate,Azusa,CA,EE. UU.,91702.0
16833,Corporate,Long Beach,CA,EE. UU.,90813.0
16832,Corporate,Bronx,NY,EE. UU.,10458.0
16831,Corporate,Caguas,PR,Puerto Rico,725.0
16830,Consumer,Provo,UT,EE. UU.,84604.0
16829,Consumer,Columbia,TN,EE. UU.,38401.0
16828,Consumer,Caguas,PR,Puerto Rico,725.0
16827,Consumer,Stockton,CA,EE. UU.,95207.0
16826,Consumer,Marietta,GA,EE. UU.,30062.0
16825,Consumer,Caguas,PR,Puerto Rico,725.0
16824,Consumer,Holland,MI,EE. UU.,49423.0
16823,Consumer,Rio Grande,PR,Puerto Rico,745.0
16822,Corporate,Brooklyn,NY,EE. UU.,11212.0
16821,Consumer,Caguas,PR,Puerto Rico,725.0
16820,Consumer,Denver,CO,EE. UU.,80219.0
16819,Corporate,Taylor,MI,EE. UU.,48180.0
16818,Corporate,Caguas,PR,Puerto Rico,725.0
16817,Corporate,Chicago,IL,EE. UU.,60637.0
16816,Corporate,Caguas,PR,Puerto Rico,725.0
16815,Corporate,Detroit,MI,EE. UU.,48205.0
16814,Corporate,Caguas,PR,Puerto Rico,725.0
16813,Corporate,Murfreesboro,TN,EE. UU.,37130.0
16812,Consumer,Caguas,PR,Puerto Rico,725.0
16811,Consumer,Cleveland,OH,EE. UU.,44102.0
16810,Consumer,Caguas,PR,Puerto Rico,725.0
16809,Home Office,Lockport,NY,EE. UU.,14094.0
16808,Consumer,Caguas,PR,Puerto Rico,725.0
16807,Home Office,Saint Charles,MO,EE. UU.,63301.0
16806,Home Office,Los Angeles,CA,EE. UU.,90046.0
16805,Home Office,Cupertino,CA,EE. UU.,95014.0
16804,Home Office,Caguas,PR,Puerto Rico,725.0
16803,Corporate,Springfield,MO,EE. UU.,65807.0
16802,Corporate,Caguas,PR,Puerto Rico,725.0
16801,Consumer,Mission Viejo,CA,EE. UU.,92692.0
16800,Consumer,Los Angeles,CA,EE. UU.,90042.0
16799,Consumer,Caguas,PR,Puerto Rico,725.0
16798,Consumer,Roswell,GA,EE. UU.,30075.0
16797,Consumer,Caguas,PR,Puerto Rico,725.0
16796,Consumer,Ypsilanti,MI,EE. UU.,48197.0
16795,Consumer,Brooklyn,NY,EE. UU.,11218.0
16794,Consumer,Caguas,PR,Puerto Rico,725.0
16793,Consumer,Peoria,AZ,EE. UU.,85345.0
16792,Consumer,Caguas,PR,Puerto Rico,725.0
16791,Home Office,Garden Grove,CA,EE. UU.,92843.0
16790,Consumer,Caguas,PR,Puerto Rico,725.0
16789,Corporate,Clementon,NJ,EE. UU.,8021.0
16788,Corporate,Memphis,TN,EE. UU.,38127.0
16787,Corporate,Antioch,TN,EE. UU.,37013.0
16786,Consumer,Caguas,PR,Puerto Rico,725.0
16785,Consumer,Salt Lake City,UT,EE. UU.,84118.0
16784,Consumer,Caguas,PR,Puerto Rico,725.0
16783,Consumer,Bakersfield,CA,EE. UU.,93304.0
16782,Consumer,Caguas,PR,Puerto Rico,725.0
16781,Consumer,Granada Hills,CA,EE. UU.,91344.0
16780,Consumer,Caguas,PR,Puerto Rico,725.0
16779,Consumer,Tallahassee,FL,EE. UU.,32308.0
16778,Consumer,Caguas,PR,Puerto Rico,725.0
16777,Consumer,Hempstead,NY,EE. UU.,11550.0
16776,Consumer,Caguas,PR,Puerto Rico,725.0
16775,Corporate,Astoria,NY,EE. UU.,11103.0
403,Consumer,Las Vegas,NV,EE. UU.,89117.0
11193,Consumer,Caguas,PR,Puerto Rico,725.0
9462,Home Office,Bell Gardens,CA,EE. UU.,90201.0
525,Consumer,Caguas,PR,Puerto Rico,725.0
576,Home Office,Houston,TX,EE. UU.,77093.0
5908,Consumer,Austin,TX,EE. UU.,78753.0
3342,Consumer,Rio Grande,PR,Puerto Rico,745.0
7418,Home Office,El Paso,TX,EE. UU.,79927.0
5372,Home Office,Augusta,GA,EE. UU.,30906.0
9844,Home Office,Tucson,AZ,EE. UU.,85719.0
3399,Corporate,Caguas,PR,Puerto Rico,725.0
11391,Home Office,Philadelphia,PA,EE. UU.,19139.0
7907,Consumer,Jamaica,NY,EE. UU.,11434.0
8114,Consumer,Caguas,PR,Puerto Rico,725.0
6019,Home Office,Laredo,TX,EE. UU.,78046.0
3214,Corporate,Caguas,PR,Puerto Rico,725.0
12075,Home Office,Azusa,CA,EE. UU.,91702.0
4655,Consumer,Florissant,MO,EE. UU.,63031.0
11094,Home Office,Mission,TX,EE. UU.,78572.0
153,Home Office,Hollywood,FL,EE. UU.,33021.0
9412,Home Office,Lancaster,CA,EE. UU.,93535.0
9548,Corporate,Billings,MT,EE. UU.,59102.0
9960,Home Office,Caguas,PR,Puerto Rico,725.0
1520,Consumer,Caguas,PR,Puerto Rico,725.0
2151,Corporate,Decatur,GA,EE. UU.,30034.0
10298,Home Office,Bronx,NY,EE. UU.,10452.0
4294,Consumer,Brownsville,TX,EE. UU.,78521.0
8225,Home Office,Encinitas,CA,EE. UU.,92024.0
10725,Home Office,Chicago,IL,EE. UU.,60622.0
2547,Home Office,North Richland Hills,TX,EE. UU.,76180.0
2018,Consumer,Caguas,PR,Puerto Rico,725.0
9948,Home Office,Westminster,CA,EE. UU.,92683.0
10110,Home Office,San Pablo,CA,EE. UU.,94806.0
5786,Home Office,Sumner,WA,EE. UU.,98390.0
11759,Consumer,Caguas,PR,Puerto Rico,725.0
9546,Corporate,Caguas,PR,Puerto Rico,725.0
11817,Home Office,Knoxville,TN,EE. UU.,37922.0
9099,Home Office,Caguas,PR,Puerto Rico,725.0
5897,Home Office,Newburgh,NY,EE. UU.,12550.0
2105,Corporate,Caguas,PR,Puerto Rico,725.0
5539,Consumer,Ontario,CA,EE. UU.,91764.0
6347,Home Office,Greensboro,NC,EE. UU.,27406.0
5729,Home Office,Mission,TX,EE. UU.,78572.0
5406,Home Office,Algonquin,IL,EE. UU.,60102.0
972,Consumer,Caguas,PR,Puerto Rico,725.0
1224,Consumer,Caguas,PR,Puerto Rico,725.0
3185,Consumer,Birmingham,AL,EE. UU.,35215.0
7394,Home Office,Bellingham,WA,EE. UU.,98226.0
6401,Consumer,Caguas,PR,Puerto Rico,725.0
11498,Consumer,Caguas,PR,Puerto Rico,725.0
8136,Home Office,Saint Charles,MO,EE. UU.,63301.0
7263,Consumer,Caguas,PR,Puerto Rico,725.0
9851,Consumer,Caguas,PR,Puerto Rico,725.0
191,Home Office,Portland,OR,EE. UU.,97206.0
6891,Consumer,Caguas,PR,Puerto Rico,725.0
12282,Consumer,Caguas,PR,Puerto Rico,725.0
9880,Home Office,Los Angeles,CA,EE. UU.,90065.0
3783,Consumer,El Paso,TX,EE. UU.,79927.0
10084,Consumer,Caguas,PR,Puerto Rico,725.0
950,Home Office,Las Vegas,NV,EE. UU.,89103.0
12150,Home Office,Dallas,TX,EE. UU.,75211.0
2602,Home Office,Long Beach,CA,EE. UU.,90806.0
1967,Corporate,Caguas,PR,Puerto Rico,725.0
10049,Home Office,Santa Fe,NM,EE. UU.,87505.0
8887,Corporate,Caguas,PR,Puerto Rico,725.0
2697,Consumer,Caguas,PR,Puerto Rico,725.0
2620,Consumer,Caguas,PR,Puerto Rico,725.0
1534,Home Office,Fountain Valley,CA,EE. UU.,92708.0
8799,Consumer,Stockton,CA,EE. UU.,95206.0
353,Home Office,San Antonio,TX,EE. UU.,78223.0
3904,Consumer,Caguas,PR,Puerto Rico,725.0
6924,Consumer,Caguas,PR,Puerto Rico,725.0
8153,Consumer,Caguas,PR,Puerto Rico,725.0
6567,Consumer,Fontana,CA,EE. UU.,92336.0
7943,Consumer,Juana Diaz,PR,Puerto Rico,795.0
7469,Consumer,Brooklyn,NY,EE. UU.,11221.0
1929,Consumer,San Antonio,TX,EE. UU.,78227.0
975,Consumer,Saginaw,MI,EE. UU.,48601.0
1239,Home Office,Chicago,IL,EE. UU.,60640.0
10196,Home Office,Caguas,PR,Puerto Rico,725.0
2663,Consumer,San Diego,CA,EE. UU.,92109.0
3893,Home Office,Los Angeles,CA,EE. UU.,90047.0
4472,Corporate,Caguas,PR,Puerto Rico,725.0
7620,Consumer,Caguas,PR,Puerto Rico,725.0
10180,Home Office,Middletown,CT,EE. UU.,6457.0
12067,Home Office,Rowland Heights,CA,EE. UU.,91748.0
6755,Home Office,Passaic,NJ,EE. UU.,7055.0
631,Consumer,Brooklyn,NY,EE. UU.,11209.0
9878,Home Office,Van Nuys,CA,EE. UU.,91405.0
10243,Consumer,Los Angeles,CA,EE. UU.,90034.0
4037,Consumer,Caguas,PR,Puerto Rico,725.0
9779,Home Office,Baltimore,MD,EE. UU.,21218.0
718,Consumer,Caguas,PR,Puerto Rico,725.0
594,Home Office,Lynnwood,WA,EE. UU.,98037.0
3494,Corporate,Montebello,CA,EE. UU.,90640.0
8244,Home Office,Lancaster,CA,EE. UU.,93536.0
4671,Consumer,Chandler,AZ,EE. UU.,85225.0
5343,Home Office,Oak Lawn,IL,EE. UU.,60453.0
11098,Home Office,Westerville,OH,EE. UU.,43081.0
537,Home Office,Costa Mesa,CA,EE. UU.,92627.0
9168,Consumer,Caguas,PR,Puerto Rico,725.0
9846,Consumer,Los Angeles,CA,EE. UU.,90066.0
8983,Home Office,Pekin,IL,EE. UU.,61554.0
3701,Consumer,Hollywood,FL,EE. UU.,33021.0
6109,Consumer,Caguas,PR,Puerto Rico,725.0
5177,Home Office,Encinitas,CA,EE. UU.,92024.0
2579,Consumer,Citrus Heights,CA,EE. UU.,95610.0
9190,Consumer,Dallas,TX,EE. UU.,75231.0
11355,Home Office,Lenoir,NC,EE. UU.,28645.0
5391,Home Office,Roswell,GA,EE. UU.,30075.0
7865,Home Office,New York,NY,EE. UU.,10028.0
7709,Consumer,Caguas,PR,Puerto Rico,725.0
1304,Corporate,Caguas,PR,Puerto Rico,725.0
7097,Consumer,Caguas,PR,Puerto Rico,725.0
11143,Home Office,Brooklyn,NY,EE. UU.,11230.0
8789,Consumer,Caguas,PR,Puerto Rico,725.0
2132,Consumer,Caguas,PR,Puerto Rico,725.0
701,Home Office,Hollister,CA,EE. UU.,95023.0
544,Consumer,Caguas,PR,Puerto Rico,725.0
11219,Consumer,Caguas,PR,Puerto Rico,725.0
3472,Consumer,Caguas,PR,Puerto Rico,725.0
7286,Home Office,Mount Pleasant,MI,EE. UU.,48858.0
2322,Home Office,Walnut,CA,EE. UU.,91789.0
3074,Home Office,Montebello,CA,EE. UU.,90640.0
308,Home Office,South Ozone Park,NY,EE. UU.,11420.0
4906,Home Office,San Jose,CA,EE. UU.,95124.0
8382,Home Office,Fort Worth,TX,EE. UU.,76133.0
11013,Home Office,Philadelphia,PA,EE. UU.,19139.0
9081,Home Office,Chicago,IL,EE. UU.,60615.0
12076,Home Office,Tempe,AZ,EE. UU.,85282.0
4957,Consumer,South Ozone Park,NY,EE. UU.,11420.0
1214,Home Office,Caguas,PR,Puerto Rico,725.0
1765,Home Office,Brooklyn,NY,EE. UU.,11214.0
873,Home Office,Bay Shore,NY,EE. UU.,11706.0
9598,Home Office,Elmhurst,IL,EE. UU.,60126.0
8607,Home Office,Diamond Bar,CA,EE. UU.,91765.0
6745,Corporate,Chicago,IL,EE. UU.,60645.0
9530,Consumer,Peabody,MA,EE. UU.,1960.0
6819,Home Office,Greensboro,NC,EE. UU.,27410.0
2757,Consumer,Caguas,PR,Puerto Rico,725.0
4180,Consumer,Brooklyn,NY,EE. UU.,11220.0
5064,Home Office,Phoenix,AZ,EE. UU.,85040.0
12210,Home Office,Elgin,IL,EE. UU.,60120.0
6468,Consumer,Caguas,PR,Puerto Rico,725.0
6395,Home Office,Hyattsville,MD,EE. UU.,20783.0
10813,Corporate,Caguas,PR,Puerto Rico,725.0
6201,Consumer,Caguas,PR,Puerto Rico,725.0
5542,Consumer,Caguas,PR,Puerto Rico,725.0
177,Consumer,Caguas,PR,Puerto Rico,725.0
5189,Home Office,Philadelphia,PA,EE. UU.,19104.0
9125,Consumer,Caguas,PR,Puerto Rico,725.0
7053,Consumer,Saginaw,MI,EE. UU.,48601.0
4434,Home Office,Bellflower,CA,EE. UU.,90706.0
3133,Home Office,Freeport,NY,EE. UU.,11520.0
5742,Home Office,Bend,OR,EE. UU.,97701.0
3111,Consumer,Caguas,PR,Puerto Rico,725.0
7002,Consumer,Wyoming,MI,EE. UU.,49509.0
8528,Consumer,Caguas,PR,Puerto Rico,725.0
4495,Consumer,Caguas,PR,Puerto Rico,725.0
4231,Home Office,Saint Paul,MN,EE. UU.,55106.0
7863,Home Office,Mililani,HI,EE. UU.,96789.0
3143,Home Office,Stamford,CT,EE. UU.,6902.0
8948,Home Office,Cerritos,CA,EE. UU.,90703.0
1581,Consumer,Saint Louis,MO,EE. UU.,63116.0
11165,Home Office,Philadelphia,PA,EE. UU.,19139.0
491,Home Office,Henderson,NV,EE. UU.,89014.0
829,Home Office,West Orange,NJ,EE. UU.,7052.0
2637,Home Office,Hampton,VA,EE. UU.,23666.0
8590,Consumer,Fort Lauderdale,FL,EE. UU.,33324.0
2863,Home Office,Crown Point,IN,EE. UU.,46307.0
10758,Home Office,Marietta,GA,EE. UU.,30067.0
11210,Consumer,Caguas,PR,Puerto Rico,725.0
3655,Home Office,Mount Prospect,IL,EE. UU.,60056.0
3228,Home Office,Corona,NY,EE. UU.,11368.0
9594,Home Office,Philadelphia,PA,EE. UU.,19111.0
5255,Home Office,Virginia Beach,VA,EE. UU.,23455.0
8786,Home Office,Compton,CA,EE. UU.,90221.0
11258,Consumer,Tucson,AZ,EE. UU.,85713.0
5482,Home Office,Caguas,PR,Puerto Rico,725.0
8609,Home Office,Jamaica,NY,EE. UU.,11434.0
6210,Consumer,Caguas,PR,Puerto Rico,725.0
7986,Home Office,Chicago,IL,EE. UU.,60609.0
1479,Consumer,Caguas,PR,Puerto Rico,725.0
9861,Consumer,Oak Lawn,IL,EE. UU.,60453.0
3548,Home Office,San Diego,CA,EE. UU.,92104.0
5577,Home Office,Modesto,CA,EE. UU.,95350.0
12157,Consumer,Jacksonville,NC,EE. UU.,28540.0
9887,Home Office,Everett,WA,EE. UU.,98208.0
10989,Home Office,New York,NY,EE. UU.,10011.0
4275,Home Office,Waipahu,HI,EE. UU.,96797.0
4165,Consumer,Tucson,AZ,EE. UU.,85710.0
8867,Consumer,Caguas,PR,Puerto Rico,725.0
9132,Home Office,Eugene,OR,EE. UU.,97405.0
10007,Home Office,New York,NY,EE. UU.,10025.0
10801,Consumer,Saint Paul,MN,EE. UU.,55124.0
1819,Home Office,Albuquerque,NM,EE. UU.,87120.0
5948,Consumer,Caguas,PR,Puerto Rico,725.0
5407,Home Office,Caguas,PR,Puerto Rico,725.0
5129,Home Office,Houston,TX,EE. UU.,77036.0
5192,Home Office,Irvington,NJ,EE. UU.,7111.0
2089,Home Office,Atlanta,GA,EE. UU.,30331.0
9139,Home Office,Greensboro,NC,EE. UU.,27410.0
8185,Home Office,Folsom,CA,EE. UU.,95630.0
7822,Home Office,Ridgewood,NY,EE. UU.,11385.0
10979,Corporate,Caguas,PR,Puerto Rico,725.0
7071,Home Office,North Richland Hills,TX,EE. UU.,76180.0
651,Consumer,Santa Fe,NM,EE. UU.,87505.0
4889,Corporate,Caguas,PR,Puerto Rico,725.0
4803,Consumer,Los Angeles,CA,EE. UU.,90042.0
115,Consumer,West Covina,CA,EE. UU.,91790.0
2323,Home Office,Webster,NY,EE. UU.,14580.0
2046,Consumer,Caguas,PR,Puerto Rico,725.0
10976,Home Office,San Jose,CA,EE. UU.,95111.0
4649,Consumer,Goose Creek,SC,EE. UU.,29445.0
8251,Home Office,Jackson,MI,EE. UU.,49201.0
12143,Consumer,Caguas,PR,Puerto Rico,725.0
5004,Home Office,Miami,FL,EE. UU.,33157.0
12374,Home Office,Bend,OR,EE. UU.,97701.0
1957,Consumer,Chicago,IL,EE. UU.,60638.0
11461,Consumer,Albuquerque,NM,EE. UU.,87105.0
3073,Corporate,Caguas,PR,Puerto Rico,725.0
3974,Consumer,Seattle,WA,EE. UU.,98115.0
12127,Home Office,Cumberland,MD,EE. UU.,21502.0
2442,Consumer,Caguas,PR,Puerto Rico,725.0
9067,Home Office,Guayama,PR,Puerto Rico,784.0
10223,Consumer,Caguas,PR,Puerto Rico,725.0
12325,Home Office,Baltimore,MD,EE. UU.,21218.0
5688,Corporate,Caguas,PR,Puerto Rico,725.0
9639,Home Office,Florissant,MO,EE. UU.,63031.0
5991,Consumer,Arlington,VA,EE. UU.,22204.0
148,Consumer,Caguas,PR,Puerto Rico,725.0
2355,Home Office,Katy,TX,EE. UU.,77450.0
5392,Home Office,Caguas,PR,Puerto Rico,725.0
859,Home Office,Greensburg,PA,EE. UU.,15601.0
5730,Home Office,Doylestown,PA,EE. UU.,18901.0
9131,Consumer,New Castle,DE,EE. UU.,19720.0
4522,Home Office,Wyoming,MI,EE. UU.,49509.0
4515,Consumer,Caguas,PR,Puerto Rico,725.0
1040,Corporate,San Francisco,CA,EE. UU.,94122.0
7750,Home Office,Bronx,NY,EE. UU.,10467.0
1531,Consumer,Caguas,PR,Puerto Rico,725.0
2017,Consumer,Perth Amboy,NJ,EE. UU.,8861.0
6130,Home Office,Tulare,CA,EE. UU.,93274.0
4143,Home Office,Reno,NV,EE. UU.,89502.0
10515,Home Office,New Orleans,LA,EE. UU.,70122.0
7968,Consumer,Caguas,PR,Puerto Rico,725.0
3910,Consumer,Caguas,PR,Puerto Rico,725.0
3765,Consumer,Caguas,PR,Puerto Rico,725.0
10894,Home Office,Bellingham,WA,EE. UU.,98226.0
11554,Home Office,San Benito,TX,EE. UU.,78586.0
7970,Consumer,Caguas,PR,Puerto Rico,725.0
2416,Consumer,Houston,TX,EE. UU.,77088.0
1874,Consumer,Los Angeles,CA,EE. UU.,90063.0
8209,Consumer,Caguas,PR,Puerto Rico,725.0
8452,Home Office,Hendersonville,TN,EE. UU.,37075.0
1716,Home Office,Houston,TX,EE. UU.,77036.0
9551,Home Office,New York,NY,EE. UU.,10023.0
1671,Consumer,Caguas,PR,Puerto Rico,725.0
3107,Corporate,Caguas,PR,Puerto Rico,725.0
8968,Home Office,Buffalo,NY,EE. UU.,14221.0
7588,Home Office,Rochester,NY,EE. UU.,14609.0
7703,Consumer,Rancho Cordova,CA,EE. UU.,95670.0
5280,Consumer,Caguas,PR,Puerto Rico,725.0
9048,Home Office,Stockton,CA,EE. UU.,95207.0
6425,Home Office,Orlando,FL,EE. UU.,32808.0
5784,Home Office,Antioch,TN,EE. UU.,37013.0
1735,Home Office,Carlisle,PA,EE. UU.,17013.0
11448,Consumer,Caguas,PR,Puerto Rico,725.0
9332,Consumer,Caguas,PR,Puerto Rico,725.0
6175,Home Office,Caguas,PR,Puerto Rico,725.0
12204,Home Office,Los Angeles,CA,EE. UU.,90011.0
4288,Consumer,Carrollton,TX,EE. UU.,75007.0
884,Consumer,Florissant,MO,EE. UU.,63033.0
8303,Home Office,Bell Gardens,CA,EE. UU.,90201.0
5381,Home Office,Los Angeles,CA,EE. UU.,90047.0
10177,Consumer,Caguas,PR,Puerto Rico,725.0
7198,Corporate,Caguas,PR,Puerto Rico,725.0
6555,Home Office,Caguas,PR,Puerto Rico,725.0
11860,Home Office,New Haven,CT,EE. UU.,6511.0
8143,Consumer,Caguas,PR,Puerto Rico,725.0
4359,Consumer,Brooklyn,NY,EE. UU.,11218.0
2884,Corporate,Caguas,PR,Puerto Rico,725.0
216,Home Office,Visalia,CA,EE. UU.,93277.0
11711,Home Office,Chicago,IL,EE. UU.,60619.0
6734,Home Office,Hialeah,FL,EE. UU.,33015.0
10855,Consumer,Caguas,PR,Puerto Rico,725.0
8819,Home Office,Encinitas,CA,EE. UU.,92024.0
12017,Home Office,Dearborn,MI,EE. UU.,48126.0
2581,Home Office,Newburgh,NY,EE. UU.,12550.0
9987,Consumer,Lodi,CA,EE. UU.,95240.0
5171,Consumer,Saint Louis,MO,EE. UU.,63116.0
10090,Home Office,Newark,DE,EE. UU.,19711.0
4802,Consumer,Caguas,PR,Puerto Rico,725.0
5879,Home Office,Brooklyn,NY,EE. UU.,11236.0
215,Home Office,Flushing,NY,EE. UU.,11354.0
6929,Home Office,Pittsfield,MA,EE. UU.,1201.0
1672,Home Office,San Bernardino,CA,EE. UU.,92407.0
2186,Consumer,Los Angeles,CA,EE. UU.,90011.0
6158,Home Office,Alhambra,CA,EE. UU.,91801.0
8834,Home Office,Simi Valley,CA,EE. UU.,93065.0
1130,Corporate,Caguas,PR,Puerto Rico,725.0
1414,Home Office,Oxnard,CA,EE. UU.,93033.0
1691,Corporate,Caguas,PR,Puerto Rico,725.0
11813,Corporate,Caguas,PR,Puerto Rico,725.0
5632,Home Office,Union,NJ,EE. UU.,7083.0
10259,Home Office,Virginia Beach,VA,EE. UU.,23455.0
8815,Home Office,Pompano Beach,FL,EE. UU.,33065.0
3707,Home Office,Caguas,PR,Puerto Rico,725.0
3945,Home Office,Portland,OR,EE. UU.,97223.0
10528,Home Office,Tucson,AZ,EE. UU.,85746.0
10389,Home Office,Caguas,PR,Puerto Rico,725.0
6979,Home Office,Hyattsville,MD,EE. UU.,20783.0
10314,Consumer,Caguas,PR,Puerto Rico,725.0
9115,Home Office,New York,NY,EE. UU.,10028.0
1200,Home Office,Brooklyn,NY,EE. UU.,11238.0
2477,Consumer,Caguas,PR,Puerto Rico,725.0
7389,Consumer,Caguas,PR,Puerto Rico,725.0
227,Home Office,Tempe,AZ,EE. UU.,85283.0
10396,Consumer,Elmhurst,IL,EE. UU.,60126.0
12131,Home Office,Everett,WA,EE. UU.,98208.0
8873,Corporate,Caguas,PR,Puerto Rico,725.0
10630,Consumer,Mayaguez,PR,Puerto Rico,680.0
11682,Home Office,La Puente,CA,EE. UU.,91744.0
4593,Home Office,Florissant,MO,EE. UU.,63033.0
9975,Home Office,Rochester,NY,EE. UU.,14609.0
1125,Consumer,Caguas,PR,Puerto Rico,725.0
10030,Corporate,Caguas,PR,Puerto Rico,725.0
5579,Home Office,Elgin,IL,EE. UU.,60123.0
5496,Home Office,Kent,WA,EE. UU.,98031.0
680,Home Office,Strongsville,OH,EE. UU.,44136.0
6396,Consumer,Caguas,PR,Puerto Rico,725.0
11004,Home Office,Baltimore,MD,EE. UU.,21229.0
7632,Home Office,San Antonio,TX,EE. UU.,78227.0
8160,Home Office,El Centro,CA,EE. UU.,92243.0
10841,Home Office,Memphis,TN,EE. UU.,38116.0
5454,Home Office,Ogden,UT,EE. UU.,84404.0
5581,Corporate,Caguas,PR,Puerto Rico,725.0
2470,Consumer,Los Angeles,CA,EE. UU.,90037.0
2807,Consumer,Brooklyn,NY,EE. UU.,11206.0
10644,Home Office,Caguas,PR,Puerto Rico,725.0
9896,Consumer,Caguas,PR,Puerto Rico,725.0
8220,Home Office,Orlando,FL,EE. UU.,32808.0
3524,Consumer,Lawrenceville,GA,EE. UU.,30043.0
6445,Home Office,Strongsville,OH,EE. UU.,44136.0
11101,Home Office,Fresno,CA,EE. UU.,93720.0
3795,Corporate,Caguas,PR,Puerto Rico,725.0
6195,Home Office,Apopka,FL,EE. UU.,32703.0
1674,Home Office,Bellflower,CA,EE. UU.,90706.0
2112,Home Office,Virginia Beach,VA,EE. UU.,23454.0
8134,Consumer,Elmhurst,NY,EE. UU.,11373.0
7868,Home Office,Gwynn Oak,MD,EE. UU.,21207.0
1204,Home Office,Berwyn,IL,EE. UU.,60402.0
10814,Home Office,Washington,DC,EE. UU.,20009.0
4458,Consumer,Tonawanda,NY,EE. UU.,14150.0
5747,Home Office,San Benito,TX,EE. UU.,78586.0
2981,Home Office,Moreno Valley,CA,EE. UU.,92557.0
7266,Home Office,Gilroy,CA,EE. UU.,95020.0
6174,Home Office,Massapequa,NY,EE. UU.,11758.0
1267,Home Office,Florissant,MO,EE. UU.,63033.0
5825,Home Office,San Diego,CA,EE. UU.,92104.0
10411,Corporate,Caguas,PR,Puerto Rico,725.0
11571,Consumer,Brandon,FL,EE. UU.,33511.0
4537,Home Office,Fort Lauderdale,FL,EE. UU.,33311.0
8477,Corporate,Caguas,PR,Puerto Rico,725.0
2079,Home Office,Bend,OR,EE. UU.,97701.0
7977,Consumer,Caguas,PR,Puerto Rico,725.0
11961,Home Office,Aurora,IL,EE. UU.,60506.0
6108,Home Office,Hanover,PA,EE. UU.,17331.0
7781,Consumer,Caguas,PR,Puerto Rico,725.0
3151,Home Office,Aurora,IL,EE. UU.,60506.0
9927,Consumer,Miami,FL,EE. UU.,33161.0
7934,Home Office,Davis,CA,EE. UU.,95616.0
10704,Home Office,Westminster,CA,EE. UU.,92683.0
887,Home Office,Reseda,CA,EE. UU.,91335.0
2286,Home Office,Baltimore,MD,EE. UU.,21218.0
9976,Corporate,Caguas,PR,Puerto Rico,725.0
485,Consumer,Caguas,PR,Puerto Rico,725.0
3237,Consumer,Caguas,PR,Puerto Rico,725.0
9242,Home Office,Fayetteville,NC,EE. UU.,28314.0
4375,Home Office,Cleveland,OH,EE. UU.,44102.0
8578,Consumer,Caguas,PR,Puerto Rico,725.0
3930,Consumer,Caguas,PR,Puerto Rico,725.0
2558,Corporate,Modesto,CA,EE. UU.,95355.0
11171,Consumer,Caguas,PR,Puerto Rico,725.0
220,Consumer,Salinas,CA,EE. UU.,93906.0
2241,Home Office,Bolingbrook,IL,EE. UU.,60440.0
510,Home Office,Hialeah,FL,EE. UU.,33010.0
4360,Consumer,Ypsilanti,MI,EE. UU.,48197.0
1351,Corporate,Caguas,PR,Puerto Rico,725.0
11524,Consumer,Caguas,PR,Puerto Rico,725.0
9094,Consumer,Caguas,PR,Puerto Rico,725.0
10977,Consumer,Caguas,PR,Puerto Rico,725.0
7058,Consumer,Caguas,PR,Puerto Rico,725.0
7181,Consumer,Sumner,WA,EE. UU.,98390.0
9364,Home Office,Jamaica,NY,EE. UU.,11435.0
10480,Home Office,Chicago,IL,EE. UU.,60647.0
3943,Home Office,Lawrence,MA,EE. UU.,1841.0
6694,Corporate,Caguas,PR,Puerto Rico,725.0
3618,Consumer,Caguas,PR,Puerto Rico,725.0
5679,Home Office,Plymouth,MA,EE. UU.,2360.0
739,Home Office,Los Angeles,CA,EE. UU.,90003.0
11615,Home Office,Lake Forest,CA,EE. UU.,92630.0
6107,Home Office,Chicago,IL,EE. UU.,60625.0
10771,Consumer,Caguas,PR,Puerto Rico,725.0
29,Consumer,Fort Worth,TX,EE. UU.,76133.0
9328,Home Office,Moreno Valley,CA,EE. UU.,92553.0
6697,Home Office,Carlisle,PA,EE. UU.,17013.0
4760,Home Office,Chicago,IL,EE. UU.,60621.0
9192,Home Office,Chicago,IL,EE. UU.,60617.0
10335,Consumer,Caguas,PR,Puerto Rico,725.0
6572,Consumer,Caguas,PR,Puerto Rico,725.0
4358,Corporate,Caguas,PR,Puerto Rico,725.0
1105,Consumer,Wyandotte,MI,EE. UU.,48192.0
1009,Home Office,Eagle Pass,TX,EE. UU.,78852.0
6389,Home Office,Portland,OR,EE. UU.,97223.0
6826,Home Office,Staten Island,NY,EE. UU.,10312.0
3573,Consumer,Caguas,PR,Puerto Rico,725.0
7861,Home Office,Compton,CA,EE. UU.,90221.0
1211,Consumer,Los Angeles,CA,EE. UU.,90016.0
2308,Consumer,Austin,TX,EE. UU.,78753.0
7525,Consumer,Caguas,PR,Puerto Rico,725.0
3633,Consumer,El Paso,TX,EE. UU.,79924.0
6070,Consumer,Caguas,PR,Puerto Rico,725.0
2483,Home Office,Brooklyn,NY,EE. UU.,11224.0
4831,Corporate,Caguas,PR,Puerto Rico,725.0
10844,Home Office,Granada Hills,CA,EE. UU.,91344.0
1729,Consumer,Caguas,PR,Puerto Rico,725.0
8543,Consumer,Caguas,PR,Puerto Rico,725.0
9254,Consumer,Caguas,PR,Puerto Rico,725.0
1201,Consumer,Caguas,PR,Puerto Rico,725.0
9643,Consumer,Caguas,PR,Puerto Rico,725.0
3030,Consumer,Caguas,PR,Puerto Rico,725.0
4910,Consumer,Caguas,PR,Puerto Rico,725.0
1681,Consumer,Caguas,PR,Puerto Rico,725.0
7921,Consumer,Caguas,PR,Puerto Rico,725.0
3493,Consumer,Caguas,PR,Puerto Rico,725.0
9998,Consumer,Caguas,PR,Puerto Rico,725.0
709,Consumer,Caguas,PR,Puerto Rico,725.0
9404,Consumer,Caguas,PR,Puerto Rico,725.0
9578,Consumer,Caguas,PR,Puerto Rico,725.0
8249,Consumer,Caguas,PR,Puerto Rico,725.0
7384,Consumer,Caguas,PR,Puerto Rico,725.0
2014,Consumer,Caguas,PR,Puerto Rico,725.0
2759,Consumer,Caguas,PR,Puerto Rico,725.0
12236,Consumer,Caguas,PR,Puerto Rico,725.0
839,Consumer,Caguas,PR,Puerto Rico,725.0
10294,Consumer,Caguas,PR,Puerto Rico,725.0
382,Consumer,Caguas,PR,Puerto Rico,725.0
3363,Consumer,Caguas,PR,Puerto Rico,725.0
3838,Consumer,Caguas,PR,Puerto Rico,725.0
12001,Consumer,Caguas,PR,Puerto Rico,725.0
11771,Consumer,Caguas,PR,Puerto Rico,725.0
9521,Consumer,Caguas,PR,Puerto Rico,725.0
6094,Consumer,Caguas,PR,Puerto Rico,725.0
11865,Consumer,San Sebastian,PR,Puerto Rico,685.0
12270,Consumer,Caguas,PR,Puerto Rico,725.0
10840,Consumer,Caguas,PR,Puerto Rico,725.0
4304,Consumer,Caguas,PR,Puerto Rico,725.0
5950,Consumer,Caguas,PR,Puerto Rico,725.0
5980,Consumer,Caguas,PR,Puerto Rico,725.0
11264,Consumer,Caguas,PR,Puerto Rico,725.0
4608,Consumer,Caguas,PR,Puerto Rico,725.0
10743,Consumer,Caguas,PR,Puerto Rico,725.0
604,Consumer,Caguas,PR,Puerto Rico,725.0
11751,Consumer,Caguas,PR,Puerto Rico,725.0
10244,Consumer,Caguas,PR,Puerto Rico,725.0
1856,Consumer,Caguas,PR,Puerto Rico,725.0
5269,Consumer,Caguas,PR,Puerto Rico,725.0
11941,Consumer,Cayey,PR,Puerto Rico,736.0
729,Consumer,Caguas,PR,Puerto Rico,725.0
9245,Consumer,Caguas,PR,Puerto Rico,725.0
10729,Consumer,Caguas,PR,Puerto Rico,725.0
584,Consumer,Caguas,PR,Puerto Rico,725.0
9641,Consumer,Caguas,PR,Puerto Rico,725.0
9275,Consumer,Caguas,PR,Puerto Rico,725.0
6633,Consumer,Caguas,PR,Puerto Rico,725.0
10181,Consumer,Caguas,PR,Puerto Rico,725.0
7767,Consumer,Caguas,PR,Puerto Rico,725.0
7304,Consumer,Caguas,PR,Puerto Rico,725.0
2332,Consumer,Caguas,PR,Puerto Rico,725.0
5757,Consumer,Caguas,PR,Puerto Rico,725.0
9431,Consumer,Caguas,PR,Puerto Rico,725.0
7380,Consumer,Caguas,PR,Puerto Rico,725.0
1877,Consumer,Caguas,PR,Puerto Rico,725.0
10677,Consumer,Caguas,PR,Puerto Rico,725.0
13098,Consumer,Caguas,PR,Puerto Rico,725.0
9421,Consumer,Caguas,PR,Puerto Rico,725.0
14221,Consumer,Caguas,PR,Puerto Rico,725.0
14576,Consumer,Caguas,PR,Puerto Rico,725.0
14468,Consumer,Caguas,PR,Puerto Rico,725.0
14431,Consumer,Caguas,PR,Puerto Rico,725.0
14273,Consumer,Caguas,PR,Puerto Rico,725.0
14501,Consumer,Caguas,PR,Puerto Rico,725.0
13000,Consumer,Caguas,PR,Puerto Rico,725.0
14198,Consumer,Caguas,PR,Puerto Rico,725.0
14266,Consumer,Caguas,PR,Puerto Rico,725.0
13247,Consumer,Caguas,PR,Puerto Rico,725.0
13013,Consumer,Caguas,PR,Puerto Rico,725.0
13134,Consumer,Caguas,PR,Puerto Rico,725.0
12317,Consumer,Caguas,PR,Puerto Rico,725.0
13931,Consumer,Caguas,PR,Puerto Rico,725.0
10902,Consumer,Caguas,PR,Puerto Rico,725.0
4253,Consumer,Caguas,PR,Puerto Rico,725.0
13820,Consumer,Caguas,PR,Puerto Rico,725.0
14727,Consumer,Caguas,PR,Puerto Rico,725.0
12769,Consumer,Caguas,PR,Puerto Rico,725.0
8639,Consumer,Caguas,PR,Puerto Rico,725.0
12110,Consumer,Caguas,PR,Puerto Rico,725.0
13829,Consumer,Caguas,PR,Puerto Rico,725.0
11436,Consumer,Caguas,PR,Puerto Rico,725.0
3789,Consumer,Caguas,PR,Puerto Rico,725.0
5093,Consumer,Caguas,PR,Puerto Rico,725.0
8007,Consumer,Caguas,PR,Puerto Rico,725.0
3393,Consumer,Caguas,PR,Puerto Rico,725.0
11297,Consumer,Caguas,PR,Puerto Rico,725.0
3227,Consumer,Caguas,PR,Puerto Rico,725.0
6147,Consumer,Caguas,PR,Puerto Rico,725.0
12475,Consumer,Caguas,PR,Puerto Rico,725.0
15084,Consumer,Caguas,PR,Puerto Rico,725.0
14935,Consumer,Caguas,PR,Puerto Rico,725.0
7776,Consumer,Caguas,PR,Puerto Rico,725.0
1206,Consumer,Caguas,PR,Puerto Rico,725.0
5793,Consumer,Caguas,PR,Puerto Rico,725.0
6799,Consumer,Caguas,PR,Puerto Rico,725.0
2103,Consumer,Caguas,PR,Puerto Rico,725.0
3323,Consumer,Caguas,PR,Puerto Rico,725.0
8864,Consumer,Caguas,PR,Puerto Rico,725.0
10171,Consumer,Caguas,PR,Puerto Rico,725.0
11019,Consumer,Caguas,PR,Puerto Rico,725.0
6902,Consumer,Caguas,PR,Puerto Rico,725.0
9207,Consumer,Caguas,PR,Puerto Rico,725.0
18132,Consumer,Caguas,PR,Puerto Rico,725.0
17888,Consumer,Caguas,PR,Puerto Rico,725.0
18121,Consumer,Caguas,PR,Puerto Rico,725.0
16501,Consumer,Caguas,PR,Puerto Rico,725.0
16499,Consumer,Caguas,PR,Puerto Rico,725.0
16624,Consumer,Caguas,PR,Puerto Rico,725.0
15914,Consumer,Caguas,PR,Puerto Rico,725.0
15829,Consumer,Caguas,PR,Puerto Rico,725.0
12361,Consumer,Caguas,PR,Puerto Rico,725.0
503,Consumer,Caguas,PR,Puerto Rico,725.0
9724,Consumer,Caguas,PR,Puerto Rico,725.0
18373,Consumer,Caguas,PR,Puerto Rico,725.0
1624,Consumer,Caguas,PR,Puerto Rico,725.0
18282,Consumer,Caguas,PR,Puerto Rico,725.0
3401,Consumer,Caguas,PR,Puerto Rico,725.0
3258,Consumer,Caguas,PR,Puerto Rico,725.0
17266,Consumer,Caguas,PR,Puerto Rico,725.0
20456,Consumer,Caguas,PR,Puerto Rico,725.0
17440,Consumer,Caguas,PR,Puerto Rico,725.0
8085,Consumer,Caguas,PR,Puerto Rico,725.0
6893,Consumer,Caguas,PR,Puerto Rico,725.0
6464,Consumer,Caguas,PR,Puerto Rico,725.0
9400,Consumer,Caguas,PR,Puerto Rico,725.0
15581,Consumer,Caguas,PR,Puerto Rico,725.0
15561,Consumer,Caguas,PR,Puerto Rico,725.0
1951,Consumer,Caguas,PR,Puerto Rico,725.0
385,Consumer,Caguas,PR,Puerto Rico,725.0
17542,Consumer,Caguas,PR,Puerto Rico,725.0
18929,Consumer,Caguas,PR,Puerto Rico,725.0
15187,Consumer,Caguas,PR,Puerto Rico,725.0
18566,Consumer,Caguas,PR,Puerto Rico,725.0
20358,Consumer,Caguas,PR,Puerto Rico,725.0
20354,Consumer,Caguas,PR,Puerto Rico,725.0
20029,Consumer,Caguas,PR,Puerto Rico,725.0
4920,Consumer,Caguas,PR,Puerto Rico,725.0
6641,Consumer,Caguas,PR,Puerto Rico,725.0
4068,Consumer,Caguas,PR,Puerto Rico,725.0
1791,Consumer,Caguas,PR,Puerto Rico,725.0
9806,Consumer,Caguas,PR,Puerto Rico,725.0
1308,Consumer,Caguas,PR,Puerto Rico,725.0
10107,Consumer,Caguas,PR,Puerto Rico,725.0
11915,Consumer,Caguas,PR,Puerto Rico,725.0
5720,Consumer,Caguas,PR,Puerto Rico,725.0
90,Consumer,Caguas,PR,Puerto Rico,725.0
9109,Consumer,Caguas,PR,Puerto Rico,725.0
11545,Consumer,Caguas,PR,Puerto Rico,725.0
9568,Consumer,Caguas,PR,Puerto Rico,725.0
3870,Consumer,Caguas,PR,Puerto Rico,725.0
3540,Consumer,Caguas,PR,Puerto Rico,725.0
6004,Consumer,Caguas,PR,Puerto Rico,725.0
6931,Consumer,Caguas,PR,Puerto Rico,725.0
14326,Consumer,Caguas,PR,Puerto Rico,725.0
13433,Consumer,Caguas,PR,Puerto Rico,725.0
14178,Consumer,Caguas,PR,Puerto Rico,725.0
14602,Consumer,Caguas,PR,Puerto Rico,725.0
14262,Consumer,Caguas,PR,Puerto Rico,725.0
14135,Consumer,Caguas,PR,Puerto Rico,725.0
13751,Consumer,Caguas,PR,Puerto Rico,725.0
13929,Consumer,Caguas,PR,Puerto Rico,725.0
14764,Consumer,Caguas,PR,Puerto Rico,725.0
10665,Consumer,Caguas,PR,Puerto Rico,725.0
12717,Consumer,Juana Diaz,PR,Puerto Rico,795.0
12582,Consumer,Caguas,PR,Puerto Rico,725.0
15116,Consumer,Caguas,PR,Puerto Rico,725.0
3922,Consumer,Caguas,PR,Puerto Rico,725.0
7081,Consumer,Caguas,PR,Puerto Rico,725.0
12803,Corporate,San Francisco,CA,EE. UU.,94109.0
13560,Corporate,Granite City,IL,EE. UU.,62040.0
13812,Corporate,Brooklyn,NY,EE. UU.,11226.0
14830,Corporate,Rego Park,NY,EE. UU.,11374.0
13919,Corporate,Marietta,GA,EE. UU.,30066.0
13541,Corporate,Wyandotte,MI,EE. UU.,48192.0
12765,Corporate,Miami,FL,EE. UU.,33125.0
6807,Corporate,Davis,CA,EE. UU.,95616.0
5931,Corporate,Compton,CA,EE. UU.,90221.0
12408,Corporate,Fort Worth,TX,EE. UU.,76106.0
12559,Corporate,Bend,OR,EE. UU.,97701.0
12450,Corporate,Pico Rivera,CA,EE. UU.,90660.0
12701,Corporate,Dubuque,IA,EE. UU.,52001.0
12572,Corporate,Lynn,MA,EE. UU.,1902.0
12518,Corporate,San Antonio,TX,EE. UU.,78240.0
12553,Corporate,La Crosse,WI,EE. UU.,54601.0
12660,Corporate,Wheeling,WV,EE. UU.,26003.0
12515,Corporate,Knoxville,TN,EE. UU.,37922.0
12442,Corporate,Passaic,NJ,EE. UU.,7055.0
12744,Corporate,South Ozone Park,NY,EE. UU.,11420.0
12527,Corporate,Spring,TX,EE. UU.,77379.0
15105,Corporate,Costa Mesa,CA,EE. UU.,92627.0
12847,Corporate,Washington,DC,EE. UU.,20009.0
14958,Corporate,York,PA,EE. UU.,17404.0
12951,Corporate,Stockbridge,GA,EE. UU.,30281.0
15080,Corporate,Brooklyn,NY,EE. UU.,11218.0
15006,Corporate,Bronx,NY,EE. UU.,10457.0
12874,Corporate,Carlsbad,CA,EE. UU.,92009.0
14968,Corporate,Carrollton,TX,EE. UU.,75006.0
15075,Corporate,Los Angeles,CA,EE. UU.,90007.0
14930,Corporate,Reynoldsburg,OH,EE. UU.,43068.0
15128,Corporate,Pharr,TX,EE. UU.,78577.0
12872,Corporate,Tampa,FL,EE. UU.,33614.0
12943,Corporate,Simi Valley,CA,EE. UU.,93065.0
15091,Corporate,Lancaster,CA,EE. UU.,93536.0
15073,Corporate,Hampton,VA,EE. UU.,23666.0
12887,Corporate,Asheboro,NC,EE. UU.,27203.0
14342,Corporate,Lutz,FL,EE. UU.,33549.0
14249,Corporate,Katy,TX,EE. UU.,77450.0
14418,Corporate,Washington,PA,EE. UU.,15301.0
12971,Corporate,Bronx,NY,EE. UU.,10453.0
14277,Corporate,Cleveland,OH,EE. UU.,44118.0
14023,Corporate,Dearborn,MI,EE. UU.,48126.0
14784,Corporate,El Paso,TX,EE. UU.,79927.0
13964,Corporate,Reno,NV,EE. UU.,89502.0
14874,Corporate,Brooklyn,NY,EE. UU.,11221.0
13562,Corporate,New York,NY,EE. UU.,10002.0
13649,Corporate,Eugene,OR,EE. UU.,97402.0
14864,Corporate,Carmichael,CA,EE. UU.,95608.0
13701,Corporate,San Francisco,CA,EE. UU.,94122.0
7147,Corporate,La Crosse,WI,EE. UU.,54601.0
12481,Corporate,Denver,CO,EE. UU.,80231.0
12634,Corporate,Lancaster,PA,EE. UU.,17601.0
8878,Corporate,Waipahu,HI,EE. UU.,96797.0
7930,Corporate,Pompano Beach,FL,EE. UU.,33065.0
8765,Corporate,College Station,TX,EE. UU.,77840.0
2371,Corporate,Baytown,TX,EE. UU.,77520.0
9601,Corporate,Apex,NC,EE. UU.,27502.0
18039,Corporate,North Tonawanda,NY,EE. UU.,14120.0
18128,Corporate,Newburgh,NY,EE. UU.,12550.0
18140,Corporate,Irwin,PA,EE. UU.,15642.0
16611,Corporate,Westland,MI,EE. UU.,48185.0
19071,Corporate,Madison,WI,EE. UU.,53704.0
19124,Corporate,Clementon,NJ,EE. UU.,8021.0
16429,Corporate,Valrico,FL,EE. UU.,33594.0
16393,Corporate,Cumberland,MD,EE. UU.,21502.0
16608,Corporate,Aurora,CO,EE. UU.,80012.0
16482,Corporate,Wyandotte,MI,EE. UU.,48192.0
16463,Corporate,San Francisco,CA,EE. UU.,94122.0
16535,Corporate,Flushing,NY,EE. UU.,11354.0
19048,Corporate,Bismarck,ND,EE. UU.,58501.0
19137,Corporate,Clearfield,UT,EE. UU.,84015.0
19136,Corporate,North Hills,CA,EE. UU.,91343.0
16385,Corporate,Philadelphia,PA,EE. UU.,19143.0
19115,Corporate,Panorama City,CA,EE. UU.,91402.0
16420,Corporate,Kent,WA,EE. UU.,98031.0
19131,Corporate,Yonkers,NY,EE. UU.,10701.0
16418,Corporate,Dallas,TX,EE. UU.,75287.0
16490,Corporate,Austin,TX,EE. UU.,78753.0
16614,Corporate,Miami,FL,EE. UU.,33147.0
16488,Corporate,Columbus,GA,EE. UU.,31907.0
16524,Corporate,Salt Lake City,UT,EE. UU.,84120.0
16486,Corporate,Brooklyn,NY,EE. UU.,11237.0
15808,Corporate,Princeton,NJ,EE. UU.,8540.0
18754,Corporate,Douglasville,GA,EE. UU.,30135.0
15843,Corporate,Clovis,CA,EE. UU.,93611.0
15805,Corporate,Rome,NY,EE. UU.,13440.0
15715,Corporate,Bronx,NY,EE. UU.,10468.0
15678,Corporate,El Cajon,CA,EE. UU.,92021.0
15822,Corporate,Laredo,TX,EE. UU.,78040.0
15820,Corporate,Pasadena,MD,EE. UU.,21122.0
15856,Corporate,Catonsville,MD,EE. UU.,21228.0
15872,Corporate,Palatine,IL,EE. UU.,60067.0
15834,Corporate,Plano,TX,EE. UU.,75093.0
15780,Corporate,Virginia Beach,VA,EE. UU.,23455.0
18798,Corporate,Miami,FL,EE. UU.,33155.0
15847,Corporate,Salina,KS,EE. UU.,67401.0
15810,Corporate,Chicago,IL,EE. UU.,60610.0
11353,Corporate,Temecula,CA,EE. UU.,92592.0
17685,Corporate,Lancaster,CA,EE. UU.,93536.0
17667,Corporate,Hampton,VA,EE. UU.,23666.0
20661,Corporate,Marrero,LA,EE. UU.,70072.0
18031,Corporate,Compton,CA,EE. UU.,90221.0
16056,Corporate,Aurora,CO,EE. UU.,80012.0
20426,Corporate,Phoenix,AZ,EE. UU.,85033.0
20444,Corporate,Mesquite,TX,EE. UU.,75149.0
17701,Corporate,Portland,OR,EE. UU.,97223.0
20425,Corporate,Bay Shore,NY,EE. UU.,11706.0
15928,Corporate,Campbell,CA,EE. UU.,95008.0
17413,Corporate,Westerville,OH,EE. UU.,43081.0
18029,Corporate,Glendale,AZ,EE. UU.,85301.0
12358,Home Office,Caguas,PR,Puerto Rico,725.0
9186,Home Office,Long Beach,CA,EE. UU.,90813.0
4109,Home Office,Baltimore,MD,EE. UU.,21218.0
7276,Consumer,Caguas,PR,Puerto Rico,725.0
646,Consumer,Ann Arbor,MI,EE. UU.,48103.0
8344,Consumer,Santa Fe,NM,EE. UU.,87505.0
203,Home Office,Phoenix,AZ,EE. UU.,85033.0
5521,Home Office,West Chester,PA,EE. UU.,19380.0
6412,Home Office,Las Vegas,NV,EE. UU.,89103.0
10950,Home Office,Charlotte,NC,EE. UU.,28205.0
11180,Home Office,Caguas,PR,Puerto Rico,725.0
848,Consumer,Los Angeles,CA,EE. UU.,90032.0
4367,Home Office,Springfield,MO,EE. UU.,65807.0
6665,Consumer,Caguas,PR,Puerto Rico,725.0
3502,Home Office,Antioch,CA,EE. UU.,94509.0
9950,Home Office,Honolulu,HI,EE. UU.,96817.0
3097,Consumer,Caguas,PR,Puerto Rico,725.0
3048,Consumer,Chula Vista,CA,EE. UU.,91911.0
10789,Consumer,Pompano Beach,FL,EE. UU.,33064.0
10217,Home Office,Caguas,PR,Puerto Rico,725.0
1964,Consumer,Bakersfield,CA,EE. UU.,93309.0
8276,Consumer,Longmont,CO,EE. UU.,80501.0
12152,Home Office,Harlingen,TX,EE. UU.,78550.0
9423,Consumer,San Diego,CA,EE. UU.,92109.0
7517,Consumer,Caguas,PR,Puerto Rico,725.0
565,Home Office,San Francisco,CA,EE. UU.,94112.0
6551,Consumer,Fresno,CA,EE. UU.,93702.0
12162,Home Office,North Hollywood,CA,EE. UU.,91606.0
6084,Home Office,Mission Viejo,CA,EE. UU.,92691.0
11529,Home Office,West Covina,CA,EE. UU.,91790.0
9840,Home Office,Pomona,CA,EE. UU.,91766.0
1003,Consumer,Ann Arbor,MI,EE. UU.,48103.0
3836,Home Office,Chesapeake,VA,EE. UU.,23322.0
8381,Home Office,Lockport,IL,EE. UU.,60441.0
2038,Consumer,Caguas,PR,Puerto Rico,725.0
5081,Home Office,Oregon City,OR,EE. UU.,97045.0
5149,Corporate,Caguas,PR,Puerto Rico,725.0
6573,Home Office,Brockton,MA,EE. UU.,2301.0
3416,Home Office,Houston,TX,EE. UU.,77088.0
6315,Home Office,Carlsbad,CA,EE. UU.,92009.0
2117,Corporate,Caguas,PR,Puerto Rico,725.0
9071,Home Office,Victorville,CA,EE. UU.,92392.0
3015,Consumer,Rio Grande,PR,Puerto Rico,745.0
7823,Home Office,Victorville,CA,EE. UU.,92392.0
1059,Home Office,Jacksonville,FL,EE. UU.,32225.0
11816,Home Office,New York,NY,EE. UU.,10021.0
1995,Consumer,Caguas,PR,Puerto Rico,725.0
3962,Corporate,Caguas,PR,Puerto Rico,725.0
2448,Home Office,Corona,NY,EE. UU.,11368.0
11130,Consumer,Oceanside,CA,EE. UU.,92054.0
7515,Home Office,El Paso,TX,EE. UU.,79936.0
8117,Consumer,Caguas,PR,Puerto Rico,725.0
2822,Consumer,Caguas,PR,Puerto Rico,725.0
8641,Corporate,Caguas,PR,Puerto Rico,725.0
1289,Home Office,Virginia Beach,VA,EE. UU.,23454.0
9721,Home Office,Bronx,NY,EE. UU.,10457.0
3068,Consumer,Lansdale,PA,EE. UU.,19446.0
10414,Consumer,Eugene,OR,EE. UU.,97405.0
11679,Home Office,San Pablo,CA,EE. UU.,94806.0
723,Home Office,Richmond,VA,EE. UU.,23223.0
557,Consumer,Waipahu,HI,EE. UU.,96797.0
304,Home Office,New Haven,CT,EE. UU.,6511.0
6276,Home Office,Chicago,IL,EE. UU.,60615.0
2658,Consumer,Weslaco,TX,EE. UU.,78596.0
9743,Home Office,San Francisco,CA,EE. UU.,94110.0
5746,Home Office,Yonkers,NY,EE. UU.,10701.0
1433,Home Office,Fairfield,CA,EE. UU.,94533.0
8764,Home Office,Peoria,AZ,EE. UU.,85345.0
8722,Consumer,Chicago,IL,EE. UU.,60639.0
8241,Consumer,Louisville,KY,EE. UU.,40214.0
6824,Home Office,Escondido,CA,EE. UU.,92026.0
2127,Consumer,Honolulu,HI,EE. UU.,96816.0
2295,Consumer,Clarksville,TN,EE. UU.,37042.0
9809,Consumer,Parkville,MD,EE. UU.,21234.0
9080,Home Office,Chicago,IL,EE. UU.,60622.0
9021,Consumer,Woodbridge,VA,EE. UU.,22193.0
2482,Home Office,Riverside,CA,EE. UU.,92503.0
10019,Home Office,Rome,NY,EE. UU.,13440.0
7782,Consumer,Richmond,KY,EE. UU.,40475.0
63,Home Office,Caguas,PR,Puerto Rico,725.0
10604,Home Office,Fayetteville,NC,EE. UU.,28314.0
6769,Home Office,Walnut,CA,EE. UU.,91789.0
5532,Home Office,Rowland Heights,CA,EE. UU.,91748.0
5395,Home Office,San Antonio,TX,EE. UU.,78201.0
3392,Home Office,Los Angeles,CA,EE. UU.,90032.0
1655,Home Office,Caguas,PR,Puerto Rico,725.0
8111,Home Office,Pompano Beach,FL,EE. UU.,33064.0
11402,Home Office,Newark,DE,EE. UU.,19711.0
9759,Home Office,Houston,TX,EE. UU.,77072.0
10694,Consumer,Caguas,PR,Puerto Rico,725.0
10981,Home Office,Lancaster,CA,EE. UU.,93535.0
3231,Home Office,Mechanicsburg,PA,EE. UU.,17055.0
862,Home Office,San Antonio,TX,EE. UU.,78223.0
4944,Consumer,Trujillo Alto,PR,Puerto Rico,976.0
855,Consumer,Caguas,PR,Puerto Rico,725.0
4313,Corporate,Caguas,PR,Puerto Rico,725.0
9301,Home Office,New Bedford,MA,EE. UU.,2740.0
5634,Home Office,Lynn,MA,EE. UU.,1902.0
2126,Consumer,Caguas,PR,Puerto Rico,725.0
12105,Consumer,Los Angeles,CA,EE. UU.,90046.0
8846,Consumer,Indio,CA,EE. UU.,92201.0
3081,Home Office,Columbus,OH,EE. UU.,43230.0
8068,Consumer,Philadelphia,PA,EE. UU.,19148.0
8168,Consumer,Caguas,PR,Puerto Rico,725.0
5345,Home Office,Newburgh,NY,EE. UU.,12550.0
2928,Home Office,Saint Paul,MN,EE. UU.,55124.0
8600,Home Office,Honolulu,HI,EE. UU.,96816.0
11452,Home Office,Hollywood,FL,EE. UU.,33023.0
3918,Corporate,Caguas,PR,Puerto Rico,725.0
10775,Consumer,Caguas,PR,Puerto Rico,725.0
6197,Consumer,San Sebastian,PR,Puerto Rico,685.0
696,Consumer,Caguas,PR,Puerto Rico,725.0
3604,Home Office,Fullerton,CA,EE. UU.,92833.0
1823,Home Office,Jacksonville,FL,EE. UU.,32244.0
8944,Home Office,Los Angeles,CA,EE. UU.,90003.0
2635,Consumer,Baytown,TX,EE. UU.,77520.0
6111,Home Office,Clarksville,TN,EE. UU.,37042.0
6673,Consumer,Caguas,PR,Puerto Rico,725.0
3641,Consumer,Miami,FL,EE. UU.,33162.0
892,Home Office,Mesquite,TX,EE. UU.,75149.0
3684,Home Office,Dallas,TX,EE. UU.,75220.0
3742,Home Office,Cupertino,CA,EE. UU.,95014.0
3080,Home Office,Lancaster,OH,EE. UU.,43130.0
9422,Home Office,Gaithersburg,MD,EE. UU.,20878.0
10580,Home Office,Poway,CA,EE. UU.,92064.0
1420,Home Office,Las Vegas,NV,EE. UU.,89123.0
10916,Home Office,Corona,CA,EE. UU.,92879.0
2440,Home Office,Alhambra,CA,EE. UU.,91801.0
3193,Home Office,Westland,MI,EE. UU.,48185.0
5546,Corporate,Caguas,PR,Puerto Rico,725.0
8934,Consumer,Lancaster,PA,EE. UU.,17603.0
4416,Home Office,Dallas,TX,EE. UU.,75211.0
12126,Home Office,East Lansing,MI,EE. UU.,48823.0
4428,Corporate,Caguas,PR,Puerto Rico,725.0
9624,Corporate,Caguas,PR,Puerto Rico,725.0
4534,Consumer,Caguas,PR,Puerto Rico,725.0
4207,Consumer,Caguas,PR,Puerto Rico,725.0
5442,Home Office,Chicago,IL,EE. UU.,60628.0
4261,Home Office,Canton,MI,EE. UU.,48187.0
7937,Consumer,Asheboro,NC,EE. UU.,27203.0
561,Corporate,Caguas,PR,Puerto Rico,725.0
2326,Consumer,Chicago,IL,EE. UU.,60632.0
6976,Home Office,Tulare,CA,EE. UU.,93274.0
9940,Home Office,San Diego,CA,EE. UU.,92129.0
11744,Home Office,West Orange,NJ,EE. UU.,7052.0
4804,Corporate,Jacksonville,FL,EE. UU.,32244.0
8494,Corporate,Chandler,AZ,EE. UU.,85225.0
945,Corporate,Indio,CA,EE. UU.,92201.0
623,Home Office,Tempe,AZ,EE. UU.,85281.0
13435,Home Office,Saint Paul,MN,EE. UU.,55124.0
14445,Home Office,Opa Locka,FL,EE. UU.,33055.0
13017,Home Office,West New York,NJ,EE. UU.,7093.0
14338,Home Office,Elyria,OH,EE. UU.,44035.0
14405,Home Office,La Crosse,WI,EE. UU.,54601.0
3273,Home Office,Sunnyvale,CA,EE. UU.,94086.0
9552,Home Office,Las Vegas,NV,EE. UU.,89110.0
12429,Home Office,Gardena,CA,EE. UU.,90247.0
13843,Home Office,Bronx,NY,EE. UU.,10452.0
1365,Home Office,Corona,NY,EE. UU.,11368.0
13591,Home Office,Greeley,CO,EE. UU.,80631.0
11721,Home Office,Saint Louis,MO,EE. UU.,63116.0
3384,Home Office,Pasadena,MD,EE. UU.,21122.0
3878,Home Office,Orlando,FL,EE. UU.,32822.0
3925,Home Office,Brooklyn,NY,EE. UU.,11219.0
11491,Home Office,Virginia Beach,VA,EE. UU.,23454.0
12326,Home Office,Los Angeles,CA,EE. UU.,90046.0
9951,Home Office,Clovis,CA,EE. UU.,93611.0
2704,Home Office,Fontana,CA,EE. UU.,92335.0
6818,Home Office,Carson,CA,EE. UU.,90745.0
12684,Home Office,Houston,TX,EE. UU.,77083.0
14988,Home Office,Mount Prospect,IL,EE. UU.,60056.0
14934,Home Office,Salem,OR,EE. UU.,97303.0
3796,Home Office,Pompano Beach,FL,EE. UU.,33068.0
1998,Home Office,Greeley,CO,EE. UU.,80631.0
9143,Home Office,Wheeling,WV,EE. UU.,26003.0
2430,Home Office,Dallas,TX,EE. UU.,75287.0
10943,Home Office,Plano,TX,EE. UU.,75093.0
9030,Home Office,Ontario,CA,EE. UU.,91761.0
11528,Home Office,Glen Burnie,MD,EE. UU.,21061.0
4639,Home Office,Los Angeles,CA,EE. UU.,90044.0
4676,Home Office,Reseda,CA,EE. UU.,91335.0
521,Home Office,Portland,OR,EE. UU.,97206.0
1889,Home Office,Smyrna,GA,EE. UU.,30080.0
18207,Home Office,Irvington,NJ,EE. UU.,7111.0
19163,Home Office,Los Angeles,CA,EE. UU.,90003.0
1277,Home Office,Beloit,WI,EE. UU.,53511.0
10536,Home Office,Medford,MA,EE. UU.,2155.0
20751,Home Office,Philadelphia,PA,EE. UU.,19120.0
11841,Home Office,Lancaster,SC,EE. UU.,29720.0
20496,Home Office,Wyoming,MI,EE. UU.,49509.0
11849,Home Office,Bellingham,WA,EE. UU.,98226.0
15981,Home Office,Rochester,NY,EE. UU.,14609.0
10628,Home Office,Ontario,CA,EE. UU.,91764.0
18345,Home Office,Woodbridge,VA,EE. UU.,22192.0
20741,Home Office,Detroit,MI,EE. UU.,48238.0
15918,Home Office,Richmond,VA,EE. UU.,23223.0
9416,Home Office,Virginia Beach,VA,EE. UU.,23456.0
11465,Home Office,Union City,CA,EE. UU.,94587.0
3864,Home Office,Laredo,TX,EE. UU.,78040.0
7368,Home Office,Portland,OR,EE. UU.,97229.0
15311,Home Office,Danbury,CT,EE. UU.,6810.0
175,Home Office,Los Angeles,CA,EE. UU.,90042.0
20154,Home Office,Brooklyn,NY,EE. UU.,11236.0
7048,Home Office,Salt Lake City,UT,EE. UU.,84119.0
4595,Home Office,San Diego,CA,EE. UU.,92105.0
262,Home Office,Chicago,IL,EE. UU.,60621.0
10133,Home Office,Buffalo,NY,EE. UU.,14221.0
8013,Home Office,Fond Du Lac,WI,EE. UU.,54935.0
5448,Home Office,Miami,FL,EE. UU.,33126.0
534,Home Office,Baldwin Park,CA,EE. UU.,91706.0
634,Home Office,Riverside,CA,EE. UU.,92504.0
9298,Home Office,Hollywood,FL,EE. UU.,33021.0
2288,Home Office,Indio,CA,EE. UU.,92201.0
11147,Home Office,Watsonville,CA,EE. UU.,95076.0
8081,Home Office,San Jose,CA,EE. UU.,95123.0
8466,Home Office,Bartlett,IL,EE. UU.,60103.0
9300,Home Office,Enfield,CT,EE. UU.,6082.0
2904,Home Office,Mesa,AZ,EE. UU.,85201.0
3357,Home Office,Lutz,FL,EE. UU.,33549.0
8630,Home Office,Sacramento,CA,EE. UU.,95828.0
2033,Home Office,Union City,NJ,EE. UU.,7087.0
10599,Home Office,Doylestown,PA,EE. UU.,18901.0
14565,Home Office,El Cajon,CA,EE. UU.,92021.0
12822,Home Office,Richmond,TX,EE. UU.,77469.0
5708,Home Office,Los Angeles,CA,EE. UU.,90032.0
2537,Home Office,Phoenix,AZ,EE. UU.,85033.0
6628,Home Office,Hickory,NC,EE. UU.,28601.0
7859,Home Office,West Covina,CA,EE. UU.,91790.0
8964,Home Office,Louisville,KY,EE. UU.,40214.0
9449,Home Office,Dallas,TX,EE. UU.,75216.0
2216,Home Office,Fremont,CA,EE. UU.,94539.0
16556,Home Office,Cordova,TN,EE. UU.,38018.0
16555,Home Office,Santa Ana,CA,EE. UU.,92704.0
19242,Home Office,Fresno,CA,EE. UU.,93722.0
20509,Home Office,Stockton,CA,EE. UU.,95206.0
17672,Home Office,Lindenhurst,NY,EE. UU.,11757.0
15467,Home Office,Brooklyn,NY,EE. UU.,11214.0
4349,Home Office,Salt Lake City,UT,EE. UU.,84118.0
10190,Home Office,Aurora,CO,EE. UU.,80012.0
9185,Home Office,Chicago,IL,EE. UU.,60618.0
10124,Home Office,Brooklyn,NY,EE. UU.,11229.0
3866,Home Office,Jacksonville,FL,EE. UU.,32225.0
13076,Home Office,New Castle,DE,EE. UU.,19720.0
13038,Home Office,Brooklyn,NY,EE. UU.,11236.0
2755,Home Office,Longmont,CO,EE. UU.,80501.0
6378,Home Office,Aurora,IL,EE. UU.,60506.0
1935,Home Office,Alpharetta,GA,EE. UU.,30022.0
2225,Home Office,San Diego,CA,EE. UU.,92114.0
8731,Home Office,Detroit,MI,EE. UU.,48224.0
995,Home Office,Richmond,IN,EE. UU.,47374.0
2783,Home Office,Middletown,OH,EE. UU.,45044.0
4099,Home Office,Flushing,NY,EE. UU.,11354.0
6166,Home Office,Greenville,NC,EE. UU.,27834.0
1069,Home Office,Stockbridge,GA,EE. UU.,30281.0
10140,Home Office,Sylmar,CA,EE. UU.,91342.0
5026,Home Office,Jonesboro,AR,EE. UU.,72401.0
11651,Home Office,Bayonne,NJ,EE. UU.,7002.0
378,Home Office,Roswell,GA,EE. UU.,30075.0
10971,Home Office,Vista,CA,EE. UU.,92084.0
1476,Home Office,Ewa Beach,HI,EE. UU.,96706.0
6460,Home Office,Morganton,NC,EE. UU.,28655.0
2434,Home Office,Fayetteville,NC,EE. UU.,28314.0
9703,Home Office,Kent,WA,EE. UU.,98031.0
12004,Home Office,San Jose,CA,EE. UU.,95125.0
7575,Home Office,Roseville,MI,EE. UU.,48066.0
2802,Home Office,Cleveland,OH,EE. UU.,44109.0
11663,Home Office,Memphis,TN,EE. UU.,38116.0
126,Home Office,Amarillo,TX,EE. UU.,79109.0
9503,Home Office,Orlando,FL,EE. UU.,32822.0
379,Home Office,Wyandotte,MI,EE. UU.,48192.0
16592,Home Office,Fairfield,CA,EE. UU.,94533.0
19100,Home Office,Bridgeton,NJ,EE. UU.,8302.0
18790,Home Office,Pico Rivera,CA,EE. UU.,90660.0
15695,Home Office,New York,NY,EE. UU.,10025.0
11185,Home Office,Bronx,NY,EE. UU.,10453.0
20517,Home Office,Jonesboro,AR,EE. UU.,72401.0
20534,Home Office,New Albany,IN,EE. UU.,47150.0
315,Home Office,Modesto,CA,EE. UU.,95350.0
731,Home Office,Lilburn,GA,EE. UU.,30047.0
2746,Home Office,Dearborn,MI,EE. UU.,48126.0
1434,Home Office,Loveland,OH,EE. UU.,45140.0
19774,Home Office,Carol Stream,IL,EE. UU.,60188.0
20060,Home Office,Rancho Cordova,CA,EE. UU.,95670.0
16166,Home Office,Norfolk,VA,EE. UU.,23503.0
20257,Home Office,Atlanta,GA,EE. UU.,30331.0
19859,Home Office,Baltimore,MD,EE. UU.,21206.0
20254,Home Office,Bend,OR,EE. UU.,97701.0
19858,Home Office,Phoenix,AZ,EE. UU.,85032.0
17202,Home Office,West Haven,CT,EE. UU.,6516.0
11680,Home Office,Fremont,CA,EE. UU.,94539.0
2429,Home Office,Newburgh,NY,EE. UU.,12550.0
8221,Home Office,New Braunfels,TX,EE. UU.,78130.0
10369,Home Office,Tucson,AZ,EE. UU.,85710.0
460,Home Office,Milford,CT,EE. UU.,6460.0
6612,Home Office,Wyandotte,MI,EE. UU.,48192.0
3197,Home Office,Los Angeles,CA,EE. UU.,90047.0
5217,Home Office,Livermore,CA,EE. UU.,94550.0
10669,Home Office,Quincy,IL,EE. UU.,62301.0
8950,Home Office,Bronx,NY,EE. UU.,10453.0
149,Home Office,Colton,CA,EE. UU.,92324.0
1675,Home Office,Sugar Land,TX,EE. UU.,77478.0
3229,Home Office,Van Nuys,CA,EE. UU.,91406.0
5353,Home Office,Amarillo,TX,EE. UU.,79109.0
5449,Home Office,Houston,TX,EE. UU.,77055.0
6359,Home Office,Carol Stream,IL,EE. UU.,60188.0
8463,Home Office,Albany,OR,EE. UU.,97321.0
2647,Home Office,Lancaster,CA,EE. UU.,93536.0
9066,Home Office,Lawrence,MA,EE. UU.,1841.0
11309,Home Office,Newburgh,NY,EE. UU.,12550.0
9718,Home Office,Annandale,VA,EE. UU.,22003.0
9121,Home Office,Hawthorne,CA,EE. UU.,90250.0
3380,Home Office,Detroit,MI,EE. UU.,48224.0
2380,Home Office,Springfield,MO,EE. UU.,65807.0
13049,Home Office,South Ozone Park,NY,EE. UU.,11420.0
14298,Home Office,Los Angeles,CA,EE. UU.,90023.0
14296,Home Office,Fresno,CA,EE. UU.,93702.0
13222,Home Office,Chicago,IL,EE. UU.,60622.0
13114,Home Office,Amarillo,TX,EE. UU.,79109.0
7871,Home Office,Las Vegas,NV,EE. UU.,89108.0
1336,Home Office,San Diego,CA,EE. UU.,92111.0
3575,Home Office,Fort Lauderdale,FL,EE. UU.,33312.0
5111,Home Office,Brooklyn,NY,EE. UU.,11208.0
13643,Home Office,Diamond Bar,CA,EE. UU.,91765.0
1773,Home Office,Canton,MI,EE. UU.,48187.0
13714,Home Office,San Antonio,TX,EE. UU.,78240.0
10710,Home Office,Bartlett,IL,EE. UU.,60103.0
4690,Home Office,Las Vegas,NV,EE. UU.,89119.0
13983,Home Office,Phoenix,AZ,EE. UU.,85035.0
5338,Home Office,Newark,NJ,EE. UU.,7104.0
6556,Home Office,Fontana,CA,EE. UU.,92335.0
1816,Home Office,Miami,FL,EE. UU.,33165.0
8074,Home Office,College Station,TX,EE. UU.,77840.0
13671,Home Office,Fairfield,CA,EE. UU.,94533.0
14899,Home Office,Sheboygan,WI,EE. UU.,53081.0
4613,Home Office,Richmond,TX,EE. UU.,77469.0
10305,Home Office,Frankfort,KY,EE. UU.,40601.0
331,Home Office,Tempe,AZ,EE. UU.,85281.0
1688,Home Office,San Francisco,CA,EE. UU.,94109.0
710,Home Office,Seattle,WA,EE. UU.,98115.0
11649,Home Office,Aurora,CO,EE. UU.,80011.0
1605,Home Office,Chandler,AZ,EE. UU.,85224.0
6698,Home Office,Amarillo,TX,EE. UU.,79109.0
265,Home Office,Dubuque,IA,EE. UU.,52001.0
6882,Home Office,Newark,NJ,EE. UU.,7104.0
4518,Home Office,Anaheim,CA,EE. UU.,92805.0
2980,Home Office,Marietta,GA,EE. UU.,30066.0
12680,Home Office,Long Beach,CA,EE. UU.,90805.0
12525,Home Office,Escondido,CA,EE. UU.,92027.0
12866,Home Office,Porterville,CA,EE. UU.,93257.0
14978,Home Office,Memphis,TN,EE. UU.,38109.0
12878,Home Office,Allentown,PA,EE. UU.,18103.0
15058,Home Office,Fayetteville,NC,EE. UU.,28314.0
15054,Home Office,Milpitas,CA,EE. UU.,95035.0
10695,Home Office,Chicago,IL,EE. UU.,60647.0
6684,Home Office,Spokane,WA,EE. UU.,99205.0
12348,Home Office,Rochester,NY,EE. UU.,14609.0
1057,Home Office,Hayward,CA,EE. UU.,94544.0
1089,Home Office,Raleigh,NC,EE. UU.,27606.0
1327,Home Office,Chicago,IL,EE. UU.,60637.0
10936,Home Office,Costa Mesa,CA,EE. UU.,92626.0
8969,Home Office,Carrollton,TX,EE. UU.,75006.0
6090,Home Office,Houston,TX,EE. UU.,77084.0
12118,Home Office,Orlando,FL,EE. UU.,32825.0
5351,Home Office,Cleveland,OH,EE. UU.,44109.0
2378,Home Office,Irwin,PA,EE. UU.,15642.0
9122,Home Office,Las Vegas,NV,EE. UU.,89110.0
4933,Home Office,Laredo,TX,EE. UU.,78046.0
8073,Home Office,San Jose,CA,EE. UU.,95111.0
1556,Home Office,Las Vegas,NV,EE. UU.,89117.0
10726,Home Office,Kent,WA,EE. UU.,98031.0
5309,Home Office,Smyrna,GA,EE. UU.,30080.0
3900,Home Office,Moline,IL,EE. UU.,61265.0
2915,Home Office,Mission Viejo,CA,EE. UU.,92691.0
8186,Home Office,Roseville,MI,EE. UU.,48066.0
4267,Home Office,Loveland,OH,EE. UU.,45140.0
2800,Home Office,Detroit,MI,EE. UU.,48221.0
3982,Home Office,Dallas,TX,EE. UU.,75287.0
18189,Home Office,Cleveland,OH,EE. UU.,44118.0
18258,Home Office,Corona,NY,EE. UU.,11368.0
15853,Home Office,Chicago,IL,EE. UU.,60645.0
9069,Home Office,Carlisle,PA,EE. UU.,17013.0
8717,Home Office,Granada Hills,CA,EE. UU.,91344.0
17703,Home Office,Granite City,IL,EE. UU.,62040.0
18336,Home Office,New York,NY,EE. UU.,10023.0
20621,Home Office,Stockbridge,GA,EE. UU.,30281.0
17734,Home Office,Fontana,CA,EE. UU.,92335.0
15980,Home Office,Bismarck,ND,EE. UU.,58501.0
9778,Home Office,Oceanside,CA,EE. UU.,92054.0
1584,Home Office,Miami,FL,EE. UU.,33162.0
20739,Home Office,Danbury,CT,EE. UU.,6810.0
17421,Home Office,Westland,MI,EE. UU.,48185.0
11476,Home Office,Sunnyvale,CA,EE. UU.,94087.0
6406,Home Office,Washington,DC,EE. UU.,20009.0
6001,Home Office,Gardena,CA,EE. UU.,90247.0
7742,Home Office,Victorville,CA,EE. UU.,92392.0
3037,Home Office,Houston,TX,EE. UU.,77072.0
18649,Home Office,West Haven,CT,EE. UU.,6516.0
11202,Home Office,Santa Cruz,CA,EE. UU.,95060.0
5776,Home Office,Strongsville,OH,EE. UU.,44136.0
1005,Home Office,Brooklyn,NY,EE. UU.,11207.0
824,Home Office,Hagerstown,MD,EE. UU.,21740.0
8953,Home Office,Meridian,ID,EE. UU.,83642.0
586,Home Office,San Marcos,TX,EE. UU.,78666.0
20243,Home Office,Stafford,VA,EE. UU.,22554.0
17784,Home Office,Vacaville,CA,EE. UU.,95687.0
20225,Home Office,Chula Vista,CA,EE. UU.,91911.0
19881,Home Office,Miami,FL,EE. UU.,33125.0
20239,Home Office,Garden Grove,CA,EE. UU.,92840.0
16202,Home Office,Garden Grove,CA,EE. UU.,92843.0
19933,Home Office,Fairfield,OH,EE. UU.,45014.0
20255,Home Office,Miami,FL,EE. UU.,33155.0
20201,Home Office,Stockton,CA,EE. UU.,95206.0
18977,Home Office,Wichita,KS,EE. UU.,67212.0
19929,Home Office,Lancaster,CA,EE. UU.,93535.0
15278,Home Office,Chino Hills,CA,EE. UU.,91709.0
17057,Home Office,Mission Viejo,CA,EE. UU.,92692.0
19007,Home Office,Detroit,MI,EE. UU.,48224.0
20086,Home Office,Baldwin Park,CA,EE. UU.,91706.0
4155,Home Office,Westminster,CA,EE. UU.,92683.0
11303,Home Office,Union City,NJ,EE. UU.,7087.0
3653,Home Office,Princeton,NJ,EE. UU.,8540.0
10939,Home Office,Hampton,VA,EE. UU.,23666.0
3608,Home Office,Brooklyn,NY,EE. UU.,11212.0
664,Home Office,Holland,MI,EE. UU.,49423.0
8132,Home Office,Raleigh,NC,EE. UU.,27610.0
3053,Home Office,Kent,WA,EE. UU.,98031.0
6054,Home Office,Los Angeles,CA,EE. UU.,90047.0
2471,Home Office,Hamtramck,MI,EE. UU.,48212.0
1712,Home Office,Lansdale,PA,EE. UU.,19446.0
789,Home Office,San Diego,CA,EE. UU.,92115.0
9219,Home Office,Oceanside,CA,EE. UU.,92054.0
2850,Home Office,New York,NY,EE. UU.,10128.0
9117,Home Office,Tampa,FL,EE. UU.,33624.0
4103,Home Office,Dorchester Center,MA,EE. UU.,2124.0
11242,Home Office,Wyoming,MI,EE. UU.,49509.0
11144,Home Office,Mesa,AZ,EE. UU.,85201.0
9409,Home Office,Rome,NY,EE. UU.,13440.0
9631,Home Office,College Station,TX,EE. UU.,77840.0
549,Home Office,Sugar Land,TX,EE. UU.,77478.0
11878,Home Office,San Ramon,CA,EE. UU.,94583.0
8218,Home Office,Fort Worth,TX,EE. UU.,76106.0
2257,Home Office,Milwaukee,WI,EE. UU.,53215.0
3383,Home Office,Brooklyn,NY,EE. UU.,11220.0
486,Home Office,Lancaster,OH,EE. UU.,43130.0
10851,Home Office,Saint Charles,MO,EE. UU.,63301.0
4343,Home Office,Tallahassee,FL,EE. UU.,32308.0
5130,Home Office,Morganton,NC,EE. UU.,28655.0
10295,Home Office,Memphis,TN,EE. UU.,38111.0
7079,Home Office,Marietta,GA,EE. UU.,30066.0
10774,Home Office,Columbus,GA,EE. UU.,31907.0
11648,Home Office,Dorchester Center,MA,EE. UU.,2124.0
11480,Home Office,Beaverton,OR,EE. UU.,97006.0
1340,Home Office,West Chester,PA,EE. UU.,19382.0
6129,Home Office,Merced,CA,EE. UU.,95340.0
12337,Consumer,Chicago,IL,EE. UU.,60637.0
5915,Consumer,Lawrenceville,GA,EE. UU.,30043.0
3450,Consumer,Diamond Bar,CA,EE. UU.,91765.0
11248,Consumer,Waipahu,HI,EE. UU.,96797.0
11192,Consumer,Hialeah,FL,EE. UU.,33016.0
6851,Consumer,Westland,MI,EE. UU.,48185.0
2059,Consumer,Loveland,OH,EE. UU.,45140.0
7072,Consumer,Mililani,HI,EE. UU.,96789.0
922,Consumer,Lancaster,OH,EE. UU.,43130.0
10094,Consumer,Fremont,CA,EE. UU.,94536.0
14666,Consumer,San Bernardino,CA,EE. UU.,92404.0
14557,Consumer,Virginia Beach,VA,EE. UU.,23456.0
13094,Consumer,Irwin,PA,EE. UU.,15642.0
14629,Consumer,Moline,IL,EE. UU.,61265.0
13183,Consumer,Paramount,CA,EE. UU.,90723.0
14627,Consumer,Watsonville,CA,EE. UU.,95076.0
13074,Consumer,Bridgeton,NJ,EE. UU.,8302.0
13110,Consumer,Morrisville,PA,EE. UU.,19067.0
14164,Consumer,La Mesa,CA,EE. UU.,91941.0
14590,Consumer,Laredo,TX,EE. UU.,78040.0
14554,Consumer,Lakewood,NJ,EE. UU.,8701.0
14108,Consumer,San Bernardino,CA,EE. UU.,92407.0
14139,Consumer,Birmingham,AL,EE. UU.,35215.0
14548,Consumer,Virginia Beach,VA,EE. UU.,23454.0
13444,Consumer,Sacramento,CA,EE. UU.,95828.0
13191,Consumer,Tucson,AZ,EE. UU.,85705.0
13011,Consumer,Rancho Cucamonga,CA,EE. UU.,91730.0
14119,Consumer,Dallas,TX,EE. UU.,75220.0
13046,Consumer,New York,NY,EE. UU.,10033.0
14244,Consumer,Billings,MT,EE. UU.,59102.0
13205,Consumer,Spokane,WA,EE. UU.,99205.0
14560,Consumer,Toms River,NJ,EE. UU.,8753.0
13133,Consumer,Washington,DC,EE. UU.,20019.0
13420,Consumer,Chicago,IL,EE. UU.,60617.0
13474,Consumer,Highland,CA,EE. UU.,92346.0
11752,Consumer,Hollywood,FL,EE. UU.,33025.0
13825,Consumer,Modesto,CA,EE. UU.,95351.0
14807,Consumer,Baytown,TX,EE. UU.,77520.0
10697,Consumer,San Diego,CA,EE. UU.,92117.0
14912,Consumer,New Orleans,LA,EE. UU.,70117.0
14732,Consumer,Phoenix,AZ,EE. UU.,85033.0
14839,Consumer,Philadelphia,PA,EE. UU.,19131.0
6546,Consumer,East Lansing,MI,EE. UU.,48823.0
13547,Consumer,York,PA,EE. UU.,17404.0
4966,Consumer,Columbus,OH,EE. UU.,43230.0
14888,Consumer,Santa Fe,NM,EE. UU.,87505.0
13869,Consumer,Fairfield,CA,EE. UU.,94533.0
13887,Consumer,Pompano Beach,FL,EE. UU.,33065.0
12824,Consumer,Los Angeles,CA,EE. UU.,90046.0
9509,Consumer,Dearborn,MI,EE. UU.,48126.0
9478,Consumer,Lawrence,MA,EE. UU.,1841.0
11027,Consumer,Columbus,OH,EE. UU.,43228.0
13758,Consumer,Memphis,TN,EE. UU.,38128.0
13722,Consumer,Las Vegas,NV,EE. UU.,89101.0
10776,Consumer,Fort Worth,TX,EE. UU.,76106.0
13757,Consumer,Santa Clara,CA,EE. UU.,95051.0
13685,Consumer,San Antonio,TX,EE. UU.,78207.0
11371,Consumer,Van Nuys,CA,EE. UU.,91405.0
10402,Consumer,Fontana,CA,EE. UU.,92336.0
12763,Consumer,Carrollton,TX,EE. UU.,75007.0
13610,Consumer,Memphis,TN,EE. UU.,38109.0
9564,Consumer,Dallas,TX,EE. UU.,75243.0
200,Consumer,Lynn,MA,EE. UU.,1902.0
12277,Consumer,Pacoima,CA,EE. UU.,91331.0
11053,Consumer,Bakersfield,CA,EE. UU.,93309.0
7917,Consumer,Dallas,TX,EE. UU.,75287.0
3887,Consumer,Garland,TX,EE. UU.,75040.0
10433,Consumer,Houston,TX,EE. UU.,77080.0
11343,Consumer,Orange Park,FL,EE. UU.,32073.0
12433,Consumer,Levittown,NY,EE. UU.,11756.0
3718,Consumer,Las Vegas,NV,EE. UU.,89103.0
7949,Consumer,Painesville,OH,EE. UU.,44077.0
9255,Consumer,Oak Lawn,IL,EE. UU.,60453.0
12649,Consumer,Enfield,CT,EE. UU.,6082.0
12736,Consumer,Plano,TX,EE. UU.,75093.0
12480,Consumer,Napa,CA,EE. UU.,94558.0
14980,Consumer,Hanover,PA,EE. UU.,17331.0
15032,Consumer,Yuma,AZ,EE. UU.,85364.0
15085,Consumer,Sandusky,OH,EE. UU.,44870.0
15066,Consumer,Chicago,IL,EE. UU.,60625.0
15117,Consumer,Duluth,GA,EE. UU.,30096.0
12894,Consumer,San Francisco,CA,EE. UU.,94109.0
15094,Consumer,Weslaco,TX,EE. UU.,78596.0
15035,Consumer,Livermore,CA,EE. UU.,94550.0
14981,Consumer,Richardson,TX,EE. UU.,75080.0
14448,Consumer,Fond Du Lac,WI,EE. UU.,54935.0
13052,Consumer,Smyrna,GA,EE. UU.,30080.0
14511,Consumer,Lansdale,PA,EE. UU.,19446.0
14766,Consumer,Corona,CA,EE. UU.,92879.0
12338,Consumer,Phoenix,AZ,EE. UU.,85008.0
3898,Consumer,Martinsburg,WV,EE. UU.,25401.0
5276,Consumer,Chillicothe,OH,EE. UU.,45601.0
5589,Consumer,Loveland,OH,EE. UU.,45140.0
920,Consumer,New Braunfels,TX,EE. UU.,78130.0
283,Consumer,Wilmington,CA,EE. UU.,90744.0
33,Consumer,Norfolk,VA,EE. UU.,23503.0
9686,Consumer,Wheaton,IL,EE. UU.,60187.0
11969,Consumer,Honolulu,HI,EE. UU.,96822.0
3966,Consumer,Brooklyn,NY,EE. UU.,11236.0
8903,Consumer,Ypsilanti,MI,EE. UU.,48197.0
11181,Consumer,Bronx,NY,EE. UU.,10473.0
5123,Consumer,Phoenix,AZ,EE. UU.,85009.0
11298,Consumer,Henrico,VA,EE. UU.,23233.0
1366,Consumer,Costa Mesa,CA,EE. UU.,92626.0
5953,Consumer,Irwin,PA,EE. UU.,15642.0
8980,Consumer,Opelousas,LA,EE. UU.,70570.0
4341,Consumer,Hempstead,NY,EE. UU.,11550.0
12159,Consumer,Pasadena,MD,EE. UU.,21122.0
1447,Consumer,Newark,DE,EE. UU.,19702.0
18252,Consumer,Lakewood,NJ,EE. UU.,8701.0
18250,Consumer,Sacramento,CA,EE. UU.,95828.0
18087,Consumer,Chicago,IL,EE. UU.,60621.0
18229,Consumer,New York,NY,EE. UU.,10031.0
16461,Consumer,Oceanside,CA,EE. UU.,92057.0
19278,Consumer,Eugene,OR,EE. UU.,97402.0
19044,Consumer,Dallas,TX,EE. UU.,75217.0
19186,Consumer,Fairfield,CA,EE. UU.,94533.0
16545,Consumer,Baltimore,MD,EE. UU.,21218.0
19220,Consumer,Woonsocket,RI,EE. UU.,2895.0
16543,Consumer,Clearfield,UT,EE. UU.,84015.0
15824,Consumer,Augusta,GA,EE. UU.,30906.0
15698,Consumer,Aurora,IL,EE. UU.,60504.0
18788,Consumer,Salt Lake City,UT,EE. UU.,84119.0
18769,Consumer,Potomac,MD,EE. UU.,20854.0
15839,Consumer,Philadelphia,PA,EE. UU.,19134.0
18767,Consumer,Chapel Hill,NC,EE. UU.,27514.0
15728,Consumer,Arlington,TX,EE. UU.,76010.0
15907,Consumer,New Bedford,MA,EE. UU.,2740.0
15906,Consumer,Algonquin,IL,EE. UU.,60102.0
18830,Consumer,Germantown,MD,EE. UU.,20874.0
15864,Consumer,Chicago,IL,EE. UU.,60622.0
6814,Consumer,Chicago,IL,EE. UU.,60619.0
1814,Consumer,Newark,DE,EE. UU.,19702.0
1318,Consumer,Perth Amboy,NJ,EE. UU.,8861.0
5925,Consumer,Hempstead,NY,EE. UU.,11550.0
20481,Consumer,Pompano Beach,FL,EE. UU.,33063.0
4041,Consumer,Madison,WI,EE. UU.,53704.0
20678,Consumer,New York,NY,EE. UU.,10002.0
18280,Consumer,Bell Gardens,CA,EE. UU.,90201.0
17922,Consumer,San Antonio,TX,EE. UU.,78228.0
17522,Consumer,Clementon,NJ,EE. UU.,8021.0
10355,Consumer,Saint Paul,MN,EE. UU.,55104.0
17359,Consumer,Valrico,FL,EE. UU.,33594.0
20514,Consumer,Saint Peters,MO,EE. UU.,63376.0
5144,Consumer,Miami,FL,EE. UU.,33161.0
20567,Consumer,Glenview,IL,EE. UU.,60025.0
8665,Consumer,San Bernardino,CA,EE. UU.,92410.0
8614,Consumer,Sunnyvale,CA,EE. UU.,94086.0
20566,Consumer,Jamaica,NY,EE. UU.,11435.0
17357,Consumer,West Chester,PA,EE. UU.,19380.0
17679,Consumer,Sandusky,OH,EE. UU.,44870.0
18456,Consumer,Fort Lauderdale,FL,EE. UU.,33312.0
20385,Consumer,Dubuque,IA,EE. UU.,52001.0
20457,Consumer,Walnut,CA,EE. UU.,91789.0
11805,Consumer,Corona,NY,EE. UU.,11368.0
17318,Consumer,Indio,CA,EE. UU.,92201.0
17335,Consumer,Temecula,CA,EE. UU.,92592.0
1075,Consumer,Washington,DC,EE. UU.,20009.0
11008,Consumer,San Antonio,TX,EE. UU.,78207.0
20561,Consumer,Eagle Pass,TX,EE. UU.,78852.0
18308,Consumer,Brooklyn,NY,EE. UU.,11203.0
17441,Consumer,Richmond,KY,EE. UU.,40475.0
17913,Consumer,Sheboygan,WI,EE. UU.,53081.0
9623,Consumer,Austin,TX,EE. UU.,78704.0
17367,Consumer,El Paso,TX,EE. UU.,79924.0
20396,Consumer,Las Vegas,NV,EE. UU.,89101.0
17965,Consumer,Knoxville,TN,EE. UU.,37922.0
11669,Consumer,Portland,OR,EE. UU.,97206.0
8339,Consumer,Alhambra,CA,EE. UU.,91801.0
20557,Consumer,Brooklyn,NY,EE. UU.,11207.0
17928,Consumer,Victorville,CA,EE. UU.,92392.0
17910,Consumer,San Antonio,TX,EE. UU.,78240.0
20718,Consumer,Las Vegas,NV,EE. UU.,89117.0
16042,Consumer,New York,NY,EE. UU.,10033.0
4545,Consumer,Henderson,NV,EE. UU.,89014.0
9894,Consumer,Fresno,CA,EE. UU.,93727.0
926,Consumer,Wilkes Barre,PA,EE. UU.,18702.0
18699,Consumer,San Bernardino,CA,EE. UU.,92410.0
15530,Consumer,San Jose,CA,EE. UU.,95127.0
15617,Consumer,Del Rio,TX,EE. UU.,78840.0
15670,Consumer,El Paso,TX,EE. UU.,79907.0
15452,Consumer,Denver,CO,EE. UU.,80231.0
15433,Consumer,West New York,NJ,EE. UU.,7093.0
15631,Consumer,Gilroy,CA,EE. UU.,95020.0
15414,Consumer,Bakersfield,CA,EE. UU.,93304.0
3261,Consumer,Vacaville,CA,EE. UU.,95687.0
8525,Consumer,New York,NY,EE. UU.,10033.0
6984,Consumer,Chicago,IL,EE. UU.,60644.0
11770,Consumer,Flushing,NY,EE. UU.,11355.0
17607,Consumer,Katy,TX,EE. UU.,77450.0
17533,Consumer,Canyon Country,CA,EE. UU.,91351.0
15286,Consumer,New York,NY,EE. UU.,10128.0
16332,Consumer,Orlando,FL,EE. UU.,32825.0
18930,Consumer,Moline,IL,EE. UU.,61265.0
17208,Consumer,Grove City,OH,EE. UU.,43123.0
15285,Consumer,Houston,TX,EE. UU.,77036.0
20188,Consumer,Long Beach,CA,EE. UU.,90806.0
16150,Consumer,Los Angeles,CA,EE. UU.,90066.0
20079,Consumer,Taunton,MA,EE. UU.,2780.0
18628,Consumer,Tucson,AZ,EE. UU.,85719.0
17207,Consumer,Norwalk,CA,EE. UU.,90650.0
18555,Consumer,Cleveland,OH,EE. UU.,44105.0
17799,Consumer,Honolulu,HI,EE. UU.,96817.0
20114,Consumer,Tracy,CA,EE. UU.,95376.0
15228,Consumer,Plymouth,MA,EE. UU.,2360.0
17097,Consumer,Columbia,MO,EE. UU.,65203.0
20095,Consumer,Greenville,NC,EE. UU.,27858.0
19914,Consumer,Diamond Bar,CA,EE. UU.,91765.0
17042,Consumer,Fond Du Lac,WI,EE. UU.,54935.0
18553,Consumer,Fort Lauderdale,FL,EE. UU.,33311.0
16344,Consumer,Lakewood,NJ,EE. UU.,8701.0
19985,Consumer,Las Vegas,NV,EE. UU.,89115.0
18551,Consumer,Troy,NY,EE. UU.,12180.0
20218,Consumer,Orange Park,FL,EE. UU.,32073.0
16342,Consumer,Tucson,AZ,EE. UU.,85719.0
17146,Consumer,New Brunswick,NJ,EE. UU.,8901.0
19927,Consumer,Dallas,TX,EE. UU.,75220.0
20071,Consumer,Ogden,UT,EE. UU.,84404.0
19800,Consumer,Houston,TX,EE. UU.,77083.0
19944,Consumer,Doylestown,PA,EE. UU.,18901.0
15238,Consumer,Cleveland,OH,EE. UU.,44109.0
17251,Consumer,Englewood,CO,EE. UU.,80110.0
18545,Consumer,Fort Lauderdale,FL,EE. UU.,33324.0
20374,Consumer,Rowland Heights,CA,EE. UU.,91748.0
20175,Consumer,Tempe,AZ,EE. UU.,85281.0
20300,Consumer,Del Rio,TX,EE. UU.,78840.0
16137,Consumer,Hollywood,FL,EE. UU.,33021.0
16173,Consumer,Chapel Hill,NC,EE. UU.,27514.0
16280,Consumer,Hampton,VA,EE. UU.,23666.0
20299,Consumer,Paramount,CA,EE. UU.,90723.0
17804,Consumer,Lockport,IL,EE. UU.,60441.0
19921,Consumer,Chicago,IL,EE. UU.,60624.0
16243,Consumer,Brandon,FL,EE. UU.,33511.0
19191,Consumer,Chicago,IL,EE. UU.,60617.0
17925,Consumer,Houston,TX,EE. UU.,77093.0
18011,Consumer,Moreno Valley,CA,EE. UU.,92557.0
17681,Consumer,Salem,OR,EE. UU.,97303.0
17711,Consumer,Duluth,GA,EE. UU.,30096.0
6022,Consumer,West Chester,PA,EE. UU.,19380.0
17908,Consumer,Union,NJ,EE. UU.,7083.0
15587,Consumer,Aurora,IL,EE. UU.,60506.0
18692,Consumer,Troy,NY,EE. UU.,12180.0
891,Consumer,Beaverton,OR,EE. UU.,97007.0
3533,Consumer,Lindenhurst,NY,EE. UU.,11757.0
19863,Consumer,Austin,TX,EE. UU.,78753.0
17797,Consumer,Webster,NY,EE. UU.,14580.0
16345,Consumer,Mount Prospect,IL,EE. UU.,60056.0
15226,Consumer,Santa Ana,CA,EE. UU.,92705.0
17184,Consumer,Laredo,TX,EE. UU.,78040.0
19797,Consumer,Yonkers,NY,EE. UU.,10701.0
17103,Consumer,Sunnyvale,CA,EE. UU.,94087.0
4854,Consumer,Brooklyn,NY,EE. UU.,11230.0
57,Consumer,Baltimore,MD,EE. UU.,21229.0
9561,Consumer,Mesa,AZ,EE. UU.,85204.0
2315,Consumer,Weslaco,TX,EE. UU.,78596.0
3044,Consumer,Colorado Springs,CO,EE. UU.,80918.0
4771,Consumer,Martinez,CA,EE. UU.,94553.0
3103,Consumer,Spring Valley,NY,EE. UU.,10977.0
5792,Consumer,Saint Louis,MO,EE. UU.,63116.0
10106,Consumer,Carrollton,TX,EE. UU.,75006.0
4996,Consumer,Olathe,KS,EE. UU.,66062.0
7755,Consumer,Bowling Green,KY,EE. UU.,42101.0
7207,Consumer,Washington,DC,EE. UU.,20002.0
2234,Consumer,Chicago,IL,EE. UU.,60640.0
5121,Consumer,Antioch,CA,EE. UU.,94509.0
7727,Consumer,Eugene,OR,EE. UU.,97405.0
7801,Consumer,Albuquerque,NM,EE. UU.,87105.0
1913,Consumer,Daly City,CA,EE. UU.,94015.0
7702,Consumer,Chicago,IL,EE. UU.,60647.0
11345,Consumer,Fargo,ND,EE. UU.,58103.0
2351,Consumer,Houston,TX,EE. UU.,77088.0
6431,Consumer,Placentia,CA,EE. UU.,92870.0
3436,Consumer,Palatine,IL,EE. UU.,60067.0
7941,Consumer,Brooklyn,NY,EE. UU.,11213.0
11040,Consumer,Fort Lauderdale,FL,EE. UU.,33324.0
1290,Consumer,Chesapeake,VA,EE. UU.,23322.0
3013,Consumer,Canton,MI,EE. UU.,48187.0
5514,Consumer,Des Plaines,IL,EE. UU.,60016.0
11907,Consumer,Newark,NJ,EE. UU.,7105.0
8377,Consumer,Irving,TX,EE. UU.,75060.0
1800,Consumer,Massapequa,NY,EE. UU.,11758.0
1454,Consumer,Palo Alto,CA,EE. UU.,94303.0
5996,Consumer,Newark,OH,EE. UU.,43055.0
580,Corporate,Caguas,PR,Puerto Rico,725.0
2507,Corporate,Caguas,PR,Puerto Rico,725.0
3534,Corporate,Caguas,PR,Puerto Rico,725.0
9865,Corporate,Caguas,PR,Puerto Rico,725.0
11802,Corporate,Caguas,PR,Puerto Rico,725.0
5434,Corporate,Caguas,PR,Puerto Rico,725.0
4644,Corporate,Caguas,PR,Puerto Rico,725.0
4574,Corporate,Caguas,PR,Puerto Rico,725.0
111,Corporate,Caguas,PR,Puerto Rico,725.0
8569,Corporate,Caguas,PR,Puerto Rico,725.0
6329,Corporate,Caguas,PR,Puerto Rico,725.0
8921,Corporate,Caguas,PR,Puerto Rico,725.0
8101,Corporate,Caguas,PR,Puerto Rico,725.0
1726,Corporate,Caguas,PR,Puerto Rico,725.0
5042,Corporate,Caguas,PR,Puerto Rico,725.0
7846,Corporate,Caguas,PR,Puerto Rico,725.0
8216,Corporate,Caguas,PR,Puerto Rico,725.0
4861,Corporate,Caguas,PR,Puerto Rico,725.0
3105,Corporate,Toa Baja,PR,Puerto Rico,949.0
6515,Corporate,Caguas,PR,Puerto Rico,725.0
3998,Corporate,Caguas,PR,Puerto Rico,725.0
3689,Corporate,San Juan,PR,Puerto Rico,921.0
2565,Corporate,Caguas,PR,Puerto Rico,725.0
7730,Corporate,Guaynabo,PR,Puerto Rico,969.0
7644,Corporate,Caguas,PR,Puerto Rico,725.0
11724,Corporate,Caguas,PR,Puerto Rico,725.0
1586,Corporate,Caguas,PR,Puerto Rico,725.0
4859,Corporate,Caguas,PR,Puerto Rico,725.0
2138,Corporate,Caguas,PR,Puerto Rico,725.0
6260,Corporate,Caguas,PR,Puerto Rico,725.0
11243,Corporate,Caguas,PR,Puerto Rico,725.0
7477,Corporate,Caguas,PR,Puerto Rico,725.0
9433,Corporate,Caguas,PR,Puerto Rico,725.0
10260,Corporate,Caguas,PR,Puerto Rico,725.0
2656,Corporate,Caguas,PR,Puerto Rico,725.0
5860,Corporate,Caguas,PR,Puerto Rico,725.0
1783,Corporate,Caguas,PR,Puerto Rico,725.0
1633,Corporate,Caguas,PR,Puerto Rico,725.0
9588,Corporate,Caguas,PR,Puerto Rico,725.0
670,Corporate,Caguas,PR,Puerto Rico,725.0
3584,Corporate,Caguas,PR,Puerto Rico,725.0
4777,Corporate,Caguas,PR,Puerto Rico,725.0
6837,Corporate,Caguas,PR,Puerto Rico,725.0
1720,Corporate,Caguas,PR,Puerto Rico,725.0
3000,Corporate,Caguas,PR,Puerto Rico,725.0
11734,Corporate,Caguas,PR,Puerto Rico,725.0
7239,Corporate,Caguas,PR,Puerto Rico,725.0
14200,Corporate,Caguas,PR,Puerto Rico,725.0
14270,Corporate,Caguas,PR,Puerto Rico,725.0
13279,Corporate,Caguas,PR,Puerto Rico,725.0
14222,Corporate,Yauco,PR,Puerto Rico,698.0
13553,Corporate,Caguas,PR,Puerto Rico,725.0
13980,Corporate,Caguas,PR,Puerto Rico,725.0
3642,Corporate,Caguas,PR,Puerto Rico,725.0
12766,Corporate,Caguas,PR,Puerto Rico,725.0
4638,Corporate,Caguas,PR,Puerto Rico,725.0
15237,Corporate,Caguas,PR,Puerto Rico,725.0
17903,Corporate,Caguas,PR,Puerto Rico,725.0
16478,Corporate,Caguas,PR,Puerto Rico,725.0
19112,Corporate,Caguas,PR,Puerto Rico,725.0
18768,Corporate,Caguas,PR,Puerto Rico,725.0
17664,Corporate,Caguas,PR,Puerto Rico,725.0
15976,Corporate,Caguas,PR,Puerto Rico,725.0
18488,Corporate,Caguas,PR,Puerto Rico,725.0
18451,Corporate,Caguas,PR,Puerto Rico,725.0
20451,Corporate,Caguas,PR,Puerto Rico,725.0
17438,Corporate,Caguas,PR,Puerto Rico,725.0
15483,Corporate,Caguas,PR,Puerto Rico,725.0
15549,Corporate,Caguas,PR,Puerto Rico,725.0
15655,Corporate,Caguas,PR,Puerto Rico,725.0
15583,Corporate,Caguas,PR,Puerto Rico,725.0
16179,Corporate,Caguas,PR,Puerto Rico,725.0
18974,Corporate,Caguas,PR,Puerto Rico,725.0
17090,Corporate,Caguas,PR,Puerto Rico,725.0
20231,Corporate,Caguas,PR,Puerto Rico,725.0
8077,Corporate,Caguas,PR,Puerto Rico,725.0
958,Corporate,Caguas,PR,Puerto Rico,725.0
7070,Corporate,Caguas,PR,Puerto Rico,725.0
11633,Corporate,Caguas,PR,Puerto Rico,725.0
9144,Corporate,Caguas,PR,Puerto Rico,725.0
852,Corporate,Caguas,PR,Puerto Rico,725.0
6864,Corporate,Caguas,PR,Puerto Rico,725.0
7885,Corporate,Caguas,PR,Puerto Rico,725.0
7321,Corporate,Caguas,PR,Puerto Rico,725.0
4601,Corporate,Caguas,PR,Puerto Rico,725.0
3681,Corporate,Caguas,PR,Puerto Rico,725.0
14801,Corporate,Caguas,PR,Puerto Rico,725.0
11088,Corporate,Caguas,PR,Puerto Rico,725.0
12534,Corporate,Caguas,PR,Puerto Rico,725.0
14960,Corporate,Caguas,PR,Puerto Rico,725.0
20507,Corporate,Caguas,PR,Puerto Rico,725.0
19162,Corporate,Caguas,PR,Puerto Rico,725.0
6857,Corporate,Caguas,PR,Puerto Rico,725.0
17295,Corporate,Caguas,PR,Puerto Rico,725.0
15547,Corporate,Caguas,PR,Puerto Rico,725.0
15527,Corporate,Caguas,PR,Puerto Rico,725.0
20027,Corporate,Caguas,PR,Puerto Rico,725.0
18952,Corporate,Caguas,PR,Puerto Rico,725.0
17860,Corporate,Caguas,PR,Puerto Rico,725.0
15269,Corporate,Caguas,PR,Puerto Rico,725.0
11203,Corporate,Caguas,PR,Puerto Rico,725.0
9512,Corporate,Caguas,PR,Puerto Rico,725.0
14057,Corporate,Caguas,PR,Puerto Rico,725.0
13108,Corporate,Caguas,PR,Puerto Rico,725.0
13160,Corporate,Caguas,PR,Puerto Rico,725.0
14559,Corporate,Caguas,PR,Puerto Rico,725.0
11722,Corporate,Caguas,PR,Puerto Rico,725.0
13662,Corporate,Caguas,PR,Puerto Rico,725.0
13644,Corporate,Caguas,PR,Puerto Rico,725.0
4687,Corporate,Caguas,PR,Puerto Rico,725.0
14002,Corporate,Caguas,PR,Puerto Rico,725.0
8840,Corporate,Caguas,PR,Puerto Rico,725.0
13961,Corporate,Caguas,PR,Puerto Rico,725.0
1746,Corporate,Caguas,PR,Puerto Rico,725.0
11023,Corporate,Caguas,PR,Puerto Rico,725.0
1377,Corporate,Rio Grande,PR,Puerto Rico,745.0
12499,Corporate,Caguas,PR,Puerto Rico,725.0
15088,Corporate,Caguas,PR,Puerto Rico,725.0
8490,Corporate,Caguas,PR,Puerto Rico,725.0
1344,Corporate,Caguas,PR,Puerto Rico,725.0
2499,Corporate,Caguas,PR,Puerto Rico,725.0
6728,Corporate,Caguas,PR,Puerto Rico,725.0
5374,Corporate,Caguas,PR,Puerto Rico,725.0
9355,Corporate,Caguas,PR,Puerto Rico,725.0
2952,Corporate,Caguas,PR,Puerto Rico,725.0
2030,Corporate,Caguas,PR,Puerto Rico,725.0
8409,Corporate,Caguas,PR,Puerto Rico,725.0
17300,Corporate,Caguas,PR,Puerto Rico,725.0
16372,Corporate,Caguas,PR,Puerto Rico,725.0
18095,Corporate,Caguas,PR,Puerto Rico,725.0
18070,Corporate,Caguas,PR,Puerto Rico,725.0
16428,Corporate,Caguas,PR,Puerto Rico,725.0
19144,Corporate,Caguas,PR,Puerto Rico,725.0
15701,Corporate,Caguas,PR,Puerto Rico,725.0
18819,Corporate,Caguas,PR,Puerto Rico,725.0
15818,Corporate,Caguas,PR,Puerto Rico,725.0
15831,Corporate,Caguas,PR,Puerto Rico,725.0
15757,Corporate,Caguas,PR,Puerto Rico,725.0
20479,Corporate,Caguas,PR,Puerto Rico,725.0
18386,Corporate,Caguas,PR,Puerto Rico,725.0
18331,Corporate,Caguas,PR,Puerto Rico,725.0
17391,Corporate,Caguas,PR,Puerto Rico,725.0
16012,Corporate,Caguas,PR,Puerto Rico,725.0
16009,Corporate,Caguas,PR,Puerto Rico,725.0
17930,Corporate,Caguas,PR,Puerto Rico,725.0
17964,Corporate,Caguas,PR,Puerto Rico,725.0
4735,Corporate,Caguas,PR,Puerto Rico,725.0
15292,Corporate,Caguas,PR,Puerto Rico,725.0
20259,Corporate,Caguas,PR,Puerto Rico,725.0
17798,Corporate,Caguas,PR,Puerto Rico,725.0
17203,Corporate,Caguas,PR,Puerto Rico,725.0
16253,Corporate,Toa Alta,PR,Puerto Rico,953.0
18568,Corporate,Caguas,PR,Puerto Rico,725.0
20322,Corporate,Caguas,PR,Puerto Rico,725.0
16210,Corporate,Caguas,PR,Puerto Rico,725.0
16117,Corporate,Caguas,PR,Puerto Rico,725.0
11580,Corporate,Caguas,PR,Puerto Rico,725.0
1312,Corporate,Caguas,PR,Puerto Rico,725.0
11007,Corporate,Caguas,PR,Puerto Rico,725.0
7088,Corporate,Westerville,OH,EE. UU.,43081.0
10016,Corporate,Brooklyn,NY,EE. UU.,11204.0
14585,Corporate,Tucson,AZ,EE. UU.,85746.0
13173,Corporate,Pomona,CA,EE. UU.,91767.0
13018,Corporate,Garland,TX,EE. UU.,75043.0
12996,Corporate,Richmond,VA,EE. UU.,23223.0
14527,Corporate,Woonsocket,RI,EE. UU.,2895.0
13402,Corporate,Los Angeles,CA,EE. UU.,90043.0
14860,Corporate,Jacksonville,FL,EE. UU.,32244.0
13819,Corporate,Marrero,LA,EE. UU.,70072.0
13778,Corporate,Saint Peters,MO,EE. UU.,63376.0
12658,Corporate,Carol Stream,IL,EE. UU.,60188.0
14962,Corporate,Seattle,WA,EE. UU.,98115.0
15067,Corporate,Ithaca,NY,EE. UU.,14850.0
13329,Corporate,Ogden,UT,EE. UU.,84404.0
13130,Corporate,Elmhurst,NY,EE. UU.,11373.0
14201,Corporate,Brooklyn,NY,EE. UU.,11214.0
13014,Corporate,Kaneohe,HI,EE. UU.,96744.0
13175,Corporate,Los Angeles,CA,EE. UU.,90003.0
13244,Corporate,San Benito,TX,EE. UU.,78586.0
1878,Corporate,San Diego,CA,EE. UU.,92117.0
14794,Corporate,Rio Rancho,NM,EE. UU.,87124.0
12640,Corporate,Las Vegas,NV,EE. UU.,89123.0
12940,Corporate,Orange Park,FL,EE. UU.,32073.0
12859,Corporate,Huntington Beach,CA,EE. UU.,92646.0
14487,Corporate,Philadelphia,PA,EE. UU.,19145.0
16475,Corporate,Honolulu,HI,EE. UU.,96817.0
15770,Corporate,Mount Pleasant,MI,EE. UU.,48858.0
17236,Corporate,Lancaster,CA,EE. UU.,93536.0
16500,Corporate,Pawtucket,RI,EE. UU.,2860.0
16479,Corporate,San Bernardino,CA,EE. UU.,92407.0
19111,Corporate,Dallas,TX,EE. UU.,75228.0
18833,Corporate,San Francisco,CA,EE. UU.,94109.0
15830,Corporate,Chicago,IL,EE. UU.,60615.0
8598,Corporate,San Diego,CA,EE. UU.,92117.0
18487,Corporate,Pomona,CA,EE. UU.,91766.0
18885,Corporate,New York,NY,EE. UU.,10023.0
17385,Corporate,Katy,TX,EE. UU.,77450.0
15554,Corporate,Jacksonville,NC,EE. UU.,28540.0
15505,Corporate,Elk Grove,CA,EE. UU.,95758.0
15649,Corporate,Pekin,IL,EE. UU.,61554.0
15307,Corporate,Marietta,GA,EE. UU.,30066.0
20148,Corporate,Pompano Beach,FL,EE. UU.,33065.0
20146,Corporate,Lynnwood,WA,EE. UU.,98037.0
17214,Corporate,Hollister,CA,EE. UU.,95023.0
17824,Corporate,Pittsburg,CA,EE. UU.,94565.0
20353,Corporate,Vista,CA,EE. UU.,92083.0
18856,Corporate,Richmond,VA,EE. UU.,23223.0
17470,Corporate,Alhambra,CA,EE. UU.,91801.0
15946,Corporate,San Jose,CA,EE. UU.,95148.0
17627,Corporate,Walnut,CA,EE. UU.,91789.0
17285,Corporate,Philadelphia,PA,EE. UU.,19124.0
17953,Corporate,Mchenry,IL,EE. UU.,60050.0
20689,Corporate,Holland,MI,EE. UU.,49423.0
18869,Corporate,Mechanicsburg,PA,EE. UU.,17055.0
17406,Corporate,Milford,CT,EE. UU.,6460.0
20702,Corporate,Clearfield,UT,EE. UU.,84015.0
18447,Corporate,Chicago,IL,EE. UU.,60645.0
7395,Corporate,East Brunswick,NJ,EE. UU.,8816.0
17578,Corporate,Hamilton,OH,EE. UU.,45013.0
15169,Corporate,Chicago,IL,EE. UU.,60647.0
16320,Corporate,North Bergen,NJ,EE. UU.,7047.0
16352,Corporate,Chesapeake,VA,EE. UU.,23322.0
20450,Corporate,Tampa,FL,EE. UU.,33624.0
19016,Corporate,Ewa Beach,HI,EE. UU.,96706.0
17760,Corporate,Brooklyn,NY,EE. UU.,11201.0
17089,Corporate,Loveland,OH,EE. UU.,45140.0
101,Corporate,Dorchester Center,MA,EE. UU.,2124.0
10002,Corporate,New York,NY,EE. UU.,10040.0
6856,Corporate,Plainfield,IL,EE. UU.,60544.0
193,Corporate,Gaithersburg,MD,EE. UU.,20878.0
13625,Corporate,Detroit,MI,EE. UU.,48238.0
14033,Corporate,Norcross,GA,EE. UU.,30093.0
12625,Corporate,San Marcos,TX,EE. UU.,78666.0
13180,Corporate,North Hollywood,CA,EE. UU.,91606.0
14263,Corporate,Buffalo,NY,EE. UU.,14221.0
14152,Corporate,Houston,TX,EE. UU.,77036.0
14434,Corporate,Greeley,CO,EE. UU.,80631.0
12535,Corporate,Las Vegas,NV,EE. UU.,89123.0
14961,Corporate,Chicago,IL,EE. UU.,60640.0
3732,Corporate,Norcross,GA,EE. UU.,30093.0
7025,Corporate,Buffalo,NY,EE. UU.,14221.0
16388,Corporate,Tucson,AZ,EE. UU.,85706.0
20336,Corporate,Los Angeles,CA,EE. UU.,90024.0
19160,Corporate,Williamsport,PA,EE. UU.,17701.0
17663,Corporate,Las Vegas,NV,EE. UU.,89123.0
17497,Corporate,Houston,TX,EE. UU.,77083.0
15441,Corporate,San Diego,CA,EE. UU.,92111.0
16152,Corporate,San Jose,CA,EE. UU.,95111.0
17855,Corporate,Detroit,MI,EE. UU.,48219.0
18563,Corporate,Lindenhurst,NY,EE. UU.,11757.0
15270,Corporate,Duluth,GA,EE. UU.,30096.0
20406,Corporate,Del Rio,TX,EE. UU.,78840.0
17517,Corporate,Las Cruces,NM,EE. UU.,88005.0
18865,Corporate,Fremont,CA,EE. UU.,94538.0
15470,Corporate,Peoria,AZ,EE. UU.,85345.0
15468,Corporate,Jacksonville,NC,EE. UU.,28540.0
15703,Corporate,Henrico,VA,EE. UU.,23233.0
18278,Corporate,Edison,NJ,EE. UU.,8817.0
17570,Corporate,Indianapolis,IN,EE. UU.,46227.0
4990,Corporate,Yonkers,NY,EE. UU.,10701.0
14769,Corporate,Malden,MA,EE. UU.,2148.0
14994,Corporate,Modesto,CA,EE. UU.,95355.0
14644,Corporate,Albuquerque,NM,EE. UU.,87111.0
14305,Corporate,Summerville,SC,EE. UU.,29483.0
13159,Corporate,Richmond,VA,EE. UU.,23223.0
14477,Corporate,Saint Paul,MN,EE. UU.,55124.0
13458,Corporate,Ogden,UT,EE. UU.,84404.0
13186,Corporate,Chicago,IL,EE. UU.,60628.0
14056,Corporate,Beloit,WI,EE. UU.,53511.0
14000,Corporate,Brooklyn,NY,EE. UU.,11218.0
12503,Corporate,Chicago,IL,EE. UU.,60619.0
14991,Corporate,Costa Mesa,CA,EE. UU.,92626.0
13010,Corporate,Joliet,IL,EE. UU.,60435.0
13207,Corporate,Pawtucket,RI,EE. UU.,2860.0
13009,Corporate,Washington,DC,EE. UU.,20019.0
12989,Corporate,Fremont,CA,EE. UU.,94538.0
13537,Corporate,Rowland Heights,CA,EE. UU.,91748.0
13572,Corporate,Ballwin,MO,EE. UU.,63021.0
1248,Corporate,Reseda,CA,EE. UU.,91335.0
14695,Corporate,Bronx,NY,EE. UU.,10461.0
14802,Corporate,Lakewood,OH,EE. UU.,44107.0
13979,Corporate,Fayetteville,NC,EE. UU.,28314.0
5166,Corporate,Kenner,LA,EE. UU.,70065.0
12654,Corporate,La Puente,CA,EE. UU.,91744.0
14426,Corporate,Tempe,AZ,EE. UU.,85282.0
17968,Corporate,Antioch,CA,EE. UU.,94509.0
9734,Corporate,Rego Park,NY,EE. UU.,11374.0
18065,Corporate,Glenview,IL,EE. UU.,60025.0
18246,Corporate,Newark,NJ,EE. UU.,7105.0
16593,Corporate,Garden Grove,CA,EE. UU.,92840.0
19267,Corporate,Strongsville,OH,EE. UU.,44136.0
16427,Corporate,Morristown,NJ,EE. UU.,7960.0
19192,Corporate,Brooklyn,NY,EE. UU.,11237.0
16604,Corporate,Weslaco,TX,EE. UU.,78596.0
16549,Corporate,Cary,NC,EE. UU.,27511.0
16505,Corporate,Tinley Park,IL,EE. UU.,60477.0
18771,Corporate,Elyria,OH,EE. UU.,44035.0
20590,Corporate,Highland,CA,EE. UU.,92346.0
18387,Corporate,Lutz,FL,EE. UU.,33549.0
17521,Corporate,Pico Rivera,CA,EE. UU.,90660.0
16053,Corporate,Jackson,MI,EE. UU.,49201.0
17919,Corporate,Hialeah,FL,EE. UU.,33010.0
18433,Corporate,Philadelphia,PA,EE. UU.,19134.0
15611,Corporate,Tucson,AZ,EE. UU.,85713.0
15608,Corporate,Colorado Springs,CO,EE. UU.,80918.0
17580,Corporate,Elgin,IL,EE. UU.,60123.0
15194,Corporate,Phoenix,AZ,EE. UU.,85009.0
16164,Corporate,Loveland,OH,EE. UU.,45140.0
16326,Corporate,Aurora,CO,EE. UU.,80011.0
20070,Corporate,Cerritos,CA,EE. UU.,90703.0
15234,Corporate,Phoenix,AZ,EE. UU.,85022.0
15233,Corporate,Denver,CO,EE. UU.,80219.0
18245,Corporate,El Paso,TX,EE. UU.,79936.0
19052,Corporate,Garland,TX,EE. UU.,75040.0
16591,Corporate,Westminster,CA,EE. UU.,92683.0
19069,Corporate,Honolulu,HI,EE. UU.,96817.0
19157,Corporate,Tempe,AZ,EE. UU.,85282.0
19153,Corporate,Princeton,NJ,EE. UU.,8540.0
19207,Corporate,Chesapeake,VA,EE. UU.,23322.0
18820,Corporate,Powder Springs,GA,EE. UU.,30127.0
18765,Corporate,El Centro,CA,EE. UU.,92243.0
15885,Corporate,Cupertino,CA,EE. UU.,95014.0
15776,Corporate,Chapel Hill,NC,EE. UU.,27514.0
18389,Corporate,Los Angeles,CA,EE. UU.,90002.0
20731,Corporate,Broken Arrow,OK,EE. UU.,74012.0
18027,Corporate,West New York,NJ,EE. UU.,7093.0
17519,Corporate,San Antonio,TX,EE. UU.,78240.0
18418,Corporate,Augusta,GA,EE. UU.,30906.0
20704,Corporate,Bronx,NY,EE. UU.,10456.0
20721,Corporate,Oxnard,CA,EE. UU.,93030.0
20648,Corporate,Newark,DE,EE. UU.,19711.0
18394,Corporate,Martinez,CA,EE. UU.,94553.0
15536,Corporate,Huntington Park,CA,EE. UU.,90255.0
15534,Corporate,Newburgh,NY,EE. UU.,12550.0
19919,Corporate,San Francisco,CA,EE. UU.,94109.0
20112,Corporate,Richmond,VA,EE. UU.,23223.0
20141,Corporate,Oxnard,CA,EE. UU.,93033.0
20512,Corporate,New Bedford,MA,EE. UU.,2740.0
11891,Corporate,Provo,UT,EE. UU.,84604.0
8596,Corporate,Canton,MI,EE. UU.,48187.0
8257,Corporate,Fargo,ND,EE. UU.,58103.0
11325,Consumer,Caguas,PR,Puerto Rico,725.0
5427,Home Office,Ann Arbor,MI,EE. UU.,48103.0
7483,Consumer,Caguas,PR,Puerto Rico,725.0
8151,Corporate,Caguas,PR,Puerto Rico,725.0
9076,Consumer,Stockbridge,GA,EE. UU.,30281.0
1896,Home Office,Chicago,IL,EE. UU.,60614.0
6267,Home Office,Enfield,CT,EE. UU.,6082.0
993,Home Office,Fairfield,OH,EE. UU.,45014.0
4055,Home Office,Levittown,NY,EE. UU.,11756.0
3124,Home Office,Freeport,NY,EE. UU.,11520.0
10624,Consumer,Caguas,PR,Puerto Rico,725.0
11655,Consumer,Caguas,PR,Puerto Rico,725.0
6744,Corporate,Caguas,PR,Puerto Rico,725.0
6889,Consumer,Hanford,CA,EE. UU.,93230.0
6490,Home Office,West Jordan,UT,EE. UU.,84084.0
6266,Consumer,Carolina,PR,Puerto Rico,983.0
528,Consumer,Caguas,PR,Puerto Rico,725.0
11271,Consumer,Arecibo,PR,Puerto Rico,612.0
2191,Consumer,Watsonville,CA,EE. UU.,95076.0
954,Home Office,Richmond,TX,EE. UU.,77469.0
9835,Consumer,San Bernardino,CA,EE. UU.,92407.0
1697,Corporate,Caguas,PR,Puerto Rico,725.0
1159,Home Office,Stone Mountain,GA,EE. UU.,30083.0
2996,Consumer,Caguas,PR,Puerto Rico,725.0
7360,Consumer,Caguas,PR,Puerto Rico,725.0
4273,Home Office,Tucson,AZ,EE. UU.,85713.0
3846,Home Office,Ontario,CA,EE. UU.,91764.0
5393,Home Office,Wilmington,CA,EE. UU.,90744.0
5850,Consumer,Caguas,PR,Puerto Rico,725.0
9031,Home Office,Philadelphia,PA,EE. UU.,19139.0
9863,Corporate,Caguas,PR,Puerto Rico,725.0
8423,Consumer,South Gate,CA,EE. UU.,90280.0
11220,Consumer,Passaic,NJ,EE. UU.,7055.0
8582,Home Office,Houston,TX,EE. UU.,77088.0
6913,Home Office,Cypress,CA,EE. UU.,90630.0
2878,Home Office,Union,NJ,EE. UU.,7083.0
8952,Home Office,Mission,TX,EE. UU.,78572.0
3385,Home Office,Placentia,CA,EE. UU.,92870.0
7221,Consumer,Caguas,PR,Puerto Rico,725.0
5307,Home Office,New Braunfels,TX,EE. UU.,78130.0
3506,Home Office,Phoenix,AZ,EE. UU.,85029.0
6410,Home Office,Sheboygan,WI,EE. UU.,53081.0
9446,Corporate,Caguas,PR,Puerto Rico,725.0
1760,Consumer,Caguas,PR,Puerto Rico,725.0
10662,Home Office,Sunnyvale,CA,EE. UU.,94087.0
1172,Home Office,Waukegan,IL,EE. UU.,60085.0
1026,Home Office,Ontario,CA,EE. UU.,91761.0
6040,Consumer,Trujillo Alto,PR,Puerto Rico,976.0
8532,Consumer,South Richmond Hill,NY,EE. UU.,11419.0
6941,Home Office,Caguas,PR,Puerto Rico,725.0
6577,Consumer,Stafford,VA,EE. UU.,22554.0
12155,Home Office,Raleigh,NC,EE. UU.,27610.0
974,Consumer,Fresno,CA,EE. UU.,93727.0
3152,Home Office,Caguas,PR,Puerto Rico,725.0
9536,Consumer,Los Angeles,CA,EE. UU.,90004.0
11300,Home Office,Bronx,NY,EE. UU.,10453.0
6507,Consumer,Caguas,PR,Puerto Rico,725.0
11893,Corporate,Caguas,PR,Puerto Rico,725.0
3845,Corporate,Caguas,PR,Puerto Rico,725.0
11810,Consumer,Endicott,NY,EE. UU.,13760.0
8982,Home Office,Sunnyvale,CA,EE. UU.,94087.0
7560,Consumer,Caguas,PR,Puerto Rico,725.0
12316,Consumer,Chicago,IL,EE. UU.,60615.0
3949,Consumer,Philadelphia,PA,EE. UU.,19143.0
3092,Home Office,Albuquerque,NM,EE. UU.,87112.0
10131,Consumer,Caguas,PR,Puerto Rico,725.0
4058,Consumer,San Jose,CA,EE. UU.,95124.0
7546,Home Office,Newark,NJ,EE. UU.,7104.0
344,Consumer,Caguas,PR,Puerto Rico,725.0
1767,Home Office,Caguas,PR,Puerto Rico,725.0
1387,Consumer,Caguas,PR,Puerto Rico,725.0
8912,Home Office,Caguas,PR,Puerto Rico,725.0
550,Home Office,Lancaster,PA,EE. UU.,17601.0
5108,Consumer,Caguas,PR,Puerto Rico,725.0
3427,Corporate,Caguas,PR,Puerto Rico,725.0
2806,Consumer,Caguas,PR,Puerto Rico,725.0
11533,Home Office,Mchenry,IL,EE. UU.,60050.0
672,Corporate,Caguas,PR,Puerto Rico,725.0
11989,Consumer,Caguas,PR,Puerto Rico,725.0
6565,Home Office,Powder Springs,GA,EE. UU.,30127.0
6753,Home Office,Winter Park,FL,EE. UU.,32792.0
11845,Home Office,Memphis,TN,EE. UU.,38111.0
11111,Consumer,San Sebastian,PR,Puerto Rico,685.0
11769,Consumer,Caguas,PR,Puerto Rico,725.0
10606,Home Office,Littleton,CO,EE. UU.,80126.0
8379,Home Office,Brandon,FL,EE. UU.,33511.0
6282,Consumer,Caguas,PR,Puerto Rico,725.0
7900,Home Office,San Diego,CA,EE. UU.,92111.0
2343,Consumer,Lawton,OK,EE. UU.,73505.0
9793,Home Office,Pekin,IL,EE. UU.,61554.0
3307,Consumer,Caguas,PR,Puerto Rico,725.0
5056,Home Office,San Benito,TX,EE. UU.,78586.0
7111,Home Office,Ewa Beach,HI,EE. UU.,96706.0
6115,Home Office,Caguas,PR,Puerto Rico,725.0
1087,Home Office,Richardson,TX,EE. UU.,75080.0
2551,Consumer,Caguas,PR,Puerto Rico,725.0
8284,Consumer,Caguas,PR,Puerto Rico,725.0
8604,Home Office,Medina,OH,EE. UU.,44256.0
7628,Corporate,Guayama,PR,Puerto Rico,784.0
1006,Home Office,Laredo,TX,EE. UU.,78040.0
5705,Home Office,Brandon,FL,EE. UU.,33511.0
4949,Consumer,Riverside,CA,EE. UU.,92507.0
7405,Consumer,Mission Viejo,CA,EE. UU.,92691.0
10422,Consumer,Chicago,IL,EE. UU.,60616.0
4049,Consumer,Caguas,PR,Puerto Rico,725.0
8603,Home Office,Indianapolis,IN,EE. UU.,46227.0
6237,Home Office,El Cajon,CA,EE. UU.,92020.0
8217,Home Office,Sacramento,CA,EE. UU.,95828.0
8319,Consumer,Albany,OR,EE. UU.,97321.0
8581,Home Office,Atlanta,GA,EE. UU.,30318.0
11894,Home Office,Canoga Park,CA,EE. UU.,91304.0
10882,Home Office,Powder Springs,GA,EE. UU.,30127.0
1810,Home Office,Antioch,CA,EE. UU.,94509.0
5325,Consumer,Caguas,PR,Puerto Rico,725.0
6985,Consumer,Caguas,PR,Puerto Rico,725.0
9065,Home Office,Milwaukee,WI,EE. UU.,53209.0
573,Consumer,Washington,DC,EE. UU.,20019.0
11356,Consumer,Caguas,PR,Puerto Rico,725.0
9483,Consumer,Oregon City,OR,EE. UU.,97045.0
7831,Consumer,Caguas,PR,Puerto Rico,725.0
6157,Consumer,Caguas,PR,Puerto Rico,725.0
3562,Home Office,Annandale,VA,EE. UU.,22003.0
12250,Consumer,Caguas,PR,Puerto Rico,725.0
12283,Consumer,San Juan,PR,Puerto Rico,921.0
2729,Consumer,Caguas,PR,Puerto Rico,725.0
6917,Home Office,Beloit,WI,EE. UU.,53511.0
5919,Home Office,Staten Island,NY,EE. UU.,10306.0
6885,Consumer,Cypress,CA,EE. UU.,90630.0
11670,Consumer,Caguas,PR,Puerto Rico,725.0
5652,Home Office,Bend,OR,EE. UU.,97701.0
4961,Home Office,Opa Locka,FL,EE. UU.,33055.0
10498,Consumer,Corona,NY,EE. UU.,11368.0
7965,Consumer,Hialeah,FL,EE. UU.,33012.0
3551,Consumer,Caguas,PR,Puerto Rico,725.0
8785,Home Office,New York,NY,EE. UU.,10023.0
11240,Home Office,Richmond,VA,EE. UU.,23223.0
1252,Consumer,New York,NY,EE. UU.,10016.0
11440,Home Office,Wilkes Barre,PA,EE. UU.,18702.0
3821,Corporate,Caguas,PR,Puerto Rico,725.0
4124,Consumer,Caguas,PR,Puerto Rico,725.0
10169,Home Office,Daly City,CA,EE. UU.,94015.0
6387,Consumer,San Benito,TX,EE. UU.,78586.0
11608,Consumer,Norwalk,CA,EE. UU.,90650.0
7807,Consumer,Houston,TX,EE. UU.,77036.0
5575,Home Office,Elk Grove,CA,EE. UU.,95758.0
10994,Consumer,El Monte,CA,EE. UU.,91732.0
5591,Home Office,Hollywood,FL,EE. UU.,33025.0
9492,Corporate,Caguas,PR,Puerto Rico,725.0
4948,Consumer,Caguas,PR,Puerto Rico,725.0
8606,Home Office,Winter Park,FL,EE. UU.,32792.0
610,Home Office,New York,NY,EE. UU.,10033.0
2640,Consumer,Caguas,PR,Puerto Rico,725.0
8871,Home Office,Granite City,IL,EE. UU.,62040.0
1879,Corporate,Caguas,PR,Puerto Rico,725.0
2852,Home Office,Lenoir,NC,EE. UU.,28645.0
7388,Home Office,Tampa,FL,EE. UU.,33614.0
11148,Consumer,San Antonio,TX,EE. UU.,78227.0
7145,Home Office,Lancaster,OH,EE. UU.,43130.0
10415,Consumer,Caguas,PR,Puerto Rico,725.0
12410,Consumer,Sandusky,OH,EE. UU.,44870.0
6409,Home Office,Sanford,NC,EE. UU.,27330.0
8000,Home Office,Caguas,PR,Puerto Rico,725.0
12228,Consumer,Caguas,PR,Puerto Rico,725.0
11647,Consumer,Caguas,PR,Puerto Rico,725.0
4361,Corporate,Caguas,PR,Puerto Rico,725.0
6139,Consumer,Caguas,PR,Puerto Rico,725.0
4091,Consumer,New York,NY,EE. UU.,10016.0
9648,Home Office,Mesa,AZ,EE. UU.,85201.0
3992,Corporate,Caguas,PR,Puerto Rico,725.0
10997,Corporate,Pacoima,CA,EE. UU.,91331.0
6058,Consumer,San Antonio,TX,EE. UU.,78240.0
9668,Home Office,Caguas,PR,Puerto Rico,725.0
10445,Consumer,Caguas,PR,Puerto Rico,725.0
350,Consumer,Caguas,PR,Puerto Rico,725.0
2480,Home Office,Milwaukee,WI,EE. UU.,53209.0
11859,Home Office,Tucson,AZ,EE. UU.,85710.0
10600,Consumer,Caguas,PR,Puerto Rico,725.0
208,Home Office,Bayamon,PR,Puerto Rico,957.0
11113,Consumer,Brooklyn,NY,EE. UU.,11208.0
10435,Home Office,Hawthorne,CA,EE. UU.,90250.0
2905,Home Office,Caguas,PR,Puerto Rico,725.0
5261,Consumer,Manati,PR,Puerto Rico,674.0
6284,Consumer,Caguas,PR,Puerto Rico,725.0
1276,Consumer,Honolulu,HI,EE. UU.,96817.0
11434,Home Office,Miami,FL,EE. UU.,33147.0
9630,Consumer,Caguas,PR,Puerto Rico,725.0
9445,Home Office,Plano,TX,EE. UU.,75023.0
10409,Corporate,Caguas,PR,Puerto Rico,725.0
1329,Consumer,Las Vegas,NV,EE. UU.,89101.0
5906,Consumer,Canovanas,PR,Puerto Rico,729.0
4977,Consumer,Caguas,PR,Puerto Rico,725.0
3876,Consumer,Normal,IL,EE. UU.,61761.0
675,Home Office,Greensboro,NC,EE. UU.,27410.0
3622,Home Office,Brooklyn,NY,EE. UU.,11204.0
11812,Consumer,Medford,MA,EE. UU.,2155.0
6748,Home Office,Greensboro,NC,EE. UU.,27406.0
9497,Consumer,Caguas,PR,Puerto Rico,725.0
6954,Home Office,Lawrenceville,GA,EE. UU.,30044.0
588,Consumer,Caguas,PR,Puerto Rico,725.0
139,Home Office,San Diego,CA,EE. UU.,92104.0
8045,Home Office,Powder Springs,GA,EE. UU.,30127.0
5833,Home Office,Brooklyn,NY,EE. UU.,11216.0
2342,Home Office,Washington,DC,EE. UU.,20009.0
5802,Home Office,Caguas,PR,Puerto Rico,725.0
12220,Home Office,Chicago,IL,EE. UU.,60622.0
10886,Home Office,Brooklyn,NY,EE. UU.,11219.0
1918,Home Office,Santee,CA,EE. UU.,92071.0
6916,Home Office,Escondido,CA,EE. UU.,92027.0
5701,Home Office,Caguas,PR,Puerto Rico,725.0
3880,Home Office,Bakersfield,CA,EE. UU.,93307.0
6942,Home Office,Long Beach,CA,EE. UU.,90805.0
8966,Home Office,Fort Worth,TX,EE. UU.,76106.0
6349,Home Office,Lewisville,TX,EE. UU.,75067.0
7578,Home Office,Pompano Beach,FL,EE. UU.,33065.0
1160,Home Office,Los Angeles,CA,EE. UU.,90023.0
5938,Consumer,Caguas,PR,Puerto Rico,725.0
7593,Home Office,New Haven,CT,EE. UU.,6511.0
2195,Home Office,Dallas,TX,EE. UU.,75228.0
8958,Home Office,Chicago,IL,EE. UU.,60608.0
4709,Consumer,Caguas,PR,Puerto Rico,725.0
7618,Home Office,Caguas,PR,Puerto Rico,725.0
11703,Consumer,Caguas,PR,Puerto Rico,725.0
5830,Consumer,Caguas,PR,Puerto Rico,725.0
10356,Corporate,Caguas,PR,Puerto Rico,725.0
1207,Consumer,Diamond Bar,CA,EE. UU.,91765.0
3510,Home Office,San Jose,CA,EE. UU.,95148.0
8141,Home Office,Houston,TX,EE. UU.,77072.0
12057,Home Office,Brooklyn,NY,EE. UU.,11216.0
2171,Consumer,Caguas,PR,Puerto Rico,725.0
8413,Consumer,Caguas,PR,Puerto Rico,725.0
7872,Home Office,San Jose,CA,EE. UU.,95123.0
8751,Consumer,Caguas,PR,Puerto Rico,725.0
4625,Consumer,Oviedo,FL,EE. UU.,32765.0
5541,Home Office,Houston,TX,EE. UU.,77015.0
8916,Consumer,Bayamon,PR,Puerto Rico,957.0
620,Consumer,Caguas,PR,Puerto Rico,725.0
11043,Consumer,Caguas,PR,Puerto Rico,725.0
10234,Consumer,Las Cruces,NM,EE. UU.,88005.0
5075,Consumer,Jonesboro,AR,EE. UU.,72401.0
1333,Consumer,Colorado Springs,CO,EE. UU.,80906.0
10475,Consumer,Caguas,PR,Puerto Rico,725.0
11496,Consumer,Caguas,PR,Puerto Rico,725.0
6809,Consumer,Caguas,PR,Puerto Rico,725.0
7583,Consumer,Asheboro,NC,EE. UU.,27203.0
9259,Consumer,Guayama,PR,Puerto Rico,784.0
6608,Home Office,Pompano Beach,FL,EE. UU.,33068.0
7718,Home Office,Caguas,PR,Puerto Rico,725.0
630,Consumer,Caguas,PR,Puerto Rico,725.0
5470,Consumer,Caguas,PR,Puerto Rico,725.0
8710,Consumer,Duluth,GA,EE. UU.,30096.0
4844,Home Office,El Centro,CA,EE. UU.,92243.0
5437,Home Office,San Pablo,CA,EE. UU.,94806.0
5588,Consumer,Santa Ana,CA,EE. UU.,92707.0
8634,Consumer,Caguas,PR,Puerto Rico,725.0
12021,Consumer,Caguas,PR,Puerto Rico,725.0
7571,Consumer,Chicago,IL,EE. UU.,60626.0
4835,Consumer,Memphis,TN,EE. UU.,38127.0
10931,Consumer,Caguas,PR,Puerto Rico,725.0
562,Consumer,Tracy,CA,EE. UU.,95376.0
8942,Home Office,Caguas,PR,Puerto Rico,725.0
1297,Consumer,San Diego,CA,EE. UU.,92105.0
3419,Consumer,Flushing,NY,EE. UU.,11355.0
8880,Home Office,Escondido,CA,EE. UU.,92026.0
11966,Consumer,Caguas,PR,Puerto Rico,725.0
5005,Consumer,Berwyn,IL,EE. UU.,60402.0
3500,Home Office,Escondido,CA,EE. UU.,92027.0
6114,Home Office,Fremont,CA,EE. UU.,94539.0
2285,Home Office,Caguas,PR,Puerto Rico,725.0
3638,Consumer,Caguas,PR,Puerto Rico,725.0
6845,Home Office,Los Angeles,CA,EE. UU.,90003.0
8416,Home Office,Colton,CA,EE. UU.,92324.0
6038,Consumer,Plainfield,NJ,EE. UU.,7060.0
4981,Home Office,Bronx,NY,EE. UU.,10466.0
3508,Home Office,Escondido,CA,EE. UU.,92027.0
11863,Consumer,Caguas,PR,Puerto Rico,725.0
6076,Consumer,Caguas,PR,Puerto Rico,725.0
5305,Home Office,Corona,CA,EE. UU.,92882.0
8296,Consumer,Detroit,MI,EE. UU.,48224.0
1717,Home Office,Porterville,CA,EE. UU.,93257.0
10336,Home Office,Philadelphia,PA,EE. UU.,19134.0
9505,Home Office,Orlando,FL,EE. UU.,32825.0
9695,Home Office,Brooklyn,NY,EE. UU.,11216.0
2207,Consumer,Caguas,PR,Puerto Rico,725.0
12346,Home Office,Santa Clara,CA,EE. UU.,95051.0
6087,Home Office,Norcross,GA,EE. UU.,30093.0
8627,Home Office,Miami,FL,EE. UU.,33125.0
7547,Consumer,Caguas,PR,Puerto Rico,725.0
10993,Home Office,La Habra,CA,EE. UU.,90631.0
2543,Home Office,Tempe,AZ,EE. UU.,85282.0
6952,Consumer,Caguas,PR,Puerto Rico,725.0
9098,Home Office,Washington,PA,EE. UU.,15301.0
8212,Home Office,Spring Valley,CA,EE. UU.,91977.0
1088,Home Office,Caguas,PR,Puerto Rico,725.0
5889,Home Office,Pekin,IL,EE. UU.,61554.0
12224,Home Office,Philadelphia,PA,EE. UU.,19139.0
10745,Consumer,Caguas,PR,Puerto Rico,725.0
10388,Consumer,Fort Lauderdale,FL,EE. UU.,33324.0
8920,Home Office,Troy,MI,EE. UU.,48098.0
11138,Home Office,Las Vegas,NV,EE. UU.,89123.0
10167,Consumer,New Braunfels,TX,EE. UU.,78130.0
7834,Home Office,Salt Lake City,UT,EE. UU.,84118.0
196,Home Office,Dearborn,MI,EE. UU.,48126.0
182,Consumer,Caguas,PR,Puerto Rico,725.0
8817,Home Office,Winnetka,CA,EE. UU.,91306.0
6017,Home Office,Wyandotte,MI,EE. UU.,48192.0
8704,Consumer,Caguas,PR,Puerto Rico,725.0
10605,Consumer,Caguas,PR,Puerto Rico,725.0
3387,Consumer,Caguas,PR,Puerto Rico,725.0
426,Home Office,Endicott,NY,EE. UU.,13760.0
3446,Consumer,Corona,CA,EE. UU.,92879.0
781,Consumer,Miami,FL,EE. UU.,33165.0
5504,Consumer,Caguas,PR,Puerto Rico,725.0
9363,Home Office,San Diego,CA,EE. UU.,92115.0
2356,Home Office,Irwin,PA,EE. UU.,15642.0
5172,Consumer,Caguas,PR,Puerto Rico,725.0
6357,Home Office,Carol Stream,IL,EE. UU.,60188.0
2031,Home Office,Los Angeles,CA,EE. UU.,90006.0
1686,Home Office,Los Angeles,CA,EE. UU.,90001.0
3174,Corporate,Caguas,PR,Puerto Rico,725.0
1431,Home Office,Caguas,PR,Puerto Rico,725.0
4214,Consumer,Caguas,PR,Puerto Rico,725.0
6804,Home Office,Caguas,PR,Puerto Rico,725.0
8822,Home Office,Dallas,TX,EE. UU.,75211.0
9869,Home Office,Honolulu,HI,EE. UU.,96816.0
10075,Home Office,Azusa,CA,EE. UU.,91702.0
1337,Home Office,Caguas,PR,Puerto Rico,725.0
7890,Home Office,South Ozone Park,NY,EE. UU.,11420.0
1039,Corporate,Caguas,PR,Puerto Rico,725.0
5132,Consumer,Caguas,PR,Puerto Rico,725.0
10373,Home Office,Brandon,FL,EE. UU.,33511.0
10141,Home Office,Medford,MA,EE. UU.,2155.0
7386,Home Office,Caguas,PR,Puerto Rico,725.0
3049,Consumer,Bakersfield,CA,EE. UU.,93304.0
3463,Consumer,Greensboro,NC,EE. UU.,27410.0
11294,Consumer,Caguas,PR,Puerto Rico,725.0
5115,Consumer,Caguas,PR,Puerto Rico,725.0
10502,Consumer,Caguas,PR,Puerto Rico,725.0
8071,Home Office,Plano,TX,EE. UU.,75093.0
10085,Consumer,Los Angeles,CA,EE. UU.,90034.0
1354,Consumer,Opelousas,LA,EE. UU.,70570.0
4714,Home Office,Miami,FL,EE. UU.,33177.0
9134,Home Office,Fresno,CA,EE. UU.,93702.0
1532,Consumer,Fresno,CA,EE. UU.,93720.0
5319,Consumer,Caguas,PR,Puerto Rico,725.0
10684,Home Office,Miami,FL,EE. UU.,33161.0
1881,Home Office,Mesa,AZ,EE. UU.,85201.0
2843,Consumer,Sugar Land,TX,EE. UU.,77478.0
3051,Home Office,Sugar Land,TX,EE. UU.,77478.0
12359,Home Office,Bronx,NY,EE. UU.,10467.0
6685,Consumer,Caguas,PR,Puerto Rico,725.0
9398,Consumer,Caguas,PR,Puerto Rico,725.0
5010,Home Office,Cleveland,OH,EE. UU.,44102.0
722,Consumer,Caguas,PR,Puerto Rico,725.0
2135,Home Office,El Centro,CA,EE. UU.,92243.0
1095,Consumer,Caguas,PR,Puerto Rico,725.0
10686,Home Office,Greensboro,NC,EE. UU.,27410.0
4325,Consumer,Caguas,PR,Puerto Rico,725.0
6756,Home Office,Metairie,LA,EE. UU.,70003.0
1281,Home Office,Modesto,CA,EE. UU.,95355.0
5294,Consumer,Ballwin,MO,EE. UU.,63021.0
10542,Consumer,Los Angeles,CA,EE. UU.,90034.0
6527,Consumer,San Jose,CA,EE. UU.,95112.0
6475,Home Office,Chicago,IL,EE. UU.,60647.0
11039,Consumer,Caguas,PR,Puerto Rico,725.0
6513,Consumer,Sugar Land,TX,EE. UU.,77479.0
1676,Home Office,Charlotte,NC,EE. UU.,28205.0
8096,Home Office,Chicago,IL,EE. UU.,60651.0
4884,Consumer,Caguas,PR,Puerto Rico,725.0
1050,Consumer,Hamtramck,MI,EE. UU.,48212.0
164,Consumer,Caguas,PR,Puerto Rico,725.0
6805,Home Office,San Francisco,CA,EE. UU.,94109.0
128,Consumer,Augusta,GA,EE. UU.,30906.0
10837,Home Office,Caguas,PR,Puerto Rico,725.0
2377,Home Office,Carlisle,PA,EE. UU.,17013.0
10444,Home Office,Brooklyn,NY,EE. UU.,11230.0
1922,Home Office,New Albany,IN,EE. UU.,47150.0
6013,Corporate,Caguas,PR,Puerto Rico,725.0
3612,Home Office,Aurora,CO,EE. UU.,80013.0
9709,Home Office,North Las Vegas,NV,EE. UU.,89030.0
5215,Home Office,Cypress,CA,EE. UU.,90630.0
8106,Consumer,Caguas,PR,Puerto Rico,725.0
5607,Consumer,Caguas,PR,Puerto Rico,725.0
4982,Home Office,Union,NJ,EE. UU.,7083.0
4088,Home Office,Salt Lake City,UT,EE. UU.,84120.0
7106,Home Office,Detroit,MI,EE. UU.,48234.0
5052,Home Office,Oregon City,OR,EE. UU.,97045.0
3455,Home Office,Tucson,AZ,EE. UU.,85713.0
3807,Home Office,Brandon,FL,EE. UU.,33511.0
8317,Home Office,Wheeling,WV,EE. UU.,26003.0
11324,Home Office,Dallas,TX,EE. UU.,75220.0
4733,Home Office,Saint Louis,MO,EE. UU.,63136.0
8512,Consumer,Bronx,NY,EE. UU.,10468.0
3338,Consumer,Taunton,MA,EE. UU.,2780.0
4507,Consumer,Ithaca,NY,EE. UU.,14850.0
7139,Home Office,Baldwin Park,CA,EE. UU.,91706.0
5834,Consumer,Caguas,PR,Puerto Rico,725.0
4102,Consumer,Marrero,LA,EE. UU.,70072.0
6693,Home Office,Wyoming,MI,EE. UU.,49509.0
4501,Home Office,Watsonville,CA,EE. UU.,95076.0
2554,Consumer,Caguas,PR,Puerto Rico,725.0
3875,Consumer,Caguas,PR,Puerto Rico,725.0
49,Consumer,Caguas,PR,Puerto Rico,725.0
2500,Home Office,Ypsilanti,MI,EE. UU.,48197.0
686,Home Office,North Hollywood,CA,EE. UU.,91605.0
7087,Consumer,Brooklyn,NY,EE. UU.,11209.0
1722,Consumer,Caguas,PR,Puerto Rico,725.0
5515,Home Office,Cincinnati,OH,EE. UU.,45238.0
10098,Home Office,Phoenix,AZ,EE. UU.,85029.0
12324,Home Office,Caguas,PR,Puerto Rico,725.0
3224,Home Office,Las Vegas,NV,EE. UU.,89110.0
6432,Consumer,Caguas,PR,Puerto Rico,725.0
4680,Corporate,Carlisle,PA,EE. UU.,17013.0
1825,Home Office,Van Nuys,CA,EE. UU.,91405.0
2125,Home Office,Bend,OR,EE. UU.,97701.0
6479,Consumer,Caguas,PR,Puerto Rico,725.0
5522,Consumer,Caguas,PR,Puerto Rico,725.0
9745,Home Office,Caguas,PR,Puerto Rico,725.0
10998,Home Office,Detroit,MI,EE. UU.,48238.0
4158,Consumer,Caguas,PR,Puerto Rico,725.0
5849,Home Office,Saint Louis,MO,EE. UU.,63129.0
3451,Consumer,Caguas,PR,Puerto Rico,725.0
8686,Corporate,Caguas,PR,Puerto Rico,725.0
591,Consumer,Caguas,PR,Puerto Rico,725.0
8130,Home Office,Hollywood,FL,EE. UU.,33023.0
5413,Home Office,Chicago,IL,EE. UU.,60643.0
2311,Home Office,Anaheim,CA,EE. UU.,92802.0
10055,Home Office,Las Vegas,NV,EE. UU.,89101.0
5861,Consumer,Des Plaines,IL,EE. UU.,60016.0
8055,Consumer,Katy,TX,EE. UU.,77450.0
3381,Home Office,Portland,OR,EE. UU.,97206.0
6238,Home Office,Caguas,PR,Puerto Rico,725.0
5462,Consumer,Brooklyn,NY,EE. UU.,11211.0
12298,Consumer,Caguas,PR,Puerto Rico,725.0
3089,Consumer,Caguas,PR,Puerto Rico,725.0
499,Home Office,San Diego,CA,EE. UU.,92114.0
11484,Consumer,Lancaster,PA,EE. UU.,17601.0
9417,Home Office,Olathe,KS,EE. UU.,66062.0
10315,Consumer,Jackson Heights,NY,EE. UU.,11372.0
6995,Home Office,Brandon,FL,EE. UU.,33511.0
9853,Home Office,Corona,CA,EE. UU.,92879.0
9953,Consumer,San Juan,PR,Puerto Rico,921.0
6286,Consumer,Caguas,PR,Puerto Rico,725.0
7843,Consumer,Caguas,PR,Puerto Rico,725.0
1698,Home Office,Detroit,MI,EE. UU.,48205.0
1861,Consumer,Caguas,PR,Puerto Rico,725.0
10937,Home Office,Phoenix,AZ,EE. UU.,85029.0
3768,Home Office,Miami,FL,EE. UU.,33155.0
1213,Home Office,Eugene,OR,EE. UU.,97402.0
5672,Home Office,Chandler,AZ,EE. UU.,85225.0
4767,Home Office,Washington,PA,EE. UU.,15301.0
1572,Consumer,Yuma,AZ,EE. UU.,85364.0
11289,Home Office,Mount Pleasant,MI,EE. UU.,48858.0
11672,Consumer,Caguas,PR,Puerto Rico,725.0
5969,Consumer,Caguas,PR,Puerto Rico,725.0
6404,Home Office,Buena Park,CA,EE. UU.,90620.0
8029,Corporate,Caguas,PR,Puerto Rico,725.0
3585,Home Office,Chicago,IL,EE. UU.,60640.0
5368,Home Office,Brooklyn,NY,EE. UU.,11235.0
1485,Home Office,Morristown,NJ,EE. UU.,7960.0
5065,Home Office,Dearborn,MI,EE. UU.,48126.0
3719,Consumer,Caguas,PR,Puerto Rico,725.0
2545,Home Office,Richardson,TX,EE. UU.,75080.0
11244,Consumer,Ann Arbor,MI,EE. UU.,48103.0
657,Corporate,Caguas,PR,Puerto Rico,725.0
6074,Consumer,Chicago,IL,EE. UU.,60629.0
6163,Home Office,San Jose,CA,EE. UU.,95125.0
1208,Consumer,Caguas,PR,Puerto Rico,725.0
8316,Home Office,Augusta,GA,EE. UU.,30906.0
9579,Consumer,Buffalo,NY,EE. UU.,14221.0
3347,Home Office,El Paso,TX,EE. UU.,79912.0
8099,Home Office,Brooklyn,NY,EE. UU.,11234.0
7681,Consumer,Caguas,PR,Puerto Rico,725.0
1328,Home Office,Wayne,NJ,EE. UU.,7470.0
5586,Consumer,Caguas,PR,Puerto Rico,725.0
5366,Home Office,San Diego,CA,EE. UU.,92102.0
5318,Home Office,Cleveland,OH,EE. UU.,44109.0
11442,Consumer,Caguas,PR,Puerto Rico,725.0
9450,Home Office,Carol Stream,IL,EE. UU.,60188.0
3465,Home Office,Santa Clara,CA,EE. UU.,95051.0
5136,Consumer,Caguas,PR,Puerto Rico,725.0
9367,Consumer,San Benito,TX,EE. UU.,78586.0
8727,Consumer,San Antonio,TX,EE. UU.,78227.0
2087,Home Office,San Benito,TX,EE. UU.,78586.0
160,Home Office,Brooklyn,NY,EE. UU.,11229.0
690,Home Office,Salt Lake City,UT,EE. UU.,84118.0
6244,Home Office,Orlando,FL,EE. UU.,32822.0
7077,Home Office,Caguas,PR,Puerto Rico,725.0
401,Consumer,Aurora,CO,EE. UU.,80012.0
522,Consumer,Caguas,PR,Puerto Rico,725.0
2400,Consumer,Caguas,PR,Puerto Rico,725.0
10420,Home Office,Plainfield,NJ,EE. UU.,7060.0
7530,Corporate,Long Beach,CA,EE. UU.,90806.0
3349,Consumer,San Diego,CA,EE. UU.,92117.0
5642,Consumer,Columbia,TN,EE. UU.,38401.0
4437,Consumer,Wilkes Barre,PA,EE. UU.,18702.0
3368,Consumer,Las Vegas,NV,EE. UU.,89121.0
11328,Consumer,Los Angeles,CA,EE. UU.,90033.0
6843,Consumer,New York,NY,EE. UU.,10040.0
8054,Consumer,Brooklyn,NY,EE. UU.,11229.0
5443,Consumer,Greeley,CO,EE. UU.,80631.0
4423,Consumer,Panorama City,CA,EE. UU.,91402.0
13401,Consumer,Jonesboro,AR,EE. UU.,72401.0
13023,Consumer,Ogden,UT,EE. UU.,84404.0
13257,Consumer,Piscataway,NJ,EE. UU.,8854.0
14257,Consumer,Columbus,OH,EE. UU.,43229.0
14220,Consumer,Washington,DC,EE. UU.,20019.0
13490,Consumer,Chicago,IL,EE. UU.,60630.0
14400,Consumer,Bakersfield,CA,EE. UU.,93309.0
14310,Consumer,Los Angeles,CA,EE. UU.,90063.0
14112,Consumer,Charlotte,NC,EE. UU.,28205.0
13381,Consumer,Indio,CA,EE. UU.,92201.0
14237,Consumer,Englewood,CO,EE. UU.,80110.0
14129,Consumer,Catonsville,MD,EE. UU.,21228.0
14484,Consumer,Greensboro,NC,EE. UU.,27410.0
13237,Consumer,Vista,CA,EE. UU.,92083.0
13399,Consumer,Toms River,NJ,EE. UU.,8753.0
13453,Consumer,Jackson Heights,NY,EE. UU.,11372.0
13380,Consumer,Wyoming,MI,EE. UU.,49509.0
13164,Consumer,Philadelphia,PA,EE. UU.,19104.0
13416,Consumer,San Jose,CA,EE. UU.,95112.0
14236,Consumer,Massapequa,NY,EE. UU.,11758.0
13325,Consumer,San Marcos,CA,EE. UU.,92069.0
13055,Consumer,Houston,TX,EE. UU.,77015.0
14608,Consumer,West Haven,CT,EE. UU.,6516.0
13235,Consumer,Pompano Beach,FL,EE. UU.,33065.0
13307,Consumer,Amarillo,TX,EE. UU.,79109.0
14235,Consumer,Newark,OH,EE. UU.,43055.0
14428,Consumer,Virginia Beach,VA,EE. UU.,23462.0
13324,Consumer,Los Angeles,CA,EE. UU.,90042.0
13486,Consumer,Hamtramck,MI,EE. UU.,48212.0
13432,Consumer,Austin,TX,EE. UU.,78753.0
14481,Consumer,Methuen,MA,EE. UU.,1844.0
14661,Consumer,San Diego,CA,EE. UU.,92114.0
14463,Consumer,Mission Viejo,CA,EE. UU.,92692.0
14072,Consumer,Fort Washington,MD,EE. UU.,20744.0
14409,Consumer,Kent,WA,EE. UU.,98031.0
13377,Consumer,Modesto,CA,EE. UU.,95350.0
13215,Consumer,New Haven,CT,EE. UU.,6511.0
13395,Consumer,Tempe,AZ,EE. UU.,85283.0
13376,Consumer,El Paso,TX,EE. UU.,79924.0
14515,Consumer,Bend,OR,EE. UU.,97701.0
13358,Consumer,Lancaster,OH,EE. UU.,43130.0
14106,Consumer,Opelousas,LA,EE. UU.,70570.0
13321,Consumer,Chesapeake,VA,EE. UU.,23320.0
14321,Consumer,Columbia,SC,EE. UU.,29223.0
13267,Consumer,Crystal Lake,IL,EE. UU.,60014.0
14177,Consumer,Mission Viejo,CA,EE. UU.,92691.0
14105,Consumer,New York,NY,EE. UU.,10009.0
14550,Consumer,Los Angeles,CA,EE. UU.,90024.0
13302,Consumer,Quincy,IL,EE. UU.,62301.0
13320,Consumer,Florissant,MO,EE. UU.,63033.0
13068,Consumer,Grand Prairie,TX,EE. UU.,75052.0
14176,Consumer,Virginia Beach,VA,EE. UU.,23452.0
13445,Consumer,Eagle Pass,TX,EE. UU.,78852.0
13283,Consumer,San Diego,CA,EE. UU.,92102.0
13139,Consumer,Miami,FL,EE. UU.,33155.0
14337,Consumer,Chicago,IL,EE. UU.,60625.0
14373,Consumer,El Paso,TX,EE. UU.,79936.0
14102,Consumer,Miami,FL,EE. UU.,33176.0
14084,Consumer,Cerritos,CA,EE. UU.,90703.0
14389,Consumer,Potomac,MD,EE. UU.,20854.0
13155,Consumer,Tucson,AZ,EE. UU.,85746.0
13065,Consumer,Van Nuys,CA,EE. UU.,91406.0
14281,Consumer,York,PA,EE. UU.,17404.0
13298,Consumer,San Antonio,TX,EE. UU.,78223.0
14455,Consumer,Brooklyn,NY,EE. UU.,11236.0
14316,Consumer,Miami,FL,EE. UU.,33165.0
14226,Consumer,Freeport,NY,EE. UU.,11520.0
13423,Consumer,Albuquerque,NM,EE. UU.,87111.0
13153,Consumer,Albuquerque,NM,EE. UU.,87111.0
13008,Consumer,Spring Valley,CA,EE. UU.,91977.0
13404,Consumer,Cleveland,OH,EE. UU.,44130.0
13026,Consumer,Meridian,ID,EE. UU.,83642.0
13512,Consumer,Fort Worth,TX,EE. UU.,76116.0
14385,Consumer,Washington,DC,EE. UU.,20002.0
13295,Consumer,Greensburg,PA,EE. UU.,15601.0
14578,Consumer,East Lansing,MI,EE. UU.,48823.0
14312,Consumer,Salina,KS,EE. UU.,67401.0
14685,Consumer,Los Angeles,CA,EE. UU.,90026.0
14451,Consumer,San Antonio,TX,EE. UU.,78228.0
14132,Consumer,Los Angeles,CA,EE. UU.,90002.0
14613,Consumer,Norwalk,CA,EE. UU.,90650.0
11260,Consumer,Fort Lauderdale,FL,EE. UU.,33312.0
35,Consumer,Oceanside,CA,EE. UU.,92056.0
13753,Consumer,Lake Forest,CA,EE. UU.,92630.0
13879,Consumer,West Orange,NJ,EE. UU.,7052.0
7490,Consumer,Chapel Hill,NC,EE. UU.,27514.0
13697,Consumer,Fullerton,CA,EE. UU.,92833.0
14039,Consumer,Laredo,TX,EE. UU.,78046.0
6191,Consumer,Saint Paul,MN,EE. UU.,55104.0
14805,Consumer,Findlay,OH,EE. UU.,45840.0
13750,Consumer,Anaheim,CA,EE. UU.,92802.0
14714,Consumer,Reynoldsburg,OH,EE. UU.,43068.0
13749,Consumer,Antioch,TN,EE. UU.,37013.0
14749,Consumer,Scottsdale,AZ,EE. UU.,85254.0
13569,Consumer,Oxnard,CA,EE. UU.,93030.0
13802,Consumer,Costa Mesa,CA,EE. UU.,92626.0
13712,Consumer,Honolulu,HI,EE. UU.,96817.0
13676,Consumer,Raleigh,NC,EE. UU.,27610.0
14017,Consumer,Saint Louis,MO,EE. UU.,63116.0
13765,Consumer,Las Vegas,NV,EE. UU.,89101.0
13747,Consumer,West Chester,PA,EE. UU.,19382.0
13567,Consumer,Saint Louis,MO,EE. UU.,63116.0
3902,Consumer,Oceanside,CA,EE. UU.,92054.0
13584,Consumer,Augusta,GA,EE. UU.,30907.0
14710,Consumer,South El Monte,CA,EE. UU.,91733.0
14854,Consumer,Enfield,CT,EE. UU.,6082.0
13925,Consumer,New York,NY,EE. UU.,10003.0
13583,Consumer,Brooklyn,NY,EE. UU.,11235.0
13907,Consumer,Costa Mesa,CA,EE. UU.,92627.0
13727,Consumer,Massillon,OH,EE. UU.,44646.0
13708,Consumer,Bolingbrook,IL,EE. UU.,60440.0
12807,Consumer,San Antonio,TX,EE. UU.,78223.0
13581,Consumer,Columbus,OH,EE. UU.,43230.0
13635,Consumer,Philadelphia,PA,EE. UU.,19120.0
13689,Consumer,Enfield,CT,EE. UU.,6082.0
14761,Consumer,Antioch,CA,EE. UU.,94509.0
14031,Consumer,Troy,MI,EE. UU.,48098.0
14778,Consumer,Washington,DC,EE. UU.,20009.0
14012,Consumer,San Diego,CA,EE. UU.,92113.0
13598,Consumer,Winnetka,CA,EE. UU.,91306.0
14048,Consumer,Kailua,HI,EE. UU.,96734.0
13976,Consumer,Pittsfield,MA,EE. UU.,1201.0
389,Consumer,Modesto,CA,EE. UU.,95351.0
14705,Consumer,Riverside,CA,EE. UU.,92504.0
1925,Consumer,Moreno Valley,CA,EE. UU.,92553.0
14047,Consumer,Bakersfield,CA,EE. UU.,93306.0
980,Consumer,San Jose,CA,EE. UU.,95112.0
5139,Consumer,Greenville,NC,EE. UU.,27858.0
14046,Consumer,CA,91732,EE. UU.,-1.0
14704,Consumer,Marietta,GA,EE. UU.,30067.0
12785,Consumer,Florissant,MO,EE. UU.,63031.0
13992,Consumer,Las Vegas,NV,EE. UU.,89117.0
13578,Consumer,Columbia,SC,EE. UU.,29223.0
14866,Consumer,Dallas,TX,EE. UU.,75287.0
14739,Consumer,Chicago,IL,EE. UU.,60615.0
13901,Consumer,Wayne,NJ,EE. UU.,7470.0
14829,Consumer,Hesperia,CA,EE. UU.,92345.0
13918,Consumer,Los Angeles,CA,EE. UU.,90037.0
14738,Consumer,Bakersfield,CA,EE. UU.,93306.0
12783,Consumer,Dallas,TX,EE. UU.,75287.0
14026,Consumer,Katy,TX,EE. UU.,77450.0
14702,Consumer,Chino,CA,EE. UU.,91710.0
14882,Consumer,Pompano Beach,FL,EE. UU.,33068.0
14792,Consumer,Irwin,PA,EE. UU.,15642.0
12746,Consumer,York,PA,EE. UU.,17404.0
13899,Consumer,Tampa,FL,EE. UU.,33624.0
14791,Consumer,Katy,TX,EE. UU.,77450.0
9474,Consumer,Methuen,MA,EE. UU.,1844.0
13862,Consumer,Long Beach,CA,EE. UU.,90813.0
13754,Consumer,Perth Amboy,NJ,EE. UU.,8861.0
14898,Consumer,Long Beach,CA,EE. UU.,90806.0
13916,Consumer,Chicago,IL,EE. UU.,60619.0
14916,Consumer,Milwaukee,WI,EE. UU.,53209.0
12781,Consumer,Chicago,IL,EE. UU.,60638.0
13970,Consumer,Fountain Valley,CA,EE. UU.,92708.0
14880,Consumer,Moline,IL,EE. UU.,61265.0
5693,Consumer,Lockport,IL,EE. UU.,60441.0
3236,Consumer,Hollister,CA,EE. UU.,95023.0
4175,Consumer,Westland,MI,EE. UU.,48185.0
4167,Consumer,Malden,MA,EE. UU.,2148.0
11009,Consumer,Federal Way,WA,EE. UU.,98023.0
2566,Consumer,Merced,CA,EE. UU.,95340.0
9525,Consumer,Jamaica,NY,EE. UU.,11435.0
12578,Consumer,Opa Locka,FL,EE. UU.,33055.0
12682,Consumer,Oak Lawn,IL,EE. UU.,60453.0
12645,Consumer,Fort Worth,TX,EE. UU.,76133.0
12498,Consumer,Brooklyn,NY,EE. UU.,11223.0
12714,Consumer,Brooklyn,NY,EE. UU.,11214.0
12533,Consumer,Phoenix,AZ,EE. UU.,85008.0
12621,Consumer,Louisville,KY,EE. UU.,40214.0
12619,Consumer,Hayward,CA,EE. UU.,94541.0
12690,Consumer,San Antonio,TX,EE. UU.,78223.0
12491,Consumer,Phoenix,AZ,EE. UU.,85029.0
12581,Consumer,Dayton,OH,EE. UU.,45424.0
12561,Consumer,Oxnard,CA,EE. UU.,93030.0
12705,Consumer,Chicago,IL,EE. UU.,60609.0
14997,Consumer,Jersey City,NJ,EE. UU.,7307.0
15123,Consumer,Brooklyn,NY,EE. UU.,11226.0
12830,Consumer,Lakewood,OH,EE. UU.,44107.0
14959,Consumer,Buffalo,NY,EE. UU.,14221.0
14923,Consumer,Las Cruces,NM,EE. UU.,88005.0
14975,Consumer,Brooklyn,NY,EE. UU.,11214.0
15137,Consumer,Elyria,OH,EE. UU.,44035.0
15046,Consumer,Davis,CA,EE. UU.,95616.0
12934,Consumer,Chicago,IL,EE. UU.,60617.0
15135,Consumer,Fairfield,OH,EE. UU.,45014.0
12841,Consumer,Fort Lauderdale,FL,EE. UU.,33313.0
15097,Consumer,Lawton,OK,EE. UU.,73505.0
15042,Consumer,Chicago,IL,EE. UU.,60657.0
12948,Consumer,Fremont,CA,EE. UU.,94539.0
12930,Consumer,Greeley,CO,EE. UU.,80631.0
12857,Consumer,San Ramon,CA,EE. UU.,94583.0
12893,Consumer,Brooklyn,NY,EE. UU.,11230.0
14951,Consumer,Apopka,FL,EE. UU.,32703.0
15004,Consumer,Memphis,TN,EE. UU.,38127.0
15039,Consumer,Costa Mesa,CA,EE. UU.,92626.0
15093,Consumer,Allentown,PA,EE. UU.,18103.0
15037,Consumer,Porterville,CA,EE. UU.,93257.0
12853,Consumer,New York,NY,EE. UU.,10024.0
12851,Consumer,San Diego,CA,EE. UU.,92113.0
14185,Consumer,Cincinnati,OH,EE. UU.,45238.0
13400,Consumer,New York,NY,EE. UU.,10027.0
14183,Consumer,Burnsville,MN,EE. UU.,55337.0
13057,Consumer,Anaheim,CA,EE. UU.,92802.0
13379,Consumer,Tucson,AZ,EE. UU.,85706.0
14518,Consumer,Norcross,GA,EE. UU.,30093.0
13195,Consumer,Lawton,OK,EE. UU.,73505.0
14103,Consumer,Phoenix,AZ,EE. UU.,85035.0
14391,Consumer,Salem,OR,EE. UU.,97301.0
10652,Consumer,Lenoir,NC,EE. UU.,28645.0
12777,Consumer,Carlsbad,CA,EE. UU.,92009.0
14038,Consumer,Santa Ana,CA,EE. UU.,92704.0
13838,Consumer,Dallas,TX,EE. UU.,75217.0
3388,Consumer,Augusta,GA,EE. UU.,30906.0
13890,Consumer,Palo Alto,CA,EE. UU.,94303.0
13655,Consumer,Detroit,MI,EE. UU.,48205.0
13651,Consumer,Las Vegas,NV,EE. UU.,89123.0
13793,Consumer,Stockton,CA,EE. UU.,95207.0
14757,Consumer,Houston,TX,EE. UU.,77084.0
13719,Consumer,Hawthorne,CA,EE. UU.,90250.0
13953,Consumer,Philadelphia,PA,EE. UU.,19111.0
6644,Consumer,Quincy,MA,EE. UU.,2169.0
8577,Consumer,Virginia Beach,VA,EE. UU.,23455.0
3662,Consumer,Troy,NY,EE. UU.,12180.0
12524,Consumer,Atlanta,GA,EE. UU.,30318.0
12663,Consumer,Tempe,AZ,EE. UU.,85283.0
12580,Consumer,Bronx,NY,EE. UU.,10462.0
12885,Consumer,Columbus,OH,EE. UU.,43228.0
15083,Consumer,Lancaster,CA,EE. UU.,93536.0
14973,Consumer,Phoenix,AZ,EE. UU.,85033.0
12912,Consumer,Eugene,OR,EE. UU.,97405.0
12833,Consumer,Cumberland,MD,EE. UU.,21502.0
11617,Consumer,Virginia Beach,VA,EE. UU.,23462.0
4993,Consumer,Fort Lauderdale,FL,EE. UU.,33324.0
5609,Consumer,Morristown,NJ,EE. UU.,7960.0
8092,Consumer,Irwin,PA,EE. UU.,15642.0
9276,Consumer,Dallas,TX,EE. UU.,75243.0
11838,Consumer,Portland,OR,EE. UU.,97229.0
340,Consumer,Denton,TX,EE. UU.,76201.0
3183,Consumer,Buffalo,NY,EE. UU.,14221.0
7959,Consumer,Strongsville,OH,EE. UU.,44136.0
2587,Consumer,Bensalem,PA,EE. UU.,19020.0
9997,Consumer,Irving,TX,EE. UU.,75061.0
5195,Consumer,Bayonne,NJ,EE. UU.,7002.0
8419,Consumer,Aurora,CO,EE. UU.,80013.0
9455,Consumer,El Monte,CA,EE. UU.,91732.0
6920,Consumer,Chicago,IL,EE. UU.,60636.0
278,Consumer,Brooklyn,NY,EE. UU.,11214.0
8108,Consumer,Los Angeles,CA,EE. UU.,90007.0
201,Consumer,Jacksonville,FL,EE. UU.,32244.0
8739,Consumer,Jacksonville,FL,EE. UU.,32225.0
6705,Consumer,Vista,CA,EE. UU.,92084.0
5159,Consumer,Fort Lauderdale,FL,EE. UU.,33312.0
4826,Corporate,Houston,TX,EE. UU.,77015.0
8874,Corporate,Bronx,NY,EE. UU.,10452.0
14624,Corporate,Tulare,CA,EE. UU.,93274.0
14605,Corporate,San Marcos,CA,EE. UU.,92069.0
14284,Corporate,Dallas,TX,EE. UU.,75243.0
14211,Corporate,Virginia Beach,VA,EE. UU.,23464.0
14525,Corporate,Atlanta,GA,EE. UU.,30331.0
13621,Corporate,Saint Paul,MN,EE. UU.,55112.0
14399,Corporate,Los Angeles,CA,EE. UU.,90019.0
14381,Corporate,Rego Park,NY,EE. UU.,11374.0
14090,Corporate,El Monte,CA,EE. UU.,91732.0
13197,Corporate,Sunnyvale,CA,EE. UU.,94087.0
14459,Corporate,Brooklyn,NY,EE. UU.,11206.0
14439,Corporate,Lancaster,PA,EE. UU.,17603.0
13263,Corporate,New York,NY,EE. UU.,10031.0
14546,Corporate,Fullerton,CA,EE. UU.,92833.0
13424,Corporate,Pittsfield,MA,EE. UU.,1201.0
13028,Corporate,Detroit,MI,EE. UU.,48235.0
13351,Corporate,Broken Arrow,OK,EE. UU.,74012.0
13350,Corporate,Bronx,NY,EE. UU.,10458.0
13493,Corporate,Hayward,CA,EE. UU.,94544.0
14416,Corporate,Clearfield,UT,EE. UU.,84015.0
14667,Corporate,Florissant,MO,EE. UU.,63033.0
13348,Corporate,Las Vegas,NV,EE. UU.,89119.0
1253,Corporate,Enfield,CT,EE. UU.,6082.0
13860,Corporate,Mesa,AZ,EE. UU.,85204.0
12760,Corporate,Pico Rivera,CA,EE. UU.,90660.0
13588,Corporate,Bronx,NY,EE. UU.,10456.0
12811,Corporate,Dallas,TX,EE. UU.,75220.0
13784,Corporate,Encinitas,CA,EE. UU.,92024.0
13963,Corporate,Alameda,CA,EE. UU.,94501.0
13908,Corporate,Brooklyn,NY,EE. UU.,11201.0
13619,Corporate,Phoenix,AZ,EE. UU.,85029.0
12825,Corporate,Modesto,CA,EE. UU.,95351.0
14816,Corporate,Springfield,MO,EE. UU.,65807.0
14707,Corporate,Chicago,IL,EE. UU.,60632.0
13849,Corporate,Chicago,IL,EE. UU.,60628.0
13774,Corporate,Conway,AR,EE. UU.,72032.0
13647,Corporate,Los Angeles,CA,EE. UU.,90016.0
13790,Corporate,Opelousas,LA,EE. UU.,70570.0
6226,Corporate,Weslaco,TX,EE. UU.,78596.0
12593,Corporate,Citrus Heights,CA,EE. UU.,95610.0
12520,Corporate,Tampa,FL,EE. UU.,33624.0
12484,Corporate,Strongsville,OH,EE. UU.,44136.0
12732,Corporate,Detroit,MI,EE. UU.,48213.0
12623,Corporate,Antioch,CA,EE. UU.,94509.0
12730,Corporate,Newark,DE,EE. UU.,19711.0
12567,Corporate,Methuen,MA,EE. UU.,1844.0
12531,Corporate,Hyattsville,MD,EE. UU.,20783.0
12709,Corporate,Jamaica,NY,EE. UU.,11435.0
14947,Corporate,Apex,NC,EE. UU.,27502.0
14928,Corporate,Clementon,NJ,EE. UU.,8021.0
12941,Corporate,Scottsdale,AZ,EE. UU.,85254.0
14345,Corporate,Carson,CA,EE. UU.,90745.0
13525,Corporate,Raleigh,NC,EE. UU.,27606.0
14380,Corporate,Crystal Lake,IL,EE. UU.,60014.0
13521,Corporate,Frankfort,KY,EE. UU.,40601.0
13413,Corporate,Garden Grove,CA,EE. UU.,92840.0
13269,Corporate,Dubuque,IA,EE. UU.,52001.0
14215,Corporate,South Ozone Park,NY,EE. UU.,11420.0
13088,Corporate,Alpharetta,GA,EE. UU.,30022.0
14301,Corporate,Detroit,MI,EE. UU.,48205.0
14246,Corporate,Antioch,CA,EE. UU.,94509.0
14529,Corporate,San Diego,CA,EE. UU.,92117.0
13497,Corporate,Norcross,GA,EE. UU.,30093.0
13226,Corporate,Honolulu,HI,EE. UU.,96817.0
13280,Corporate,Las Vegas,NV,EE. UU.,89101.0
14295,Corporate,Milwaukee,WI,EE. UU.,53209.0
14753,Corporate,Santa Cruz,CA,EE. UU.,95060.0
14879,Corporate,Stone Mountain,GA,EE. UU.,30083.0
14876,Corporate,Alhambra,CA,EE. UU.,91801.0
13947,Corporate,Wichita,KS,EE. UU.,67212.0
14819,Corporate,Westerville,OH,EE. UU.,43081.0
12810,Corporate,Mesa,AZ,EE. UU.,85204.0
12809,Corporate,Union City,NJ,EE. UU.,7087.0
13618,Corporate,Miami,FL,EE. UU.,33147.0
14852,Corporate,Houston,TX,EE. UU.,77088.0
12751,Corporate,Modesto,CA,EE. UU.,95350.0
2702,Corporate,Honolulu,HI,EE. UU.,96816.0
13723,Corporate,Methuen,MA,EE. UU.,1844.0
13720,Corporate,Chino Hills,CA,EE. UU.,91709.0
13810,Corporate,Miami,FL,EE. UU.,33186.0
13863,Corporate,Weslaco,TX,EE. UU.,78596.0
14863,Corporate,Brooklyn,NY,EE. UU.,11236.0
12817,Corporate,Fairfield,OH,EE. UU.,45014.0
13808,Corporate,Virginia Beach,VA,EE. UU.,23464.0
12632,Corporate,Dearborn,MI,EE. UU.,48126.0
12631,Corporate,Modesto,CA,EE. UU.,95350.0
12573,Corporate,Broken Arrow,OK,EE. UU.,74012.0
12566,Corporate,Aurora,IL,EE. UU.,60504.0
15060,Corporate,Harvey,IL,EE. UU.,60426.0
15132,Corporate,Memphis,TN,EE. UU.,38128.0
15041,Corporate,Livermore,CA,EE. UU.,94550.0
12946,Corporate,Hialeah,FL,EE. UU.,33010.0
13022,Corporate,San Marcos,TX,EE. UU.,78666.0
12504,Corporate,Peoria,AZ,EE. UU.,85345.0
12681,Corporate,Yonkers,NY,EE. UU.,10701.0
3626,Corporate,Oceanside,CA,EE. UU.,92056.0
4052,Corporate,Columbus,GA,EE. UU.,31907.0
9543,Corporate,Huntington Beach,CA,EE. UU.,92646.0
18081,Corporate,Sugar Land,TX,EE. UU.,77478.0
8182,Corporate,Tucson,AZ,EE. UU.,85746.0
15988,Corporate,La Mesa,CA,EE. UU.,91941.0
17705,Corporate,Anaheim,CA,EE. UU.,92804.0
15521,Corporate,Cleveland,OH,EE. UU.,44102.0
20117,Corporate,San Francisco,CA,EE. UU.,94112.0
20078,Corporate,Brownsville,TX,EE. UU.,78521.0
18917,Corporate,Garland,TX,EE. UU.,75040.0
15219,Corporate,Middletown,OH,EE. UU.,45044.0
16209,Corporate,Tempe,AZ,EE. UU.,85283.0
18615,Corporate,Chicago,IL,EE. UU.,60640.0
18949,Corporate,Fontana,CA,EE. UU.,92336.0
18191,Corporate,Phoenix,AZ,EE. UU.,85040.0
18243,Corporate,Pekin,IL,EE. UU.,61554.0
18049,Corporate,Morristown,NJ,EE. UU.,7960.0
16517,Corporate,Dallas,TX,EE. UU.,75228.0
16480,Corporate,Plano,TX,EE. UU.,75023.0
16530,Corporate,Clementon,NJ,EE. UU.,8021.0
16421,Corporate,Chillicothe,OH,EE. UU.,45601.0
19059,Corporate,Woodbridge,VA,EE. UU.,22193.0
15764,Corporate,Chicago,IL,EE. UU.,60610.0
15886,Corporate,Diamond Bar,CA,EE. UU.,91765.0
15849,Corporate,Madera,CA,EE. UU.,93638.0
18319,Corporate,Rialto,CA,EE. UU.,92376.0
18462,Corporate,Rego Park,NY,EE. UU.,11374.0
16003,Corporate,Honolulu,HI,EE. UU.,96822.0
16019,Corporate,Goleta,CA,EE. UU.,93117.0
18298,Corporate,Baltimore,MD,EE. UU.,21206.0
20531,Corporate,Austin,TX,EE. UU.,78745.0
20405,Corporate,Rowland Heights,CA,EE. UU.,91748.0
20746,Corporate,Riverside,CA,EE. UU.,92504.0
17500,Corporate,Los Angeles,CA,EE. UU.,90037.0
18347,Corporate,Los Angeles,CA,EE. UU.,90027.0
20726,Corporate,Memphis,TN,EE. UU.,38109.0
20671,Corporate,North Richland Hills,TX,EE. UU.,76180.0
17460,Corporate,Dallas,TX,EE. UU.,75287.0
15939,Corporate,Philadelphia,PA,EE. UU.,19148.0
17424,Corporate,Rego Park,NY,EE. UU.,11374.0
17514,Corporate,Apex,NC,EE. UU.,27502.0
18022,Corporate,Newark,OH,EE. UU.,43055.0
17351,Corporate,Houston,TX,EE. UU.,77084.0
20506,Corporate,Richmond,TX,EE. UU.,77469.0
17654,Corporate,Harvey,IL,EE. UU.,60426.0
20414,Corporate,San Antonio,TX,EE. UU.,78223.0
17688,Corporate,Weslaco,TX,EE. UU.,78596.0
20628,Corporate,Fort Worth,TX,EE. UU.,76116.0
15520,Corporate,Chicago,IL,EE. UU.,60637.0
15393,Corporate,Lynnwood,WA,EE. UU.,98037.0
15604,Corporate,Chicago,IL,EE. UU.,60649.0
15567,Corporate,Carlsbad,CA,EE. UU.,92009.0
15477,Corporate,Chicago,IL,EE. UU.,60651.0
15417,Corporate,Moreno Valley,CA,EE. UU.,92557.0
15522,Corporate,Tampa,FL,EE. UU.,33614.0
17574,Corporate,Hanover,PA,EE. UU.,17331.0
15160,Corporate,Los Angeles,CA,EE. UU.,90004.0
15141,Corporate,Hanover,PA,EE. UU.,17331.0
17064,Corporate,Fort Lauderdale,FL,EE. UU.,33313.0
15267,Corporate,Los Angeles,CA,EE. UU.,90063.0
16204,Corporate,Miami,FL,EE. UU.,33155.0
17762,Corporate,Chicago,IL,EE. UU.,60623.0
19843,Corporate,Bristol,CT,EE. UU.,6010.0
17223,Corporate,Moline,IL,EE. UU.,61265.0
17165,Corporate,El Centro,CA,EE. UU.,92243.0
18622,Corporate,Richmond,KY,EE. UU.,40475.0
19785,Corporate,Glendale,AZ,EE. UU.,85301.0
20018,Corporate,Bronx,NY,EE. UU.,10466.0
17756,Corporate,Annapolis,MD,EE. UU.,21401.0
18973,Corporate,Lawrence,MA,EE. UU.,1841.0
20232,Corporate,Strongsville,OH,EE. UU.,44136.0
15254,Corporate,Michigan City,IN,EE. UU.,46360.0
17033,Corporate,Lancaster,PA,EE. UU.,17603.0
17051,Corporate,West Jordan,UT,EE. UU.,84084.0
19814,Corporate,Chicago,IL,EE. UU.,60621.0
17859,Corporate,Costa Mesa,CA,EE. UU.,92626.0
16316,Corporate,Bakersfield,CA,EE. UU.,93307.0
18242,Corporate,Washington,DC,EE. UU.,20020.0
18112,Corporate,Saint Charles,MO,EE. UU.,63301.0
18111,Corporate,Columbus,OH,EE. UU.,43230.0
18072,Corporate,Orange Park,FL,EE. UU.,32073.0
18071,Corporate,Chicago,IL,EE. UU.,60651.0
19051,Corporate,Lakewood,OH,EE. UU.,44107.0
16386,Corporate,York,PA,EE. UU.,17402.0
15806,Corporate,Hialeah,FL,EE. UU.,33016.0
15679,Corporate,Hamilton,OH,EE. UU.,45011.0
15714,Corporate,Brooklyn,NY,EE. UU.,11203.0
18822,Corporate,Garden Grove,CA,EE. UU.,92843.0
18821,Corporate,Levittown,NY,EE. UU.,11756.0
18784,Corporate,Columbus,GA,EE. UU.,31907.0
18783,Corporate,Fresno,CA,EE. UU.,93722.0
15762,Corporate,Elmhurst,IL,EE. UU.,60126.0
15707,Corporate,Los Angeles,CA,EE. UU.,90043.0
15702,Corporate,Chicago,IL,EE. UU.,60649.0
17648,Corporate,Milpitas,CA,EE. UU.,95035.0
20497,Corporate,Indio,CA,EE. UU.,92201.0
18460,Corporate,Houston,TX,EE. UU.,77015.0
17975,Corporate,Tucson,AZ,EE. UU.,85713.0
18495,Corporate,Santa Clara,CA,EE. UU.,95051.0
17938,Corporate,Beloit,WI,EE. UU.,53511.0
20674,Corporate,Pico Rivera,CA,EE. UU.,90660.0
20403,Corporate,El Centro,CA,EE. UU.,92243.0
17516,Corporate,Philadelphia,PA,EE. UU.,19148.0
20688,Corporate,Ballwin,MO,EE. UU.,63021.0
17986,Corporate,Brooklyn,NY,EE. UU.,11235.0
15993,Corporate,Las Vegas,NV,EE. UU.,89103.0
20558,Corporate,Laredo,TX,EE. UU.,78040.0
15990,Corporate,Los Angeles,CA,EE. UU.,90001.0
18880,Corporate,El Paso,TX,EE. UU.,79927.0
18320,Corporate,San Jose,CA,EE. UU.,95148.0
20555,Corporate,Ann Arbor,MI,EE. UU.,48103.0
20447,Corporate,Chicago,IL,EE. UU.,60660.0
17508,Corporate,Las Vegas,NV,EE. UU.,89103.0
15428,Corporate,Newark,OH,EE. UU.,43055.0
15661,Corporate,Ann Arbor,MI,EE. UU.,48103.0
15676,Corporate,West Jordan,UT,EE. UU.,84084.0
15329,Corporate,Los Angeles,CA,EE. UU.,90001.0
18671,Corporate,Miami,FL,EE. UU.,33162.0
15400,Corporate,Saint Paul,MN,EE. UU.,55124.0
15613,Corporate,Irvington,NJ,EE. UU.,7111.0
15595,Corporate,Cleveland,OH,EE. UU.,44118.0
17226,Corporate,Pompano Beach,FL,EE. UU.,33068.0
19018,Corporate,Ballwin,MO,EE. UU.,63021.0
17063,Corporate,Union City,NJ,EE. UU.,7087.0
18942,Corporate,South Ozone Park,NY,EE. UU.,11420.0
19965,Corporate,Potomac,MD,EE. UU.,20854.0
15276,Corporate,Brighton,MA,EE. UU.,2135.0
16178,Corporate,Cupertino,CA,EE. UU.,95014.0
17755,Corporate,Stone Mountain,GA,EE. UU.,30083.0
19854,Corporate,Fullerton,CA,EE. UU.,92833.0
20051,Corporate,San Diego,CA,EE. UU.,92114.0
15256,Corporate,Chicago,IL,EE. UU.,60617.0
18972,Corporate,Los Angeles,CA,EE. UU.,90003.0
16265,Corporate,El Paso,TX,EE. UU.,79924.0
16190,Corporate,Columbus,GA,EE. UU.,31907.0
17875,Corporate,Aurora,CO,EE. UU.,80012.0
18108,Corporate,Las Vegas,NV,EE. UU.,89119.0
16403,Corporate,Saint Paul,MN,EE. UU.,55104.0
16506,Corporate,Bridgeton,NJ,EE. UU.,8302.0
17632,Corporate,Long Beach,CA,EE. UU.,90806.0
20737,Corporate,Saint Paul,MN,EE. UU.,55112.0
16060,Corporate,Lutz,FL,EE. UU.,33549.0
19786,Corporate,Miami,FL,EE. UU.,33157.0
17758,Corporate,Miami,FL,EE. UU.,33175.0
3290,Home Office,San Jose,CA,EE. UU.,95148.0
8287,Home Office,Glenview,IL,EE. UU.,60025.0
1421,Consumer,Caguas,PR,Puerto Rico,725.0
3491,Consumer,San Diego,CA,EE. UU.,92126.0
11049,Consumer,Milpitas,CA,EE. UU.,95035.0
7484,Consumer,North Hills,CA,EE. UU.,91343.0
3798,Consumer,Toms River,NJ,EE. UU.,8753.0
4897,Consumer,Bellflower,CA,EE. UU.,90706.0
10879,Consumer,Jacksonville,FL,EE. UU.,32225.0
2054,Consumer,Palo Alto,CA,EE. UU.,94303.0
9169,Consumer,Phoenix,AZ,EE. UU.,85033.0
12577,Consumer,Brooklyn,NY,EE. UU.,11203.0
12738,Consumer,Fullerton,CA,EE. UU.,92833.0
12558,Consumer,Cincinnati,OH,EE. UU.,45238.0
12575,Consumer,San Diego,CA,EE. UU.,92104.0
12448,Consumer,San Antonio,TX,EE. UU.,78227.0
12495,Consumer,Sunnyvale,CA,EE. UU.,94086.0
12620,Consumer,Lindenhurst,NY,EE. UU.,11757.0
12512,Consumer,Los Angeles,CA,EE. UU.,90016.0
12548,Consumer,Middletown,OH,EE. UU.,45044.0
12637,Consumer,Jacksonville,FL,EE. UU.,32244.0
14925,Consumer,San Antonio,TX,EE. UU.,78240.0
15050,Consumer,Lawrenceville,GA,EE. UU.,30044.0
14995,Consumer,Orlando,FL,EE. UU.,32825.0
12881,Consumer,Fort Washington,MD,EE. UU.,20744.0
15011,Consumer,Pomona,CA,EE. UU.,91767.0
14938,Consumer,Long Beach,CA,EE. UU.,90813.0
15134,Consumer,Pomona,CA,EE. UU.,91766.0
15007,Consumer,Mount Pleasant,MI,EE. UU.,48858.0
12909,Consumer,Elmhurst,IL,EE. UU.,60126.0
14984,Consumer,Hamilton,OH,EE. UU.,45013.0
15127,Consumer,La Crosse,WI,EE. UU.,54601.0
12924,Consumer,San Francisco,CA,EE. UU.,94110.0
4247,Consumer,Chino Hills,CA,EE. UU.,91709.0
9269,Consumer,Citrus Heights,CA,EE. UU.,95610.0
11671,Consumer,Detroit,MI,EE. UU.,48235.0
9629,Consumer,San Antonio,TX,EE. UU.,78201.0
1440,Consumer,Bakersfield,CA,EE. UU.,93309.0
6340,Consumer,Albuquerque,NM,EE. UU.,87105.0
4333,Consumer,Columbus,OH,EE. UU.,43228.0
3279,Consumer,Bronx,NY,EE. UU.,10468.0
9428,Consumer,Oregon City,OR,EE. UU.,97045.0
12086,Consumer,El Monte,CA,EE. UU.,91732.0
5422,Consumer,Hollywood,FL,EE. UU.,33024.0
9054,Consumer,Washington,DC,EE. UU.,20009.0
11296,Consumer,Fresno,CA,EE. UU.,93720.0
1872,Consumer,Las Vegas,NV,EE. UU.,89121.0
4526,Consumer,El Monte,CA,EE. UU.,91732.0
19230,Consumer,Eugene,OR,EE. UU.,97405.0
15733,Consumer,Moreno Valley,CA,EE. UU.,92553.0
15984,Consumer,San Diego,CA,EE. UU.,92104.0
18471,Consumer,Lockport,NY,EE. UU.,14094.0
15496,Consumer,Oxnard,CA,EE. UU.,93030.0
15566,Consumer,New Orleans,LA,EE. UU.,70122.0
8232,Consumer,Philadelphia,PA,EE. UU.,19145.0
17622,Consumer,San Marcos,TX,EE. UU.,78666.0
17567,Consumer,Phoenix,AZ,EE. UU.,85033.0
17562,Consumer,Carrollton,TX,EE. UU.,75006.0
19951,Consumer,Las Vegas,NV,EE. UU.,89103.0
20036,Consumer,Hyattsville,MD,EE. UU.,20783.0
16267,Consumer,Bakersfield,CA,EE. UU.,93307.0
17087,Consumer,Bountiful,UT,EE. UU.,84010.0
20101,Consumer,Sugar Land,TX,EE. UU.,77478.0
18083,Consumer,Kent,WA,EE. UU.,98031.0
18154,Consumer,Freeport,NY,EE. UU.,11520.0
18225,Consumer,Gilroy,CA,EE. UU.,95020.0
18171,Consumer,Massapequa,NY,EE. UU.,11758.0
18223,Consumer,Westland,MI,EE. UU.,48185.0
18169,Consumer,New York,NY,EE. UU.,10016.0
18133,Consumer,Spring Valley,NY,EE. UU.,10977.0
18059,Consumer,Winnetka,CA,EE. UU.,91306.0
18202,Consumer,Colorado Springs,CO,EE. UU.,80918.0
18256,Consumer,Memphis,TN,EE. UU.,38118.0
18255,Consumer,Ann Arbor,MI,EE. UU.,48103.0
18126,Consumer,Lynn,MA,EE. UU.,1902.0
18233,Consumer,Rego Park,NY,EE. UU.,11374.0
18194,Consumer,Woonsocket,RI,EE. UU.,2895.0
18193,Consumer,Saint Louis,MO,EE. UU.,63116.0
16448,Consumer,Roswell,GA,EE. UU.,30075.0
16588,Consumer,Brooklyn,NY,EE. UU.,11234.0
19246,Consumer,Dallas,TX,EE. UU.,75287.0
16407,Consumer,Jonesboro,AR,EE. UU.,72401.0
19173,Consumer,Reno,NV,EE. UU.,89502.0
16551,Consumer,Chicago,IL,EE. UU.,60644.0
19226,Consumer,Lynnwood,WA,EE. UU.,98037.0
19261,Consumer,Saint Paul,MN,EE. UU.,55106.0
16529,Consumer,Brockton,MA,EE. UU.,2301.0
19182,Consumer,Brooklyn,NY,EE. UU.,11234.0
19074,Consumer,Plano,TX,EE. UU.,75023.0
19271,Consumer,Daly City,CA,EE. UU.,94015.0
16451,Consumer,Rancho Cucamonga,CA,EE. UU.,91730.0
16414,Consumer,Walnut,CA,EE. UU.,91789.0
15719,Consumer,Martinsburg,WV,EE. UU.,25401.0
15791,Consumer,New Orleans,LA,EE. UU.,70122.0
18828,Consumer,Toms River,NJ,EE. UU.,8753.0
15880,Consumer,Los Angeles,CA,EE. UU.,90027.0
15718,Consumer,Dallas,TX,EE. UU.,75217.0
15735,Consumer,Bronx,NY,EE. UU.,10472.0
15897,Consumer,Miami,FL,EE. UU.,33175.0
15895,Consumer,Chicago,IL,EE. UU.,60616.0
15786,Consumer,Loveland,OH,EE. UU.,45140.0
15690,Consumer,Stockton,CA,EE. UU.,95206.0
15689,Consumer,Laguna Niguel,CA,EE. UU.,92677.0
15706,Consumer,National City,CA,EE. UU.,91950.0
18779,Consumer,San Bernardino,CA,EE. UU.,92407.0
18741,Consumer,Fort Worth,TX,EE. UU.,76116.0
15721,Consumer,Bronx,NY,EE. UU.,10472.0
18794,Consumer,Los Angeles,CA,EE. UU.,90057.0
1085,Consumer,Frankfort,KY,EE. UU.,40601.0
7495,Consumer,Colorado Springs,CO,EE. UU.,80906.0
18033,Consumer,Sheboygan,WI,EE. UU.,53081.0
20554,Consumer,Milpitas,CA,EE. UU.,95035.0
17979,Consumer,Philadelphia,PA,EE. UU.,19104.0
20716,Consumer,Elyria,OH,EE. UU.,44035.0
17506,Consumer,New Orleans,LA,EE. UU.,70117.0
17649,Consumer,Warren,MI,EE. UU.,48093.0
18426,Consumer,San Bernardino,CA,EE. UU.,92410.0
20607,Consumer,Weslaco,TX,EE. UU.,78596.0
20714,Consumer,Winnetka,CA,EE. UU.,91306.0
20732,Consumer,Wyandotte,MI,EE. UU.,48192.0
17325,Consumer,Clarksville,TN,EE. UU.,37042.0
17324,Consumer,San Diego,CA,EE. UU.,92154.0
17468,Consumer,Brooklyn,NY,EE. UU.,11221.0
18370,Consumer,Chapel Hill,NC,EE. UU.,27514.0
18514,Consumer,Bay Shore,NY,EE. UU.,11706.0
15983,Consumer,South San Francisco,CA,EE. UU.,94080.0
18334,Consumer,Chicago,IL,EE. UU.,60630.0
20443,Consumer,Beaverton,OR,EE. UU.,97007.0
16018,Consumer,New York,NY,EE. UU.,10027.0
17341,Consumer,Anaheim,CA,EE. UU.,92802.0
2977,Consumer,Baltimore,MD,EE. UU.,21218.0
15964,Consumer,Los Angeles,CA,EE. UU.,90023.0
17431,Consumer,Union City,CA,EE. UU.,94587.0
20604,Consumer,Lakewood,NJ,EE. UU.,8701.0
17699,Consumer,Costa Mesa,CA,EE. UU.,92627.0
20459,Consumer,North Las Vegas,NV,EE. UU.,89030.0
17394,Consumer,Katy,TX,EE. UU.,77450.0
18367,Consumer,Baltimore,MD,EE. UU.,21218.0
17973,Consumer,Salt Lake City,UT,EE. UU.,84118.0
8414,Consumer,San Marcos,CA,EE. UU.,92069.0
18474,Consumer,Los Angeles,CA,EE. UU.,90027.0
16033,Consumer,Miami,FL,EE. UU.,33162.0
15925,Consumer,Austin,TX,EE. UU.,78704.0
17643,Consumer,Chicago,IL,EE. UU.,60629.0
18402,Consumer,Princeton,NJ,EE. UU.,8540.0
17320,Consumer,Endicott,NY,EE. UU.,13760.0
18509,Consumer,Brooklyn,NY,EE. UU.,11215.0
18292,Consumer,Aurora,IL,EE. UU.,60504.0
18364,Consumer,Mount Pleasant,MI,EE. UU.,48858.0
20527,Consumer,Saginaw,MI,EE. UU.,48601.0
17749,Consumer,Palmdale,CA,EE. UU.,93550.0
16031,Consumer,Catonsville,MD,EE. UU.,21228.0
17390,Consumer,San Antonio,TX,EE. UU.,78223.0
17987,Consumer,Lynnwood,WA,EE. UU.,98037.0
16048,Consumer,Aurora,CO,EE. UU.,80013.0
20544,Consumer,New York,NY,EE. UU.,10016.0
18399,Consumer,Rome,NY,EE. UU.,13440.0
17370,Consumer,Greeley,CO,EE. UU.,80631.0
15957,Consumer,Troy,NY,EE. UU.,12180.0
20399,Consumer,San Diego,CA,EE. UU.,92102.0
20651,Consumer,Washington,DC,EE. UU.,20009.0
17728,Consumer,Pomona,CA,EE. UU.,91766.0
17495,Consumer,Diamond Bar,CA,EE. UU.,91765.0
20578,Consumer,Ontario,CA,EE. UU.,91761.0
17260,Consumer,San Bernardino,CA,EE. UU.,92404.0
8444,Consumer,Hollywood,FL,EE. UU.,33024.0
20613,Consumer,Norcross,GA,EE. UU.,30093.0
18413,Consumer,Brooklyn,NY,EE. UU.,11220.0
17331,Consumer,Spring Valley,CA,EE. UU.,91977.0
20432,Consumer,Marietta,GA,EE. UU.,30062.0
20576,Consumer,Bronx,NY,EE. UU.,10466.0
17689,Consumer,Glen Burnie,MD,EE. UU.,21061.0
18018,Consumer,Folsom,CA,EE. UU.,95630.0
18430,Consumer,Moreno Valley,CA,EE. UU.,92557.0
18484,Consumer,Brooklyn,NY,EE. UU.,11203.0
17510,Consumer,Milwaukee,WI,EE. UU.,53209.0
17275,Consumer,Las Vegas,NV,EE. UU.,89101.0
17454,Consumer,Jacksonville,FL,EE. UU.,32244.0
20411,Consumer,Greensburg,PA,EE. UU.,15601.0
15969,Consumer,Lindenhurst,NY,EE. UU.,11757.0
20573,Consumer,Newburgh,NY,EE. UU.,12550.0
4546,Consumer,Riverside,CA,EE. UU.,92509.0
4873,Consumer,San Diego,CA,EE. UU.,92109.0
2966,Consumer,Lewisville,TX,EE. UU.,75067.0
15665,Consumer,Van Nuys,CA,EE. UU.,91406.0
15359,Consumer,Mchenry,IL,EE. UU.,60050.0
15377,Consumer,Bronx,NY,EE. UU.,10473.0
15449,Consumer,Canton,MI,EE. UU.,48187.0
15593,Consumer,West Jordan,UT,EE. UU.,84084.0
15323,Consumer,Madera,CA,EE. UU.,93638.0
15573,Consumer,Oxnard,CA,EE. UU.,93033.0
15518,Consumer,Saint Charles,MO,EE. UU.,63301.0
15299,Consumer,Crown Point,IN,EE. UU.,46307.0
18731,Consumer,Hollywood,FL,EE. UU.,33021.0
15316,Consumer,San Antonio,TX,EE. UU.,78240.0
15387,Consumer,El Monte,CA,EE. UU.,91732.0
15349,Consumer,Las Cruces,NM,EE. UU.,88005.0
15511,Consumer,Algonquin,IL,EE. UU.,60102.0
15295,Consumer,Carrollton,TX,EE. UU.,75006.0
15438,Consumer,Rego Park,NY,EE. UU.,11374.0
15510,Consumer,Montebello,CA,EE. UU.,90640.0
15381,Consumer,Tucson,AZ,EE. UU.,85713.0
15524,Consumer,Milwaukee,WI,EE. UU.,53209.0
18704,Consumer,El Cajon,CA,EE. UU.,92020.0
15362,Consumer,Levittown,NY,EE. UU.,11756.0
15344,Consumer,Beloit,WI,EE. UU.,53511.0
18685,Consumer,Mount Prospect,IL,EE. UU.,60056.0
15487,Consumer,Sugar Land,TX,EE. UU.,77478.0
163,Consumer,Rio Rancho,NM,EE. UU.,87124.0
6743,Consumer,Dallas,TX,EE. UU.,75227.0
10924,Consumer,Visalia,CA,EE. UU.,93277.0
6614,Consumer,Carmichael,CA,EE. UU.,95608.0
12230,Consumer,Annandale,VA,EE. UU.,22003.0
4345,Consumer,Granada Hills,CA,EE. UU.,91344.0
12343,Consumer,Miami,FL,EE. UU.,33186.0
17558,Consumer,Mount Pleasant,MI,EE. UU.,48858.0
17587,Consumer,Detroit,MI,EE. UU.,48228.0
17549,Consumer,Hamtramck,MI,EE. UU.,48212.0
17547,Consumer,Cumberland,MD,EE. UU.,21502.0
17600,Consumer,Bronx,NY,EE. UU.,10457.0
20315,Consumer,Chicago,IL,EE. UU.,60638.0
18893,Consumer,Nashville,TN,EE. UU.,37211.0
19990,Consumer,Carlsbad,CA,EE. UU.,92009.0
20350,Consumer,Chandler,AZ,EE. UU.,85225.0
19001,Consumer,Jonesboro,AR,EE. UU.,72401.0
20043,Consumer,Henderson,NV,EE. UU.,89014.0
18592,Consumer,Annandale,VA,EE. UU.,22003.0
19000,Consumer,Washington,DC,EE. UU.,20011.0
15265,Consumer,Costa Mesa,CA,EE. UU.,92626.0
17817,Consumer,Chicago,IL,EE. UU.,60630.0
17242,Consumer,Des Plaines,IL,EE. UU.,60016.0
15247,Consumer,Tinley Park,IL,EE. UU.,60477.0
19897,Consumer,Chicago,IL,EE. UU.,60638.0
19825,Consumer,Jamaica,NY,EE. UU.,11435.0
18962,Consumer,Asheboro,NC,EE. UU.,27203.0
18571,Consumer,Atlanta,GA,EE. UU.,30318.0
20364,Consumer,Bronx,NY,EE. UU.,10462.0
20076,Consumer,New Bedford,MA,EE. UU.,2740.0
19770,Consumer,La Puente,CA,EE. UU.,91744.0
20309,Consumer,Tempe,AZ,EE. UU.,85283.0
20057,Consumer,Scottsdale,AZ,EE. UU.,85254.0
20273,Consumer,Lancaster,SC,EE. UU.,29720.0
19895,Consumer,San Antonio,TX,EE. UU.,78227.0
17814,Consumer,Bakersfield,CA,EE. UU.,93304.0
16110,Consumer,El Cajon,CA,EE. UU.,92020.0
17167,Consumer,Moreno Valley,CA,EE. UU.,92553.0
18533,Consumer,Philadelphia,PA,EE. UU.,19148.0
16379,Consumer,Lawrence,MA,EE. UU.,1841.0
17112,Consumer,Norcross,GA,EE. UU.,30093.0
15243,Consumer,Brooklyn,NY,EE. UU.,11206.0
20128,Consumer,Houston,TX,EE. UU.,77093.0
20289,Consumer,Pomona,CA,EE. UU.,91767.0
19893,Consumer,Carlsbad,CA,EE. UU.,92009.0
18958,Consumer,New York,NY,EE. UU.,10016.0
20253,Consumer,Hollister,CA,EE. UU.,95023.0
20181,Consumer,Van Nuys,CA,EE. UU.,91406.0
16377,Consumer,Phoenix,AZ,EE. UU.,85040.0
17218,Consumer,Tulare,CA,EE. UU.,93274.0
19946,Consumer,Lakewood,OH,EE. UU.,44107.0
15222,Consumer,Chicago,IL,EE. UU.,60622.0
20125,Consumer,Washington,DC,EE. UU.,20019.0
17037,Consumer,Warren,MI,EE. UU.,48093.0
20323,Consumer,Pawtucket,RI,EE. UU.,2860.0
18530,Consumer,Escondido,CA,EE. UU.,92027.0
20197,Consumer,Cupertino,CA,EE. UU.,95014.0
20107,Consumer,Compton,CA,EE. UU.,90220.0
20035,Consumer,Granada Hills,CA,EE. UU.,91344.0
20179,Consumer,Honolulu,HI,EE. UU.,96822.0
17845,Consumer,Lakewood,NJ,EE. UU.,8701.0
17234,Consumer,Hamtramck,MI,EE. UU.,48212.0
17036,Consumer,Broken Arrow,OK,EE. UU.,74012.0
17126,Consumer,Bronx,NY,EE. UU.,10467.0
19980,Consumer,Spring Valley,CA,EE. UU.,91977.0
19908,Consumer,Catonsville,MD,EE. UU.,21228.0
17844,Consumer,Chicago,IL,EE. UU.,60614.0
20267,Consumer,Dubuque,IA,EE. UU.,52001.0
20249,Consumer,Washington,DC,EE. UU.,20019.0
20195,Consumer,New Orleans,LA,EE. UU.,70117.0
16284,Consumer,New Braunfels,TX,EE. UU.,78130.0
19943,Consumer,Saginaw,MI,EE. UU.,48601.0
18599,Consumer,West Jordan,UT,EE. UU.,84084.0
18527,Consumer,New York,NY,EE. UU.,10016.0
16121,Consumer,Apex,NC,EE. UU.,27502.0
20104,Consumer,Los Angeles,CA,EE. UU.,90011.0
17123,Consumer,San Diego,CA,EE. UU.,92117.0
20192,Consumer,New Castle,DE,EE. UU.,19720.0
17086,Consumer,Chicago Heights,IL,EE. UU.,60411.0
18933,Consumer,Cleveland,OH,EE. UU.,44118.0
17822,Consumer,Plymouth,MA,EE. UU.,2360.0
18542,Consumer,Clovis,CA,EE. UU.,93611.0
18986,Consumer,Stockbridge,GA,EE. UU.,30281.0
20011,Consumer,Sanford,NC,EE. UU.,27330.0
18914,Consumer,North Bergen,NJ,EE. UU.,7047.0
17750,Consumer,Ypsilanti,MI,EE. UU.,48197.0
16262,Consumer,Richmond,VA,EE. UU.,23223.0
18896,Consumer,Jacksonville,FL,EE. UU.,32225.0
19794,Consumer,Mililani,HI,EE. UU.,96789.0
19003,Consumer,Alhambra,CA,EE. UU.,91801.0
19021,Consumer,Morristown,NJ,EE. UU.,7960.0
20316,Consumer,Mililani,HI,EE. UU.,96789.0
9102,Consumer,Aurora,IL,EE. UU.,60504.0
7497,Consumer,Chandler,AZ,EE. UU.,85225.0
10754,Consumer,Brooklyn,NY,EE. UU.,11219.0
7737,Consumer,Hayward,CA,EE. UU.,94541.0
5228,Consumer,Moline,IL,EE. UU.,61265.0
3746,Consumer,Kent,WA,EE. UU.,98031.0
7688,Consumer,Walnut,CA,EE. UU.,91789.0
9289,Consumer,Honolulu,HI,EE. UU.,96818.0
658,Consumer,Irwin,PA,EE. UU.,15642.0
9137,Consumer,Tempe,AZ,EE. UU.,85282.0
9651,Consumer,Bend,OR,EE. UU.,97701.0
3824,Consumer,Salt Lake City,UT,EE. UU.,84118.0
10203,Consumer,El Paso,TX,EE. UU.,79936.0
4135,Consumer,Augusta,GA,EE. UU.,30907.0
11939,Consumer,Tinley Park,IL,EE. UU.,60477.0
1402,Consumer,Dallas,TX,EE. UU.,75217.0
7023,Consumer,Everett,WA,EE. UU.,98208.0
5179,Consumer,Irwin,PA,EE. UU.,15642.0
1004,Corporate,Caguas,PR,Puerto Rico,725.0
7471,Corporate,Caguas,PR,Puerto Rico,725.0
5087,Corporate,Caguas,PR,Puerto Rico,725.0
3366,Corporate,Caguas,PR,Puerto Rico,725.0
625,Corporate,Caguas,PR,Puerto Rico,725.0
14382,Corporate,Caguas,PR,Puerto Rico,725.0
14875,Corporate,Caguas,PR,Puerto Rico,725.0
12635,Corporate,Caguas,PR,Puerto Rico,725.0
13455,Corporate,Caguas,PR,Puerto Rico,725.0
13185,Corporate,Caguas,PR,Puerto Rico,725.0
13347,Corporate,Caguas,PR,Puerto Rico,725.0
13489,Corporate,Caguas,PR,Puerto Rico,725.0
13020,Corporate,Caguas,PR,Puerto Rico,725.0
14429,Corporate,Caguas,PR,Puerto Rico,725.0
14343,Corporate,Caguas,PR,Puerto Rico,725.0
13125,Corporate,Caguas,PR,Puerto Rico,725.0
14377,Corporate,Caguas,PR,Puerto Rico,725.0
13268,Corporate,Caguas,PR,Puerto Rico,725.0
14356,Corporate,Caguas,PR,Puerto Rico,725.0
13391,Corporate,Caguas,PR,Puerto Rico,725.0
13210,Corporate,Caguas,PR,Puerto Rico,725.0
14156,Corporate,Caguas,PR,Puerto Rico,725.0
13083,Corporate,Caguas,PR,Puerto Rico,725.0
13262,Corporate,Caguas,PR,Puerto Rico,725.0
14545,Corporate,Caguas,PR,Puerto Rico,725.0
14526,Corporate,Caguas,PR,Puerto Rico,725.0
12990,Corporate,Caguas,PR,Puerto Rico,725.0
14187,Corporate,Caguas,PR,Puerto Rico,725.0
14151,Corporate,Caguas,PR,Puerto Rico,725.0
14115,Corporate,Caguas,PR,Puerto Rico,725.0
14541,Corporate,Caguas,PR,Puerto Rico,725.0
14698,Corporate,Caguas,PR,Puerto Rico,725.0
9616,Corporate,Caguas,PR,Puerto Rico,725.0
14788,Corporate,Caguas,PR,Puerto Rico,725.0
14697,Corporate,Aguadilla,PR,Puerto Rico,603.0
13913,Corporate,Caguas,PR,Puerto Rico,725.0
13948,Corporate,Caguas,PR,Puerto Rico,725.0
13624,Corporate,Caguas,PR,Puerto Rico,725.0
12758,Corporate,Caguas,PR,Puerto Rico,725.0
13946,Corporate,Caguas,PR,Puerto Rico,725.0
5740,Corporate,Caguas,PR,Puerto Rico,725.0
14873,Corporate,Caguas,PR,Puerto Rico,725.0
13796,Corporate,Caguas,PR,Puerto Rico,725.0
13634,Corporate,Caguas,PR,Puerto Rico,725.0
13922,Corporate,Caguas,PR,Puerto Rico,725.0
13811,Corporate,Caguas,PR,Puerto Rico,725.0
13775,Corporate,Caguas,PR,Puerto Rico,725.0
13791,Corporate,Caguas,PR,Puerto Rico,725.0
13683,Corporate,Caguas,PR,Puerto Rico,725.0
143,Corporate,Caguas,PR,Puerto Rico,725.0
12505,Corporate,Caguas,PR,Puerto Rico,725.0
12487,Corporate,Caguas,PR,Puerto Rico,725.0
12594,Corporate,Caguas,PR,Puerto Rico,725.0
12521,Corporate,Caguas,PR,Puerto Rico,725.0
12509,Corporate,Caguas,PR,Puerto Rico,725.0
12865,Corporate,Caguas,PR,Puerto Rico,725.0
12949,Corporate,Caguas,PR,Puerto Rico,725.0
14969,Corporate,Caguas,PR,Puerto Rico,725.0
12892,Corporate,Caguas,PR,Puerto Rico,725.0
12945,Corporate,Caguas,PR,Puerto Rico,725.0
14967,Corporate,Caguas,PR,Puerto Rico,725.0
11532,Corporate,Caguas,PR,Puerto Rico,725.0
5387,Corporate,Caguas,PR,Puerto Rico,725.0
8075,Corporate,Caguas,PR,Puerto Rico,725.0
18244,Corporate,Caguas,PR,Puerto Rico,725.0
18125,Corporate,Caguas,PR,Puerto Rico,725.0
16485,Corporate,Caguas,PR,Puerto Rico,725.0
19250,Corporate,Caguas,PR,Puerto Rico,725.0
16609,Corporate,Caguas,PR,Puerto Rico,725.0
16487,Corporate,Caguas,PR,Puerto Rico,725.0
18827,Corporate,Caguas,PR,Puerto Rico,725.0
15713,Corporate,Caguas,PR,Puerto Rico,725.0
15889,Corporate,Caguas,PR,Puerto Rico,725.0
15887,Corporate,Caguas,PR,Puerto Rico,725.0
18775,Corporate,Caguas,PR,Puerto Rico,725.0
18879,Corporate,Caguas,PR,Puerto Rico,725.0
17704,Corporate,Caguas,PR,Puerto Rico,725.0
17668,Corporate,Caguas,PR,Puerto Rico,725.0
17684,Corporate,Caguas,PR,Puerto Rico,725.0
18461,Corporate,Caguas,PR,Puerto Rico,725.0
17270,Corporate,Caguas,PR,Puerto Rico,725.0
18030,Corporate,Caguas,PR,Puerto Rico,725.0
17467,Corporate,Caguas,PR,Puerto Rico,725.0
15997,Corporate,Caguas,PR,Puerto Rico,725.0
20727,Corporate,Caguas,PR,Puerto Rico,725.0
18293,Corporate,Caguas,PR,Puerto Rico,725.0
15924,Corporate,Caguas,PR,Puerto Rico,725.0
17499,Corporate,Caguas,PR,Puerto Rico,725.0
20546,Corporate,Caguas,PR,Puerto Rico,725.0
20725,Corporate,Caguas,PR,Puerto Rico,725.0
15956,Corporate,Caguas,PR,Puerto Rico,725.0
18003,Corporate,Caguas,PR,Puerto Rico,725.0
3004,Corporate,Caguas,PR,Puerto Rico,725.0
17350,Corporate,Caguas,PR,Puerto Rico,725.0
18324,Corporate,Caguas,PR,Puerto Rico,725.0
18288,Corporate,Caguas,PR,Puerto Rico,725.0
17653,Corporate,Caguas,PR,Puerto Rico,725.0
17509,Corporate,Caguas,PR,Puerto Rico,725.0
17472,Corporate,Caguas,PR,Puerto Rico,725.0
17328,Corporate,Caguas,PR,Puerto Rico,725.0
15427,Corporate,Caguas,PR,Puerto Rico,725.0
15659,Corporate,Caguas,PR,Puerto Rico,725.0
15677,Corporate,Caguas,PR,Puerto Rico,725.0
18674,Corporate,Caguas,PR,Puerto Rico,725.0
15474,Corporate,Caguas,PR,Puerto Rico,725.0
15563,Corporate,Caguas,PR,Puerto Rico,725.0
15615,Corporate,Caguas,PR,Puerto Rico,725.0
18721,Corporate,Caguas,PR,Puerto Rico,725.0
15486,Corporate,Caguas,PR,Puerto Rico,725.0
2160,Corporate,Caguas,PR,Puerto Rico,725.0
15612,Corporate,Caguas,PR,Puerto Rico,725.0
17576,Corporate,Caguas,PR,Puerto Rico,725.0
20279,Corporate,Caguas,PR,Puerto Rico,725.0
17209,Corporate,Caguas,PR,Puerto Rico,725.0
15232,Corporate,Caguas,PR,Puerto Rico,725.0
16313,Corporate,Caguas,PR,Puerto Rico,725.0
17854,Corporate,Caguas,PR,Puerto Rico,725.0
15193,Corporate,Caguas,PR,Puerto Rico,725.0
15211,Corporate,Caguas,PR,Puerto Rico,725.0
19934,Corporate,Caguas,PR,Puerto Rico,725.0
20166,Corporate,Caguas,PR,Puerto Rico,725.0
19788,Corporate,Caguas,PR,Puerto Rico,725.0
15173,Corporate,Caguas,PR,Puerto Rico,725.0
19932,Corporate,Caguas,PR,Puerto Rico,725.0
17093,Corporate,San Juan,PR,Puerto Rico,921.0
18603,Corporate,Caguas,PR,Puerto Rico,725.0
18531,Corporate,Caguas,PR,Puerto Rico,725.0
16161,Corporate,Caguas,PR,Puerto Rico,725.0
20108,Corporate,Caguas,PR,Puerto Rico,725.0
16124,Corporate,Caguas,PR,Puerto Rico,725.0
18581,Corporate,Caguas,PR,Puerto Rico,725.0
16229,Corporate,Caguas,PR,Puerto Rico,725.0
18916,Corporate,Caguas,PR,Puerto Rico,725.0
15200,Corporate,Caguas,PR,Puerto Rico,725.0
15217,Corporate,Caguas,PR,Puerto Rico,725.0
16333,Corporate,Caguas,PR,Puerto Rico,725.0
10773,Corporate,Caguas,PR,Puerto Rico,725.0
4485,Corporate,Caguas,PR,Puerto Rico,725.0
6558,Corporate,Caguas,PR,Puerto Rico,725.0
10097,Corporate,Arecibo,PR,Puerto Rico,612.0
8680,Corporate,Caguas,PR,Puerto Rico,725.0
1984,Corporate,Caguas,PR,Puerto Rico,725.0
6511,Corporate,Caguas,PR,Puerto Rico,725.0
13245,Corporate,Caguas,PR,Puerto Rico,725.0
14489,Corporate,Caguas,PR,Puerto Rico,725.0
13330,Corporate,Caguas,PR,Puerto Rico,725.0
13807,Corporate,Caguas,PR,Puerto Rico,725.0
13895,Corporate,Caguas,PR,Puerto Rico,725.0
1769,Corporate,Caguas,PR,Puerto Rico,725.0
12771,Corporate,Caguas,PR,Puerto Rico,725.0
13687,Corporate,Caguas,PR,Puerto Rico,725.0
13938,Corporate,Caguas,PR,Puerto Rico,725.0
12890,Corporate,Caguas,PR,Puerto Rico,725.0
14621,Corporate,Caguas,PR,Puerto Rico,725.0
14067,Corporate,Caguas,PR,Puerto Rico,725.0
14987,Corporate,Caguas,PR,Puerto Rico,725.0
13927,Corporate,Caguas,PR,Puerto Rico,725.0
15972,Corporate,Caguas,PR,Puerto Rico,725.0
17779,Corporate,Caguas,PR,Puerto Rico,725.0
19081,Corporate,Caguas,PR,Puerto Rico,725.0
16437,Corporate,Caguas,PR,Puerto Rico,725.0
18299,Corporate,Caguas,PR,Puerto Rico,725.0
17520,Corporate,Caguas,PR,Puerto Rico,725.0
17284,Corporate,Caguas,PR,Puerto Rico,725.0
17354,Corporate,Caguas,PR,Puerto Rico,725.0
15506,Corporate,Caguas,PR,Puerto Rico,725.0
10926,Corporate,Aguadilla,PR,Puerto Rico,603.0
19805,Corporate,Caguas,PR,Puerto Rico,725.0
15225,Corporate,Caguas,PR,Puerto Rico,725.0
16163,Corporate,Caguas,PR,Puerto Rico,725.0
18550,Corporate,Caguas,PR,Puerto Rico,725.0
16303,Corporate,Caguas,PR,Puerto Rico,725.0
20047,Corporate,Caguas,PR,Puerto Rico,725.0
20136,Corporate,Caguas,PR,Puerto Rico,725.0
16297,Corporate,Caguas,PR,Puerto Rico,725.0
18206,Corporate,Caguas,PR,Puerto Rico,725.0
19103,Corporate,Caguas,PR,Puerto Rico,725.0
19244,Corporate,Caguas,PR,Puerto Rico,725.0
16001,Corporate,Caguas,PR,Puerto Rico,725.0
17736,Corporate,Caguas,PR,Puerto Rico,725.0
18868,Corporate,Caguas,PR,Puerto Rico,725.0
15974,Corporate,Caguas,PR,Puerto Rico,725.0
18486,Corporate,Caguas,PR,Puerto Rico,725.0
15472,Corporate,Caguas,PR,Puerto Rico,725.0
18998,Corporate,Caguas,PR,Puerto Rico,725.0
17759,Corporate,Caguas,PR,Puerto Rico,725.0
17182,Corporate,Caguas,PR,Puerto Rico,725.0
18637,Corporate,Caguas,PR,Puerto Rico,725.0
20123,Corporate,Caguas,PR,Puerto Rico,725.0
16301,Corporate,Caguas,PR,Puerto Rico,725.0
16594,Corporate,Caguas,PR,Puerto Rico,725.0
18851,Corporate,Caguas,PR,Puerto Rico,725.0
17954,Corporate,Caguas,PR,Puerto Rico,725.0
18435,Corporate,Caguas,PR,Puerto Rico,725.0
1694,Corporate,Caguas,PR,Puerto Rico,725.0
7159,Consumer,Hawthorne,CA,EE. UU.,90250.0
10963,Consumer,Meridian,ID,EE. UU.,83642.0
9782,Consumer,San Jose,CA,EE. UU.,95125.0
10581,Consumer,Phoenix,AZ,EE. UU.,85035.0
1395,Consumer,Santa Ana,CA,EE. UU.,92705.0
9090,Consumer,Oviedo,FL,EE. UU.,32765.0
18047,Consumer,Edison,NJ,EE. UU.,8817.0
18173,Consumer,Stamford,CT,EE. UU.,6902.0
18116,Consumer,Tampa,FL,EE. UU.,33614.0
18152,Consumer,Augusta,GA,EE. UU.,30907.0
18043,Consumer,Canton,MI,EE. UU.,48187.0
18115,Consumer,Cleveland,OH,EE. UU.,44102.0
18114,Consumer,Chicago,IL,EE. UU.,60637.0
18078,Consumer,Chula Vista,CA,EE. UU.,91911.0
18150,Consumer,Denver,CO,EE. UU.,80219.0
18220,Consumer,Sandusky,OH,EE. UU.,44870.0
18236,Consumer,North Tonawanda,NY,EE. UU.,14120.0
18074,Consumer,Colorado Springs,CO,EE. UU.,80918.0
18146,Consumer,Dayton,OH,EE. UU.,45424.0
18037,Consumer,Chicago,IL,EE. UU.,60629.0
18144,Consumer,Billings,MT,EE. UU.,59102.0
18179,Consumer,Dallas,TX,EE. UU.,75287.0
18231,Consumer,Forest Hills,NY,EE. UU.,11375.0
18104,Consumer,Montebello,CA,EE. UU.,90640.0
18102,Consumer,Hampton,VA,EE. UU.,23666.0
18210,Consumer,Riverside,CA,EE. UU.,92507.0
19179,Consumer,Ithaca,NY,EE. UU.,14850.0
19088,Consumer,San Jose,CA,EE. UU.,95124.0
16466,Consumer,Aurora,CO,EE. UU.,80012.0
19214,Consumer,Conway,AR,EE. UU.,72032.0
16446,Consumer,Honolulu,HI,EE. UU.,96822.0
19229,Consumer,Hayward,CA,EE. UU.,94544.0
19175,Consumer,West Orange,NJ,EE. UU.,7052.0
16515,Consumer,Tonawanda,NY,EE. UU.,14150.0
19155,Consumer,Meridian,ID,EE. UU.,83642.0
19118,Consumer,Salt Lake City,UT,EE. UU.,84120.0
16513,Consumer,Los Angeles,CA,EE. UU.,90001.0
19134,Consumer,Pekin,IL,EE. UU.,61554.0
19062,Consumer,Brooklyn,NY,EE. UU.,11213.0
19205,Consumer,Westland,MI,EE. UU.,48185.0
16457,Consumer,Lakewood,OH,EE. UU.,44107.0
19204,Consumer,San Francisco,CA,EE. UU.,94110.0
19149,Consumer,Santa Ana,CA,EE. UU.,92704.0
19040,Consumer,Honolulu,HI,EE. UU.,96822.0
19076,Consumer,Wyandotte,MI,EE. UU.,48192.0
16454,Consumer,Bismarck,ND,EE. UU.,58501.0
19129,Consumer,Flushing,NY,EE. UU.,11354.0
19272,Consumer,West Orange,NJ,EE. UU.,7052.0
19092,Consumer,Oceanside,CA,EE. UU.,92057.0
16397,Consumer,Chandler,AZ,EE. UU.,85224.0
19073,Consumer,San Bernardino,CA,EE. UU.,92407.0
16468,Consumer,Brooklyn,NY,EE. UU.,11213.0
18738,Consumer,Westerville,OH,EE. UU.,43081.0
15736,Consumer,Hendersonville,TN,EE. UU.,37075.0
15700,Consumer,New York,NY,EE. UU.,10011.0
15753,Consumer,Los Angeles,CA,EE. UU.,90027.0
15879,Consumer,West Lafayette,IN,EE. UU.,47906.0
15893,Consumer,Pomona,CA,EE. UU.,91766.0
18858,Consumer,El Paso,TX,EE. UU.,79936.0
18839,Consumer,Lakewood,NJ,EE. UU.,8701.0
15748,Consumer,Forest Hills,NY,EE. UU.,11375.0
15801,Consumer,Rock Hill,SC,EE. UU.,29730.0
18748,Consumer,Las Vegas,NV,EE. UU.,89103.0
15729,Consumer,San Jose,CA,EE. UU.,95124.0
18837,Consumer,Brandon,FL,EE. UU.,33511.0
15746,Consumer,Glenview,IL,EE. UU.,60025.0
18747,Consumer,Lakewood,OH,EE. UU.,44107.0
15836,Consumer,Moreno Valley,CA,EE. UU.,92557.0
18818,Consumer,Memphis,TN,EE. UU.,38128.0
18744,Consumer,Los Angeles,CA,EE. UU.,90066.0
18815,Consumer,Las Vegas,NV,EE. UU.,89110.0
15904,Consumer,San Francisco,CA,EE. UU.,94110.0
18743,Consumer,Chicago,IL,EE. UU.,60657.0
18796,Consumer,Garden Grove,CA,EE. UU.,92843.0
15795,Consumer,Los Angeles,CA,EE. UU.,90002.0
15687,Consumer,Los Angeles,CA,EE. UU.,90033.0
15812,Consumer,Tonawanda,NY,EE. UU.,14150.0
18758,Consumer,Loveland,OH,EE. UU.,45140.0
18740,Consumer,Springfield,MO,EE. UU.,65807.0
15882,Consumer,Corona,CA,EE. UU.,92879.0
3374,Consumer,Chicago,IL,EE. UU.,60610.0
17997,Consumer,Hollywood,FL,EE. UU.,33025.0
16022,Consumer,Jersey City,NJ,EE. UU.,7305.0
20734,Consumer,Miami,FL,EE. UU.,33147.0
15931,Consumer,Winter Park,FL,EE. UU.,32792.0
17326,Consumer,Phoenix,AZ,EE. UU.,85033.0
18032,Consumer,Rego Park,NY,EE. UU.,11374.0
16075,Consumer,Tempe,AZ,EE. UU.,85282.0
17380,Consumer,West Haven,CT,EE. UU.,6516.0
8913,Consumer,Fort Lauderdale,FL,EE. UU.,33313.0
18407,Consumer,Columbia,SC,EE. UU.,29223.0
20696,Consumer,Brooklyn,NY,EE. UU.,11203.0
16092,Consumer,Philadelphia,PA,EE. UU.,19139.0
17415,Consumer,Costa Mesa,CA,EE. UU.,92627.0
20390,Consumer,Tinley Park,IL,EE. UU.,60477.0
18515,Consumer,San Bernardino,CA,EE. UU.,92410.0
20606,Consumer,Chicago,IL,EE. UU.,60630.0
20552,Consumer,Freeport,NY,EE. UU.,11520.0
17994,Consumer,Saint Paul,MN,EE. UU.,55124.0
18478,Consumer,Chicago,IL,EE. UU.,60634.0
16055,Consumer,West Haven,CT,EE. UU.,6516.0
17940,Consumer,Mount Prospect,IL,EE. UU.,60056.0
20551,Consumer,Saint Paul,MN,EE. UU.,55124.0
16036,Consumer,Moreno Valley,CA,EE. UU.,92557.0
20712,Consumer,Los Angeles,CA,EE. UU.,90023.0
18441,Consumer,Salina,KS,EE. UU.,67401.0
7055,Consumer,Pompano Beach,FL,EE. UU.,33063.0
10621,Consumer,Miami,FL,EE. UU.,33177.0
20441,Consumer,San Marcos,CA,EE. UU.,92069.0
20729,Consumer,Far Rockaway,NY,EE. UU.,11691.0
11209,Consumer,Quincy,IL,EE. UU.,62301.0
17322,Consumer,San Benito,TX,EE. UU.,78586.0
18439,Consumer,Philadelphia,PA,EE. UU.,19148.0
18511,Consumer,Wyoming,MI,EE. UU.,49509.0
17715,Consumer,La Crosse,WI,EE. UU.,54601.0
17697,Consumer,Sun Valley,CA,EE. UU.,91352.0
17696,Consumer,Los Angeles,CA,EE. UU.,90033.0
18473,Consumer,West Lafayette,IN,EE. UU.,47906.0
17989,Consumer,Chicago,IL,EE. UU.,60608.0
15996,Consumer,Sandusky,OH,EE. UU.,44870.0
16014,Consumer,Fort Lauderdale,FL,EE. UU.,33324.0
20672,Consumer,Danbury,CT,EE. UU.,6810.0
20420,Consumer,Irvington,NJ,EE. UU.,7111.0
16067,Consumer,Laredo,TX,EE. UU.,78040.0
20743,Consumer,Annandale,VA,EE. UU.,22003.0
663,Consumer,Pacoima,CA,EE. UU.,91331.0
20418,Consumer,Quincy,IL,EE. UU.,62301.0
20580,Consumer,Austin,TX,EE. UU.,78704.0
17443,Consumer,Virginia Beach,VA,EE. UU.,23454.0
17712,Consumer,Roseburg,OR,EE. UU.,97470.0
18363,Consumer,East Lansing,MI,EE. UU.,48823.0
20490,Consumer,Madison,WI,EE. UU.,53704.0
18327,Consumer,Moreno Valley,CA,EE. UU.,92553.0
18489,Consumer,Chicago,IL,EE. UU.,60616.0
18005,Consumer,Tempe,AZ,EE. UU.,85282.0
20436,Consumer,Florissant,MO,EE. UU.,63033.0
18470,Consumer,Salinas,CA,EE. UU.,93905.0
16065,Consumer,North Tonawanda,NY,EE. UU.,14120.0
17352,Consumer,Walnut,CA,EE. UU.,91789.0
18524,Consumer,Montebello,CA,EE. UU.,90640.0
20381,Consumer,West Orange,NJ,EE. UU.,7052.0
20615,Consumer,Dallas,TX,EE. UU.,75227.0
16028,Consumer,Richmond,KY,EE. UU.,40475.0
20488,Consumer,Winnetka,CA,EE. UU.,91306.0
17261,Consumer,Florissant,MO,EE. UU.,63033.0
17333,Consumer,Chicago,IL,EE. UU.,60615.0
17638,Consumer,Philadelphia,PA,EE. UU.,19131.0
16064,Consumer,Elgin,IL,EE. UU.,60120.0
17423,Consumer,Hesperia,CA,EE. UU.,92345.0
7734,Consumer,Simi Valley,CA,EE. UU.,93063.0
1071,Consumer,Chicago,IL,EE. UU.,60623.0
17332,Consumer,Bakersfield,CA,EE. UU.,93306.0
18342,Consumer,Forest Hills,NY,EE. UU.,11375.0
20595,Consumer,Florissant,MO,EE. UU.,63031.0
20433,Consumer,Memphis,TN,EE. UU.,38118.0
20487,Consumer,New York,NY,EE. UU.,10029.0
15936,Consumer,Escondido,CA,EE. UU.,92027.0
18287,Consumer,Columbia,SC,EE. UU.,29223.0
16008,Consumer,La Crosse,WI,EE. UU.,54601.0
17493,Consumer,Sheboygan,WI,EE. UU.,53081.0
17312,Consumer,West Covina,CA,EE. UU.,91790.0
17258,Consumer,Aurora,CO,EE. UU.,80015.0
16024,Consumer,La Mesa,CA,EE. UU.,91941.0
20394,Consumer,New Haven,CT,EE. UU.,6511.0
20412,Consumer,Houston,TX,EE. UU.,77081.0
20574,Consumer,Ogden,UT,EE. UU.,84404.0
20754,Consumer,Plainfield,IL,EE. UU.,60544.0
16059,Consumer,Bayonne,NJ,EE. UU.,7002.0
3888,Consumer,Miami,FL,EE. UU.,33162.0
18338,Consumer,Annandale,VA,EE. UU.,22003.0
18374,Consumer,Virginia Beach,VA,EE. UU.,23455.0
18428,Consumer,Plano,TX,EE. UU.,75093.0
16077,Consumer,Miami,FL,EE. UU.,33162.0
15933,Consumer,New York,NY,EE. UU.,10016.0
17400,Consumer,Poway,CA,EE. UU.,92064.0
20537,Consumer,Richmond,IN,EE. UU.,47374.0
15629,Consumer,Westland,MI,EE. UU.,48185.0
18736,Consumer,Columbus,OH,EE. UU.,43230.0
15592,Consumer,Virginia Beach,VA,EE. UU.,23454.0
15340,Consumer,Mesa,AZ,EE. UU.,85201.0
15357,Consumer,Chicago,IL,EE. UU.,60624.0
18717,Consumer,Philadelphia,PA,EE. UU.,19145.0
15392,Consumer,Brooklyn,NY,EE. UU.,11235.0
15517,Consumer,Columbus,OH,EE. UU.,43230.0
18714,Consumer,Dallas,TX,EE. UU.,75220.0
15623,Consumer,Jersey City,NJ,EE. UU.,7305.0
15389,Consumer,Albany,OR,EE. UU.,97321.0
15461,Consumer,Mission,TX,EE. UU.,78572.0
18730,Consumer,Las Vegas,NV,EE. UU.,89121.0
15459,Consumer,Long Beach,CA,EE. UU.,90804.0
15314,Consumer,Union,NJ,EE. UU.,7083.0
15494,Consumer,El Centro,CA,EE. UU.,92243.0
15672,Consumer,Hollister,CA,EE. UU.,95023.0
15402,Consumer,Lewisville,TX,EE. UU.,75067.0
15348,Consumer,Simi Valley,CA,EE. UU.,93063.0
15437,Consumer,Compton,CA,EE. UU.,90221.0
15545,Consumer,Fort Worth,TX,EE. UU.,76133.0
15542,Consumer,Las Cruces,NM,EE. UU.,88005.0
15398,Consumer,Jackson Heights,NY,EE. UU.,11372.0
18686,Consumer,Philadelphia,PA,EE. UU.,19139.0
15667,Consumer,Mechanicsburg,PA,EE. UU.,17055.0
7637,Consumer,Mesquite,TX,EE. UU.,75149.0
1401,Consumer,Lawton,OK,EE. UU.,73505.0
10328,Consumer,Dallas,TX,EE. UU.,75243.0
6541,Consumer,Brentwood,NY,EE. UU.,11717.0
17605,Consumer,Pomona,CA,EE. UU.,91767.0
17566,Consumer,Los Angeles,CA,EE. UU.,90044.0
17601,Consumer,Mount Pleasant,MI,EE. UU.,48858.0
17583,Consumer,Ontario,CA,EE. UU.,91764.0
18894,Consumer,Laredo,TX,EE. UU.,78040.0
17802,Consumer,San Bernardino,CA,EE. UU.,92410.0
20171,Consumer,Houston,TX,EE. UU.,77015.0
18630,Consumer,Moreno Valley,CA,EE. UU.,92557.0
16260,Consumer,Salt Lake City,UT,EE. UU.,84118.0
17245,Consumer,Hayward,CA,EE. UU.,94544.0
17837,Consumer,Brooklyn,NY,EE. UU.,11206.0
20170,Consumer,Jackson Heights,NY,EE. UU.,11372.0
17872,Consumer,Chino Hills,CA,EE. UU.,91709.0
18610,Consumer,Palatine,IL,EE. UU.,60067.0
18910,Consumer,Bakersfield,CA,EE. UU.,93307.0
20133,Consumer,West New York,NJ,EE. UU.,7093.0
19917,Consumer,Garden Grove,CA,EE. UU.,92843.0
15158,Consumer,Newark,DE,EE. UU.,19702.0
16168,Consumer,Norcross,GA,EE. UU.,30093.0
17225,Consumer,Dallas,TX,EE. UU.,75228.0
17835,Consumer,Houston,TX,EE. UU.,77093.0
18573,Consumer,Reseda,CA,EE. UU.,91335.0
17188,Consumer,Fontana,CA,EE. UU.,92336.0
19035,Consumer,Quincy,MA,EE. UU.,2169.0
20186,Consumer,Riverside,CA,EE. UU.,92504.0
19988,Consumer,Tampa,FL,EE. UU.,33614.0
18608,Consumer,Fort Lauderdale,FL,EE. UU.,33324.0
16364,Consumer,New York,NY,EE. UU.,10016.0
20041,Consumer,Portland,OR,EE. UU.,97223.0
19879,Consumer,Carrollton,TX,EE. UU.,75007.0
15264,Consumer,Fountain Valley,CA,EE. UU.,92708.0
17187,Consumer,Tustin,CA,EE. UU.,92780.0
17205,Consumer,Austin,TX,EE. UU.,78704.0
16147,Consumer,Fort Worth,TX,EE. UU.,76116.0
17114,Consumer,Compton,CA,EE. UU.,90221.0
18535,Consumer,Chicago,IL,EE. UU.,60647.0
17096,Consumer,Brooklyn,NY,EE. UU.,11229.0
15281,Consumer,Aurora,CO,EE. UU.,80012.0
16291,Consumer,New York,NY,EE. UU.,10023.0
20040,Consumer,San Francisco,CA,EE. UU.,94110.0
20130,Consumer,Kaneohe,HI,EE. UU.,96744.0
19823,Consumer,Fremont,CA,EE. UU.,94538.0
17221,Consumer,Watsonville,CA,EE. UU.,95076.0
15244,Consumer,Memphis,TN,EE. UU.,38111.0
16271,Consumer,Fremont,CA,EE. UU.,94538.0
16109,Consumer,Bell Gardens,CA,EE. UU.,90201.0
18959,Consumer,Methuen,MA,EE. UU.,1844.0
19930,Consumer,Roswell,GA,EE. UU.,30075.0
18605,Consumer,Fort Lauderdale,FL,EE. UU.,33312.0
19876,Consumer,Pico Rivera,CA,EE. UU.,90660.0
20038,Consumer,Lancaster,OH,EE. UU.,43130.0
17219,Consumer,Elmhurst,IL,EE. UU.,60126.0
17776,Consumer,Dearborn,MI,EE. UU.,48126.0
16378,Consumer,Los Angeles,CA,EE. UU.,90003.0
16198,Consumer,West New York,NJ,EE. UU.,7093.0
20307,Consumer,Tucson,AZ,EE. UU.,85705.0
19983,Consumer,Columbus,OH,EE. UU.,43207.0
20343,Consumer,Canton,MI,EE. UU.,48187.0
20162,Consumer,New York,NY,EE. UU.,10033.0
19892,Consumer,Denton,TX,EE. UU.,76201.0
20198,Consumer,Ann Arbor,MI,EE. UU.,48103.0
19029,Consumer,Bronx,NY,EE. UU.,10472.0
20216,Consumer,Holland,MI,EE. UU.,49423.0
17774,Consumer,Algonquin,IL,EE. UU.,60102.0
18602,Consumer,La Crosse,WI,EE. UU.,54601.0
17127,Consumer,Atlanta,GA,EE. UU.,30318.0
20287,Consumer,Saint Peters,MO,EE. UU.,63376.0
17073,Consumer,Medina,OH,EE. UU.,44256.0
18991,Consumer,Chandler,AZ,EE. UU.,85224.0
20160,Consumer,Fairfield,OH,EE. UU.,45014.0
16357,Consumer,East Lansing,MI,EE. UU.,48823.0
16375,Consumer,North Las Vegas,NV,EE. UU.,89030.0
19027,Consumer,Brooklyn,NY,EE. UU.,11218.0
17790,Consumer,Santa Ana,CA,EE. UU.,92703.0
17071,Consumer,Saint Paul,MN,EE. UU.,55124.0
17808,Consumer,Chicago,IL,EE. UU.,60622.0
19781,Consumer,Jacksonville,FL,EE. UU.,32225.0
20285,Consumer,Amarillo,TX,EE. UU.,79109.0
17880,Consumer,New York,NY,EE. UU.,10128.0
20213,Consumer,Detroit,MI,EE. UU.,48235.0
16193,Consumer,Rosemead,CA,EE. UU.,91770.0
20158,Consumer,Newark,DE,EE. UU.,19702.0
16211,Consumer,Mentor,OH,EE. UU.,44060.0
20176,Consumer,Oceanside,CA,EE. UU.,92057.0
19978,Consumer,Endicott,NY,EE. UU.,13760.0
19852,Consumer,Plano,TX,EE. UU.,75093.0
17842,Consumer,Raleigh,NC,EE. UU.,27606.0
19779,Consumer,Tempe,AZ,EE. UU.,85283.0
19941,Consumer,Modesto,CA,EE. UU.,95351.0
20193,Consumer,Plainfield,NJ,EE. UU.,7060.0
16282,Consumer,Ontario,CA,EE. UU.,91764.0
20121,Consumer,Meridian,ID,EE. UU.,83642.0
20229,Consumer,Waukegan,IL,EE. UU.,60085.0
17069,Consumer,Brentwood,NY,EE. UU.,11717.0
17877,Consumer,Tonawanda,NY,EE. UU.,14150.0
15199,Consumer,Mesa,AZ,EE. UU.,85201.0
20246,Consumer,Elmhurst,NY,EE. UU.,11373.0
19886,Consumer,Tracy,CA,EE. UU.,95376.0
17768,Consumer,Phoenix,AZ,EE. UU.,85008.0
16208,Consumer,Brooklyn,NY,EE. UU.,11229.0
20173,Consumer,Anaheim,CA,EE. UU.,92802.0
18596,Consumer,Chicago,IL,EE. UU.,60640.0
17786,Consumer,Bakersfield,CA,EE. UU.,93304.0
15162,Consumer,Annapolis,MD,EE. UU.,21401.0
20244,Consumer,Phoenix,AZ,EE. UU.,85029.0
19938,Consumer,Richmond,TX,EE. UU.,77469.0
17246,Consumer,Fremont,CA,EE. UU.,94539.0
17228,Consumer,Fort Lauderdale,FL,EE. UU.,33312.0
18259,Consumer,Van Nuys,CA,EE. UU.,91406.0
19085,Consumer,Levittown,NY,EE. UU.,11756.0
19228,Consumer,Los Angeles,CA,EE. UU.,90011.0
19225,Consumer,Dallas,TX,EE. UU.,75243.0
18841,Consumer,Lancaster,CA,EE. UU.,93536.0
15711,Consumer,Fremont,CA,EE. UU.,94539.0
15909,Consumer,Hialeah,FL,EE. UU.,33015.0
20572,Consumer,Quincy,MA,EE. UU.,2169.0
20570,Consumer,Metairie,LA,EE. UU.,70003.0
18315,Consumer,Bronx,NY,EE. UU.,10472.0
17644,Consumer,Lawrenceville,GA,EE. UU.,30044.0
15960,Consumer,Lawrenceville,GA,EE. UU.,30043.0
18025,Consumer,Saint Paul,MN,EE. UU.,55106.0
17408,Consumer,Irwin,PA,EE. UU.,15642.0
17916,Consumer,Yuma,AZ,EE. UU.,85364.0
17388,Consumer,Rio Rancho,NM,EE. UU.,87124.0
17729,Consumer,Fairfield,OH,EE. UU.,45014.0
17368,Consumer,Lindenhurst,NY,EE. UU.,11757.0
2098,Consumer,Raleigh,NC,EE. UU.,27606.0
16062,Consumer,Oceanside,CA,EE. UU.,92056.0
18340,Consumer,Glenview,IL,EE. UU.,60025.0
20430,Consumer,West Covina,CA,EE. UU.,91790.0
17999,Consumer,Cicero,IL,EE. UU.,60804.0
20609,Consumer,Hayward,CA,EE. UU.,94544.0
15662,Consumer,Memphis,TN,EE. UU.,38118.0
15641,Consumer,Fort Worth,TX,EE. UU.,76106.0
15297,Consumer,Honolulu,HI,EE. UU.,96816.0
15577,Consumer,Massapequa,NY,EE. UU.,11758.0
17621,Consumer,Dallas,TX,EE. UU.,75231.0
15178,Consumer,Henderson,NV,EE. UU.,89015.0
16294,Consumer,Newark,OH,EE. UU.,43055.0
17152,Consumer,Victorville,CA,EE. UU.,92392.0
16275,Consumer,Mechanicsburg,PA,EE. UU.,17055.0
17115,Consumer,Los Angeles,CA,EE. UU.,90033.0
18607,Consumer,Chicago,IL,EE. UU.,60649.0
16273,Consumer,Aurora,CO,EE. UU.,80010.0
20291,Consumer,Los Angeles,CA,EE. UU.,90003.0
20308,Consumer,Peabody,MA,EE. UU.,1960.0
17813,Consumer,Middletown,OH,EE. UU.,45044.0
20325,Consumer,Saint Paul,MN,EE. UU.,55112.0
18549,Consumer,San Antonio,TX,EE. UU.,78240.0
20215,Consumer,Pacoima,CA,EE. UU.,91331.0
20124,Consumer,Spring Valley,CA,EE. UU.,91977.0
16374,Consumer,Albuquerque,NM,EE. UU.,87105.0
20105,Consumer,Fremont,CA,EE. UU.,94538.0
16247,Consumer,Lancaster,CA,EE. UU.,93536.0
19959,Consumer,Atlanta,GA,EE. UU.,30331.0
20066,Consumer,La Habra,CA,EE. UU.,90631.0
15143,Consumer,Chicago,IL,EE. UU.,60626.0
19884,Consumer,Placentia,CA,EE. UU.,92870.0
4570,Consumer,San Jose,CA,EE. UU.,95122.0
2006,Consumer,Broken Arrow,OK,EE. UU.,74012.0
11704,Consumer,Katy,TX,EE. UU.,77450.0
12304,Consumer,Pasadena,MD,EE. UU.,21122.0
11335,Consumer,Tempe,AZ,EE. UU.,85281.0
8735,Consumer,Muskegon,MI,EE. UU.,49442.0
11996,Consumer,Westland,MI,EE. UU.,48185.0
6884,Consumer,Peabody,MA,EE. UU.,1960.0
2732,Consumer,Chicago,IL,EE. UU.,60623.0
1939,Consumer,Tracy,CA,EE. UU.,95376.0
9203,Consumer,Passaic,NJ,EE. UU.,7055.0
2639,Consumer,Los Angeles,CA,EE. UU.,90007.0
9796,Home Office,Bountiful,UT,EE. UU.,84010.0
2282,Home Office,West Covina,CA,EE. UU.,91790.0
5864,Home Office,Newburgh,NY,EE. UU.,12550.0
692,Home Office,Phoenix,AZ,EE. UU.,85029.0
10143,Home Office,Freeport,NY,EE. UU.,11520.0
13436,Home Office,Freeport,NY,EE. UU.,11520.0
13220,Home Office,Los Angeles,CA,EE. UU.,90024.0
13469,Home Office,Miami,FL,EE. UU.,33157.0
13467,Home Office,Cypress,CA,EE. UU.,90630.0
14569,Home Office,Brooklyn,NY,EE. UU.,11203.0
13213,Home Office,Los Angeles,CA,EE. UU.,90023.0
12991,Home Office,Compton,CA,EE. UU.,90220.0
13171,Home Office,Saint Peters,MO,EE. UU.,63376.0
13189,Home Office,New York,NY,EE. UU.,10033.0
5800,Home Office,Crown Point,IN,EE. UU.,46307.0
395,Home Office,Revere,MA,EE. UU.,2151.0
14818,Home Office,Bronx,NY,EE. UU.,10463.0
2644,Home Office,Brooklyn,NY,EE. UU.,11218.0
8267,Home Office,Brighton,MA,EE. UU.,2135.0
14025,Home Office,Cleveland,OH,EE. UU.,44102.0
4632,Home Office,Virginia Beach,VA,EE. UU.,23455.0
7084,Home Office,Porterville,CA,EE. UU.,93257.0
1280,Home Office,San Diego,CA,EE. UU.,92114.0
526,Home Office,Brownsville,TX,EE. UU.,78521.0
11384,Home Office,Vacaville,CA,EE. UU.,95687.0
12685,Home Office,Portland,OR,EE. UU.,97206.0
12687,Home Office,Saint Paul,MN,EE. UU.,55112.0
12954,Home Office,Cerritos,CA,EE. UU.,90703.0
14933,Home Office,Mesquite,TX,EE. UU.,75150.0
15017,Home Office,Newburgh,NY,EE. UU.,12550.0
14202,Home Office,Denver,CO,EE. UU.,80219.0
5872,Home Office,Woonsocket,RI,EE. UU.,2895.0
13668,Home Office,Peoria,AZ,EE. UU.,85345.0
8857,Home Office,Hawthorne,CA,EE. UU.,90250.0
7877,Home Office,Chicago,IL,EE. UU.,60616.0
11858,Home Office,North Hills,CA,EE. UU.,91343.0
8648,Home Office,Visalia,CA,EE. UU.,93277.0
7594,Home Office,Wilkes Barre,PA,EE. UU.,18702.0
6973,Home Office,Chula Vista,CA,EE. UU.,91910.0
1269,Home Office,Santa Ana,CA,EE. UU.,92701.0
11162,Home Office,Frankfort,KY,EE. UU.,40601.0
4352,Home Office,Memphis,TN,EE. UU.,38127.0
375,Home Office,Dallas,TX,EE. UU.,75220.0
5109,Home Office,San Jose,CA,EE. UU.,95124.0
3792,Home Office,Garden Grove,CA,EE. UU.,92843.0
17897,Home Office,Van Nuys,CA,EE. UU.,91405.0
18217,Home Office,Jersey City,NJ,EE. UU.,7305.0
16445,Home Office,Elgin,IL,EE. UU.,60120.0
16472,Home Office,Granite City,IL,EE. UU.,62040.0
16578,Home Office,Wheaton,IL,EE. UU.,60187.0
15772,Home Office,Brooklyn,NY,EE. UU.,11209.0
15693,Home Office,Columbia,SC,EE. UU.,29223.0
15798,Home Office,Denver,CO,EE. UU.,80219.0
18834,Home Office,Hagerstown,MD,EE. UU.,21740.0
20500,Home Office,Lawrence,MA,EE. UU.,1841.0
17381,Home Office,Houston,TX,EE. UU.,77088.0
20643,Home Office,Tucson,AZ,EE. UU.,85705.0
20586,Home Office,Merced,CA,EE. UU.,95340.0
17956,Home Office,Levittown,NY,EE. UU.,11756.0
18870,Home Office,Salinas,CA,EE. UU.,93906.0
17932,Home Office,Loveland,OH,EE. UU.,45140.0
18886,Home Office,Laredo,TX,EE. UU.,78040.0
9464,Home Office,Pekin,IL,EE. UU.,61554.0
5424,Home Office,Vista,CA,EE. UU.,92083.0
18305,Home Office,Fremont,CA,EE. UU.,94539.0
18286,Home Office,Newark,DE,EE. UU.,19711.0
20485,Home Office,Bridgeton,NJ,EE. UU.,8302.0
20484,Home Office,Middletown,OH,EE. UU.,45044.0
15504,Home Office,Lansdale,PA,EE. UU.,19446.0
10856,Home Office,Toms River,NJ,EE. UU.,8753.0
16367,Home Office,Chicago,IL,EE. UU.,60613.0
20062,Home Office,Hialeah,FL,EE. UU.,33010.0
16365,Home Office,Methuen,MA,EE. UU.,1844.0
19772,Home Office,Salinas,CA,EE. UU.,93906.0
15210,Home Office,Lockport,IL,EE. UU.,60441.0
20089,Home Office,Costa Mesa,CA,EE. UU.,92627.0
20155,Home Office,Fresno,CA,EE. UU.,93722.0
18791,Home Office,Hayward,CA,EE. UU.,94541.0
15816,Home Office,Detroit,MI,EE. UU.,48224.0
15797,Home Office,San Diego,CA,EE. UU.,92105.0
8310,Home Office,Fargo,ND,EE. UU.,58103.0
17722,Home Office,Pharr,TX,EE. UU.,78577.0
6765,Home Office,Silver Spring,MD,EE. UU.,20906.0
5840,Home Office,Los Angeles,CA,EE. UU.,90024.0
15168,Home Office,Chicago,IL,EE. UU.,60623.0
4903,Home Office,Silver Spring,MD,EE. UU.,20904.0
9712,Home Office,Vacaville,CA,EE. UU.,95687.0
11506,Home Office,South El Monte,CA,EE. UU.,91733.0
7714,Home Office,Houston,TX,EE. UU.,77015.0
1884,Home Office,Pacoima,CA,EE. UU.,91331.0
3606,Home Office,New York,NY,EE. UU.,10033.0
9719,Home Office,Smyrna,GA,EE. UU.,30080.0
9829,Home Office,Greensboro,NC,EE. UU.,27410.0
6993,Home Office,Bakersfield,CA,EE. UU.,93304.0
7397,Home Office,Jersey City,NJ,EE. UU.,7306.0
6945,Home Office,Richmond,TX,EE. UU.,77469.0
3254,Home Office,Stockton,CA,EE. UU.,95206.0
5843,Home Office,York,PA,EE. UU.,17402.0
130,Home Office,Aurora,IL,EE. UU.,60504.0
6170,Home Office,Baltimore,MD,EE. UU.,21218.0
2945,Home Office,Tucson,AZ,EE. UU.,85713.0
14255,Home Office,Albuquerque,NM,EE. UU.,87120.0
14443,Home Office,Warren,MI,EE. UU.,48093.0
5452,Home Office,Santa Cruz,CA,EE. UU.,95060.0
13955,Home Office,San Diego,CA,EE. UU.,92102.0
2399,Home Office,Hyattsville,MD,EE. UU.,20783.0
5062,Home Office,South El Monte,CA,EE. UU.,91733.0
12606,Home Office,Broomfield,CO,EE. UU.,80020.0
12671,Home Office,Piscataway,NJ,EE. UU.,8854.0
13705,Home Office,Santa Ana,CA,EE. UU.,92701.0
13703,Home Office,Florissant,MO,EE. UU.,63033.0
11006,Home Office,Mililani,HI,EE. UU.,96789.0
11082,Home Office,Moreno Valley,CA,EE. UU.,92557.0
1766,Home Office,Denver,CO,EE. UU.,80219.0
16537,Home Office,Yonkers,NY,EE. UU.,10701.0
19275,Home Office,Columbia,TN,EE. UU.,38401.0
15726,Home Office,San Jose,CA,EE. UU.,95148.0
17450,Home Office,Weslaco,TX,EE. UU.,78596.0
12070,Home Office,Endicott,NY,EE. UU.,13760.0
18385,Home Office,New Orleans,LA,EE. UU.,70122.0
17661,Home Office,Ithaca,NY,EE. UU.,14850.0
17660,Home Office,Chicago,IL,EE. UU.,60625.0
18862,Home Office,Aurora,IL,EE. UU.,60506.0
15421,Home Office,Hampton,VA,EE. UU.,23666.0
11521,Home Office,Goose Creek,SC,EE. UU.,29445.0
16383,Home Office,Wichita,KS,EE. UU.,67212.0
17832,Home Office,Cleveland,OH,EE. UU.,44109.0
20091,Home Office,Ventura,CA,EE. UU.,93003.0
20090,Home Office,Wilmington,CA,EE. UU.,90744.0
17861,Home Office,Los Angeles,CA,EE. UU.,90063.0
20582,Home Office,Colorado Springs,CO,EE. UU.,80906.0
7308,Home Office,Columbus,OH,EE. UU.,43230.0
9791,Home Office,Indianapolis,IN,EE. UU.,46226.0
7467,Home Office,Levittown,NY,EE. UU.,11756.0
632,Home Office,Grand Prairie,TX,EE. UU.,75052.0
8970,Home Office,Phoenix,AZ,EE. UU.,85035.0
9183,Home Office,Pekin,IL,EE. UU.,61554.0
14095,Home Office,Weslaco,TX,EE. UU.,78596.0
13077,Home Office,Plainfield,NJ,EE. UU.,7060.0
12968,Home Office,Sugar Land,TX,EE. UU.,77479.0
14625,Home Office,Elmhurst,IL,EE. UU.,60126.0
13534,Home Office,Columbia,TN,EE. UU.,38401.0
13533,Home Office,Hagerstown,MD,EE. UU.,21740.0
6619,Home Office,San Diego,CA,EE. UU.,92115.0
1678,Home Office,West Chester,PA,EE. UU.,19380.0
5580,Home Office,Moreno Valley,CA,EE. UU.,92557.0
9299,Home Office,South Ozone Park,NY,EE. UU.,11420.0
10656,Home Office,Philadelphia,PA,EE. UU.,19143.0
1645,Home Office,New York,NY,EE. UU.,10009.0
7520,Home Office,Catonsville,MD,EE. UU.,21228.0
11366,Home Office,Los Angeles,CA,EE. UU.,90007.0
5557,Home Office,Lake Forest,CA,EE. UU.,92630.0
4441,Home Office,Rancho Cordova,CA,EE. UU.,95670.0
9751,Home Office,Chicago,IL,EE. UU.,60624.0
12614,Home Office,Waukegan,IL,EE. UU.,60085.0
12609,Home Office,Lombard,IL,EE. UU.,60148.0
12500,Home Office,Chicago,IL,EE. UU.,60647.0
12570,Home Office,Brooklyn,NY,EE. UU.,11224.0
12903,Home Office,Modesto,CA,EE. UU.,95350.0
15064,Home Office,Rancho Cordova,CA,EE. UU.,95670.0
15021,Home Office,Brooklyn,NY,EE. UU.,11210.0
15057,Home Office,Philadelphia,PA,EE. UU.,19143.0
14446,Home Office,San Antonio,TX,EE. UU.,78240.0
13072,Home Office,Long Beach,CA,EE. UU.,90806.0
14306,Home Office,Amarillo,TX,EE. UU.,79109.0
14442,Home Office,Broken Arrow,OK,EE. UU.,74012.0
6121,Home Office,Beloit,WI,EE. UU.,53511.0
5140,Home Office,Morristown,NJ,EE. UU.,7960.0
5281,Home Office,Chicago,IL,EE. UU.,60619.0
5106,Home Office,Atlanta,GA,EE. UU.,30318.0
3253,Home Office,Laguna Niguel,CA,EE. UU.,92677.0
2358,Home Office,Rio Rancho,NM,EE. UU.,87124.0
2491,Home Office,Pico Rivera,CA,EE. UU.,90660.0
9028,Home Office,Orlando,FL,EE. UU.,32825.0
8646,Home Office,Piscataway,NJ,EE. UU.,8854.0
8248,Home Office,Wyandotte,MI,EE. UU.,48192.0
18055,Home Office,Mission,TX,EE. UU.,78572.0
18176,Home Office,Opa Locka,FL,EE. UU.,33055.0
16424,Home Office,Ballwin,MO,EE. UU.,63021.0
16603,Home Office,Malden,MA,EE. UU.,2148.0
15876,Home Office,Salinas,CA,EE. UU.,93905.0
2877,Home Office,Toms River,NJ,EE. UU.,8753.0
20588,Home Office,Miami,FL,EE. UU.,33155.0
20749,Home Office,Houston,TX,EE. UU.,77083.0
17396,Home Office,Lakewood,OH,EE. UU.,44107.0
17287,Home Office,Milwaukee,WI,EE. UU.,53215.0
17286,Home Office,San Jose,CA,EE. UU.,95122.0
18422,Home Office,Los Angeles,CA,EE. UU.,90032.0
6803,Home Office,Louisville,KY,EE. UU.,40214.0
17482,Home Office,Santa Fe,NM,EE. UU.,87505.0
18419,Home Office,Pittsfield,MA,EE. UU.,1201.0
2880,Home Office,San Antonio,TX,EE. UU.,78240.0
20562,Home Office,Walnut,CA,EE. UU.,91789.0
4142,Home Office,Wheaton,IL,EE. UU.,60187.0
5593,Home Office,Washington,DC,EE. UU.,20002.0
20467,Home Office,Broken Arrow,OK,EE. UU.,74012.0
374,Home Office,Mesa,AZ,EE. UU.,85204.0
18304,Home Office,Des Plaines,IL,EE. UU.,60016.0
17419,Home Office,Memphis,TN,EE. UU.,38111.0
20520,Home Office,Cleveland,OH,EE. UU.,44130.0
18653,Home Office,Bayonne,NJ,EE. UU.,7002.0
18652,Home Office,Brooklyn,NY,EE. UU.,11204.0
18650,Home Office,Aurora,CO,EE. UU.,80012.0
12025,Home Office,San Diego,CA,EE. UU.,92111.0
17611,Home Office,Newburgh,NY,EE. UU.,12550.0
17538,Home Office,Ann Arbor,MI,EE. UU.,48103.0
17536,Home Office,Compton,CA,EE. UU.,90220.0
20242,Home Office,Salt Lake City,UT,EE. UU.,84118.0
16331,Home Office,Brooklyn,NY,EE. UU.,11208.0
18928,Home Office,Martinsburg,WV,EE. UU.,25401.0
16276,Home Office,Salinas,CA,EE. UU.,93906.0
20294,Home Office,Santa Maria,CA,EE. UU.,93458.0
16347,Home Office,El Paso,TX,EE. UU.,79936.0
19801,Home Office,Portland,OR,EE. UU.,97206.0
18901,Home Office,Joliet,IL,EE. UU.,60435.0
17195,Home Office,Louisville,KY,EE. UU.,40214.0
16370,Home Office,Algonquin,IL,EE. UU.,60102.0
16171,Home Office,El Centro,CA,EE. UU.,92243.0
19057,Home Office,San Francisco,CA,EE. UU.,94122.0
5842,Home Office,San Jose,CA,EE. UU.,95125.0
20240,Home Office,Houston,TX,EE. UU.,77081.0
16128,Home Office,Los Angeles,CA,EE. UU.,90034.0
16215,Home Office,Madera,CA,EE. UU.,93638.0
3218,Home Office,Staten Island,NY,EE. UU.,10306.0
9795,Home Office,Brooklyn,NY,EE. UU.,11221.0
1129,Home Office,San Diego,CA,EE. UU.,92104.0
10221,Home Office,New York,NY,EE. UU.,10025.0
12241,Home Office,Santa Cruz,CA,EE. UU.,95060.0
8884,Home Office,Philadelphia,PA,EE. UU.,19134.0
3215,Home Office,El Paso,TX,EE. UU.,79936.0
3094,Home Office,San Jose,CA,EE. UU.,95127.0
6631,Home Office,Catonsville,MD,EE. UU.,21228.0
7889,Home Office,Kaneohe,HI,EE. UU.,96744.0
1361,Home Office,San Francisco,CA,EE. UU.,94109.0
10286,Home Office,Laredo,TX,EE. UU.,78046.0
605,Home Office,Brooklyn,NY,EE. UU.,11236.0
9027,Home Office,Denver,CO,EE. UU.,80231.0
11249,Home Office,Provo,UT,EE. UU.,84604.0
8825,Home Office,Hialeah,FL,EE. UU.,33015.0
4634,Home Office,San Diego,CA,EE. UU.,92117.0
3835,Home Office,Fremont,CA,EE. UU.,94538.0
12222,Home Office,Wyandotte,MI,EE. UU.,48192.0
81,Home Office,Ithaca,NY,EE. UU.,14850.0
1068,Home Office,Bristol,CT,EE. UU.,6010.0
12202,Home Office,Philadelphia,PA,EE. UU.,19104.0
661,Home Office,Detroit,MI,EE. UU.,48235.0
6606,Home Office,Palmdale,CA,EE. UU.,93550.0
6932,Home Office,Brooklyn,NY,EE. UU.,11236.0
13167,Home Office,Lilburn,GA,EE. UU.,30047.0
13149,Home Office,Moreno Valley,CA,EE. UU.,92557.0
14059,Home Office,Strongsville,OH,EE. UU.,44136.0
14365,Home Office,San Antonio,TX,EE. UU.,78227.0
12986,Home Office,Lancaster,PA,EE. UU.,17601.0
14291,Home Office,Santa Cruz,CA,EE. UU.,95060.0
14147,Home Office,Salem,OR,EE. UU.,97301.0
13217,Home Office,Miami,FL,EE. UU.,33165.0
14378,Home Office,Honolulu,HI,EE. UU.,96818.0
14533,Home Office,Atlanta,GA,EE. UU.,30318.0
13034,Home Office,Paramount,CA,EE. UU.,90723.0
14358,Home Office,New Albany,IN,EE. UU.,47150.0
13230,Home Office,Orlando,FL,EE. UU.,32825.0
14549,Home Office,Harvey,IL,EE. UU.,60426.0
13229,Home Office,San Antonio,TX,EE. UU.,78228.0
14300,Home Office,Chicago,IL,EE. UU.,60647.0
13209,Home Office,Saint Paul,MN,EE. UU.,55112.0
13371,Home Office,New York,NY,EE. UU.,10029.0
14172,Home Office,Tempe,AZ,EE. UU.,85283.0
14670,Home Office,Chicago,IL,EE. UU.,60640.0
13261,Home Office,Aurora,CO,EE. UU.,80010.0
14171,Home Office,Carlisle,PA,EE. UU.,17013.0
14598,Home Office,Decatur,GA,EE. UU.,30032.0
14544,Home Office,Elgin,IL,EE. UU.,60123.0
14542,Home Office,Aurora,CO,EE. UU.,80010.0
13573,Home Office,Holland,MI,EE. UU.,49423.0
14877,Home Office,Jacksonville,NC,EE. UU.,28540.0
14822,Home Office,San Bernardino,CA,EE. UU.,92404.0
13641,Home Office,Miami,FL,EE. UU.,33126.0
10072,Home Office,Denver,CO,EE. UU.,80231.0
13640,Home Office,Berwyn,IL,EE. UU.,60402.0
14054,Home Office,Philadelphia,PA,EE. UU.,19139.0
6943,Home Office,Opelousas,LA,EE. UU.,70570.0
13638,Home Office,Plainfield,IL,EE. UU.,60544.0
12139,Home Office,Brooklyn,NY,EE. UU.,11237.0
14050,Home Office,San Diego,CA,EE. UU.,92117.0
11613,Home Office,Sacramento,CA,EE. UU.,95828.0
4032,Home Office,Brooklyn,NY,EE. UU.,11213.0
13632,Home Office,Bronx,NY,EE. UU.,10457.0
9961,Home Office,Carson,CA,EE. UU.,90745.0
5150,Home Office,Raleigh,NC,EE. UU.,27606.0
13972,Home Office,Fountain Valley,CA,EE. UU.,92708.0
13881,Home Office,San Diego,CA,EE. UU.,92115.0
2983,Home Office,Chillicothe,OH,EE. UU.,45601.0
13772,Home Office,San Diego,CA,EE. UU.,92111.0
14006,Home Office,Los Angeles,CA,EE. UU.,90057.0
5008,Home Office,Lenoir,NC,EE. UU.,28645.0
60,Home Office,Webster,NY,EE. UU.,14580.0
7225,Home Office,Miami,FL,EE. UU.,33147.0
9147,Home Office,Philadelphia,PA,EE. UU.,19145.0
3264,Home Office,New York,NY,EE. UU.,10011.0
2761,Home Office,Taylor,MI,EE. UU.,48180.0
11340,Home Office,Kailua,HI,EE. UU.,96734.0
11146,Consumer,Caguas,PR,Puerto Rico,725.0
4111,Home Office,Caguas,PR,Puerto Rico,725.0
8530,Consumer,Highland,CA,EE. UU.,92346.0
1570,Consumer,Los Angeles,CA,EE. UU.,90057.0
10287,Corporate,Caguas,PR,Puerto Rico,725.0
11842,Consumer,Caguas,PR,Puerto Rico,725.0
5869,Home Office,Plano,TX,EE. UU.,75023.0
3576,Home Office,Caguas,PR,Puerto Rico,725.0
4489,Home Office,Dorchester Center,MA,EE. UU.,2124.0
4087,Home Office,Los Angeles,CA,EE. UU.,90027.0
107,Consumer,Caguas,PR,Puerto Rico,725.0
3956,Home Office,Stockbridge,GA,EE. UU.,30281.0
10228,Consumer,Bay Shore,NY,EE. UU.,11706.0
9101,Consumer,Las Vegas,NV,EE. UU.,89123.0
9386,Consumer,Caguas,PR,Puerto Rico,725.0
3327,Consumer,Caguas,PR,Puerto Rico,725.0
11804,Consumer,Caguas,PR,Puerto Rico,725.0
7105,Home Office,El Paso,TX,EE. UU.,79927.0
4591,Consumer,Caguas,PR,Puerto Rico,725.0
3725,Consumer,Caguas,PR,Puerto Rico,725.0
11763,Consumer,Caguas,PR,Puerto Rico,725.0
12402,Consumer,Caguas,PR,Puerto Rico,725.0
7609,Consumer,Caguas,PR,Puerto Rico,725.0
8426,Consumer,Caguas,PR,Puerto Rico,725.0
10727,Consumer,Caguas,PR,Puerto Rico,725.0
896,Consumer,Caguas,PR,Puerto Rico,725.0
8813,Consumer,Brooklyn,NY,EE. UU.,11234.0
7078,Home Office,Las Vegas,NV,EE. UU.,89121.0
6797,Consumer,Caguas,PR,Puerto Rico,725.0
3848,Home Office,New Braunfels,TX,EE. UU.,78130.0
11231,Home Office,Fond Du Lac,WI,EE. UU.,54935.0
12029,Home Office,Caguas,PR,Puerto Rico,725.0
2194,Consumer,Caguas,PR,Puerto Rico,725.0
3665,Consumer,Caguas,PR,Puerto Rico,725.0
4646,Home Office,Williamsport,PA,EE. UU.,17701.0
5907,Consumer,Caguas,PR,Puerto Rico,725.0
2533,Consumer,Caguas,PR,Puerto Rico,725.0
3116,Home Office,Dayton,OH,EE. UU.,45424.0
5341,Home Office,Brooklyn,NY,EE. UU.,11230.0
5796,Home Office,Las Vegas,NV,EE. UU.,89117.0
6462,Consumer,Indianapolis,IN,EE. UU.,46227.0
11742,Consumer,San Sebastian,PR,Puerto Rico,685.0
3367,Consumer,San Juan,PR,Puerto Rico,921.0
4453,Consumer,Caguas,PR,Puerto Rico,725.0
25,Home Office,Peoria,AZ,EE. UU.,85345.0
7740,Consumer,Denver,CO,EE. UU.,80219.0
4236,Consumer,Caguas,PR,Puerto Rico,725.0
9025,Corporate,Caguas,PR,Puerto Rico,725.0
1442,Corporate,Caguas,PR,Puerto Rico,725.0
10646,Consumer,Caguas,PR,Puerto Rico,725.0
10441,Consumer,Caguas,PR,Puerto Rico,725.0
11518,Consumer,San Juan,PR,Puerto Rico,921.0
4578,Home Office,Modesto,CA,EE. UU.,95355.0
3924,Consumer,Caguas,PR,Puerto Rico,725.0
9710,Home Office,Lynn,MA,EE. UU.,1902.0
3617,Home Office,Jackson,MI,EE. UU.,49201.0
6297,Consumer,Caguas,PR,Puerto Rico,725.0
12259,Home Office,Dundalk,MD,EE. UU.,21222.0
10230,Home Office,San Antonio,TX,EE. UU.,78207.0
5061,Home Office,Chicago,IL,EE. UU.,60660.0
7004,Consumer,Hagerstown,MD,EE. UU.,21740.0
7797,Home Office,Los Angeles,CA,EE. UU.,90004.0
11827,Consumer,Hollywood,FL,EE. UU.,33021.0
9572,Consumer,Caguas,PR,Puerto Rico,725.0
12158,Consumer,Caguas,PR,Puerto Rico,725.0
8752,Home Office,Oceanside,CA,EE. UU.,92054.0
4629,Consumer,Caguas,PR,Puerto Rico,725.0
8837,Home Office,Apopka,FL,EE. UU.,32703.0
2063,Consumer,San Juan,PR,Puerto Rico,921.0
6131,Home Office,Caguas,PR,Puerto Rico,725.0
3269,Home Office,Caguas,PR,Puerto Rico,725.0
4617,Consumer,Toa Baja,PR,Puerto Rico,949.0
2809,Home Office,Newark,DE,EE. UU.,19702.0
2607,Consumer,Caguas,PR,Puerto Rico,725.0
6272,Home Office,Toms River,NJ,EE. UU.,8753.0
2505,Consumer,Caguas,PR,Puerto Rico,725.0
10929,Home Office,Davis,CA,EE. UU.,95616.0
240,Consumer,Caguas,PR,Puerto Rico,725.0
6257,Consumer,Cayey,PR,Puerto Rico,736.0
9832,Home Office,New Orleans,LA,EE. UU.,70119.0
7911,Consumer,Las Vegas,NV,EE. UU.,89119.0
11410,Consumer,Caguas,PR,Puerto Rico,725.0
837,Consumer,Caguas,PR,Puerto Rico,725.0
6203,Consumer,Caguas,PR,Puerto Rico,725.0
11281,Home Office,Caguas,PR,Puerto Rico,725.0
10186,Home Office,Gaithersburg,MD,EE. UU.,20878.0
10086,Home Office,Tinley Park,IL,EE. UU.,60477.0
3351,Consumer,Caguas,PR,Puerto Rico,725.0
9361,Home Office,Middletown,CT,EE. UU.,6457.0
10941,Consumer,Brooklyn,NY,EE. UU.,11203.0
2616,Consumer,Caguas,PR,Puerto Rico,725.0
8794,Home Office,Tucson,AZ,EE. UU.,85710.0
1594,Consumer,Guaynabo,PR,Puerto Rico,969.0
7665,Home Office,Caguas,PR,Puerto Rico,725.0
7862,Home Office,Caguas,PR,Puerto Rico,725.0
1455,Consumer,Caguas,PR,Puerto Rico,725.0
8483,Consumer,Caguas,PR,Puerto Rico,725.0
10749,Consumer,Caguas,PR,Puerto Rico,725.0
7987,Home Office,Yauco,PR,Puerto Rico,698.0
3663,Consumer,Caguas,PR,Puerto Rico,725.0
5174,Consumer,Caguas,PR,Puerto Rico,725.0
7313,Consumer,Astoria,NY,EE. UU.,11103.0
9916,Consumer,Caguas,PR,Puerto Rico,725.0
11502,Consumer,Caguas,PR,Puerto Rico,725.0
4264,Home Office,Chicago,IL,EE. UU.,60651.0
2080,Consumer,Caguas,PR,Puerto Rico,725.0
556,Corporate,Caguas,PR,Puerto Rico,725.0
9999,Home Office,Albuquerque,NM,EE. UU.,87112.0
9545,Home Office,La Mirada,CA,EE. UU.,90638.0
3271,Consumer,Los Angeles,CA,EE. UU.,90043.0
6214,Corporate,Caguas,PR,Puerto Rico,725.0
8123,Home Office,San Diego,CA,EE. UU.,92105.0
1875,Consumer,Caguas,PR,Puerto Rico,725.0
9359,Home Office,Beloit,WI,EE. UU.,53511.0
6966,Corporate,Caguas,PR,Puerto Rico,725.0
4970,Consumer,Mission Viejo,CA,EE. UU.,92692.0
4129,Consumer,Brooklyn,NY,EE. UU.,11209.0
9621,Consumer,Caguas,PR,Puerto Rico,725.0
9292,Home Office,San Marcos,TX,EE. UU.,78666.0
3113,Consumer,Caguas,PR,Puerto Rico,725.0
1736,Home Office,Tempe,AZ,EE. UU.,85283.0
2392,Consumer,Caguas,PR,Puerto Rico,725.0
595,Consumer,Caguas,PR,Puerto Rico,725.0
9920,Consumer,Caguas,PR,Puerto Rico,725.0
4176,Consumer,Caguas,PR,Puerto Rico,725.0
3741,Home Office,Elyria,OH,EE. UU.,44035.0
10513,Home Office,Caguas,PR,Puerto Rico,725.0
3615,Home Office,New York,NY,EE. UU.,10025.0
9170,Consumer,Caguas,PR,Puerto Rico,725.0
11964,Consumer,Caguas,PR,Puerto Rico,725.0
1630,Home Office,Bend,OR,EE. UU.,97701.0
9475,Consumer,Caguas,PR,Puerto Rico,725.0
11975,Consumer,Caguas,PR,Puerto Rico,725.0
7171,Consumer,Caguas,PR,Puerto Rico,725.0
1665,Consumer,Caguas,PR,Puerto Rico,725.0
6235,Home Office,Caguas,PR,Puerto Rico,725.0
5313,Home Office,Las Vegas,NV,EE. UU.,89108.0
3661,Consumer,Caguas,PR,Puerto Rico,725.0
3003,Consumer,Sheboygan,WI,EE. UU.,53081.0
10767,Consumer,Garden Grove,CA,EE. UU.,92840.0
8900,Consumer,Greeley,CO,EE. UU.,80631.0
12999,Consumer,Los Angeles,CA,EE. UU.,90066.0
14488,Consumer,Loveland,OH,EE. UU.,45140.0
15099,Consumer,San Diego,CA,EE. UU.,92109.0
13505,Consumer,Stockbridge,GA,EE. UU.,30281.0
14199,Consumer,Marion,OH,EE. UU.,43302.0
13503,Consumer,Littleton,CO,EE. UU.,80126.0
13124,Consumer,Houston,TX,EE. UU.,77081.0
14623,Consumer,Westminster,CA,EE. UU.,92683.0
12960,Consumer,New Bedford,MA,EE. UU.,2740.0
14155,Consumer,Stockton,CA,EE. UU.,95206.0
13334,Consumer,Tampa,FL,EE. UU.,33624.0
14506,Consumer,La Crosse,WI,EE. UU.,54601.0
9733,Consumer,Brownsville,TX,EE. UU.,78521.0
7289,Consumer,Los Angeles,CA,EE. UU.,90007.0
12791,Consumer,Carmichael,CA,EE. UU.,95608.0
14834,Consumer,Dorchester Center,MA,EE. UU.,2124.0
12770,Consumer,Tracy,CA,EE. UU.,95376.0
13669,Consumer,Winnetka,CA,EE. UU.,91306.0
9430,Consumer,New York,NY,EE. UU.,10002.0
13828,Consumer,Amarillo,TX,EE. UU.,79109.0
14942,Consumer,Compton,CA,EE. UU.,90220.0
14940,Consumer,West Chester,PA,EE. UU.,19380.0
14936,Consumer,Ypsilanti,MI,EE. UU.,48197.0
14329,Consumer,Chino,CA,EE. UU.,91710.0
14166,Consumer,Lake Forest,CA,EE. UU.,92630.0
13508,Consumer,New Orleans,LA,EE. UU.,70122.0
13343,Consumer,North Las Vegas,NV,EE. UU.,89030.0
12981,Consumer,El Cajon,CA,EE. UU.,92021.0
13284,Consumer,Los Angeles,CA,EE. UU.,90032.0
13137,Consumer,Hollister,CA,EE. UU.,95023.0
13821,Consumer,Littleton,CO,EE. UU.,80126.0
14712,Consumer,Bowling Green,KY,EE. UU.,42101.0
14725,Consumer,Hilliard,OH,EE. UU.,43026.0
14884,Consumer,Corona,NY,EE. UU.,11368.0
5092,Consumer,Chicago,IL,EE. UU.,60624.0
12692,Consumer,Chicago,IL,EE. UU.,60625.0
12922,Consumer,Lancaster,OH,EE. UU.,43130.0
12916,Consumer,Austin,TX,EE. UU.,78745.0
12983,Consumer,Hyattsville,MD,EE. UU.,20783.0
13504,Consumer,Bristol,CT,EE. UU.,6010.0
14197,Consumer,Bend,OR,EE. UU.,97701.0
13552,Consumer,Warren,MI,EE. UU.,48093.0
13636,Consumer,Brooklyn,NY,EE. UU.,11238.0
13993,Consumer,Douglasville,GA,EE. UU.,30135.0
1963,Consumer,Los Angeles,CA,EE. UU.,90019.0
3109,Consumer,Fort Worth,TX,EE. UU.,76133.0
10914,Consumer,Plymouth,MA,EE. UU.,2360.0
20318,Consumer,Austin,TX,EE. UU.,78745.0
19140,Consumer,Hyattsville,MD,EE. UU.,20783.0
16476,Consumer,Roseville,MI,EE. UU.,48066.0
16619,Consumer,Chicago,IL,EE. UU.,60629.0
18301,Consumer,Los Angeles,CA,EE. UU.,90043.0
20536,Consumer,Chicago,IL,EE. UU.,60617.0
17721,Consumer,La Crosse,WI,EE. UU.,54601.0
20408,Consumer,Fountain Valley,CA,EE. UU.,92708.0
7253,Consumer,Powder Springs,GA,EE. UU.,30127.0
20550,Consumer,Anaheim,CA,EE. UU.,92805.0
18888,Consumer,Newark,OH,EE. UU.,43055.0
18683,Consumer,Princeton,NJ,EE. UU.,8540.0
18645,Consumer,New York,NY,EE. UU.,10025.0
15301,Consumer,Wichita,KS,EE. UU.,67212.0
18642,Consumer,Aurora,CO,EE. UU.,80013.0
15507,Consumer,San Jose,CA,EE. UU.,95127.0
15579,Consumer,Stamford,CT,EE. UU.,6902.0
18908,Consumer,Orlando,FL,EE. UU.,32822.0
15188,Consumer,Phoenix,AZ,EE. UU.,85032.0
19891,Consumer,Long Beach,CA,EE. UU.,90805.0
19994,Consumer,Allentown,PA,EE. UU.,18103.0
18147,Consumer,Rowland Heights,CA,EE. UU.,91748.0
18215,Consumer,Birmingham,AL,EE. UU.,35215.0
16465,Consumer,Woodbridge,VA,EE. UU.,22193.0
18792,Consumer,West New York,NJ,EE. UU.,7093.0
15891,Consumer,Tucson,AZ,EE. UU.,85713.0
16038,Consumer,Stamford,CT,EE. UU.,6902.0
20624,Consumer,New Orleans,LA,EE. UU.,70122.0
18872,Consumer,Palatine,IL,EE. UU.,60067.0
17437,Consumer,Lake Forest,CA,EE. UU.,92630.0
15411,Consumer,Tempe,AZ,EE. UU.,85282.0
15334,Consumer,Victorville,CA,EE. UU.,92392.0
18984,Consumer,Chula Vista,CA,EE. UU.,91910.0
17870,Consumer,Brighton,MA,EE. UU.,2135.0
18640,Consumer,Stafford,VA,EE. UU.,22554.0
17882,Consumer,Lenoir,NC,EE. UU.,28645.0
20359,Consumer,Elk Grove,CA,EE. UU.,95758.0
18634,Consumer,Fullerton,CA,EE. UU.,92833.0
16191,Consumer,Los Angeles,CA,EE. UU.,90063.0
20030,Consumer,Plainfield,IL,EE. UU.,60544.0
16441,Consumer,Quincy,MA,EE. UU.,2169.0
18764,Consumer,Modesto,CA,EE. UU.,95350.0
17640,Consumer,Davis,CA,EE. UU.,95616.0
18416,Consumer,Laredo,TX,EE. UU.,78040.0
7991,Consumer,Caguas,PR,Puerto Rico,725.0
2086,Home Office,Caguas,PR,Puerto Rico,725.0
772,Corporate,Caguas,PR,Puerto Rico,725.0
8139,Consumer,Apopka,FL,EE. UU.,32703.0
5002,Home Office,Chicago,IL,EE. UU.,60620.0
5397,Home Office,Baltimore,MD,EE. UU.,21224.0
7957,Consumer,Albuquerque,NM,EE. UU.,87105.0
7624,Consumer,Caguas,PR,Puerto Rico,725.0
9943,Corporate,Caguas,PR,Puerto Rico,725.0
6520,Consumer,Daly City,CA,EE. UU.,94015.0
1235,Home Office,Fairfield,CA,EE. UU.,94533.0
8589,Home Office,Caguas,PR,Puerto Rico,725.0
9808,Home Office,Caguas,PR,Puerto Rico,725.0
461,Consumer,Caguas,PR,Puerto Rico,725.0
10737,Home Office,Broken Arrow,OK,EE. UU.,74012.0
6403,Home Office,Modesto,CA,EE. UU.,95355.0
3162,Consumer,Caguas,PR,Puerto Rico,725.0
8351,Consumer,Caguas,PR,Puerto Rico,725.0
8142,Home Office,Clovis,CA,EE. UU.,93611.0
2333,Consumer,Malden,MA,EE. UU.,2148.0
6234,Home Office,Bronx,NY,EE. UU.,10458.0
253,Consumer,Caguas,PR,Puerto Rico,725.0
9413,Home Office,Jamaica,NY,EE. UU.,11432.0
4433,Consumer,Caguas,PR,Puerto Rico,725.0
8716,Home Office,Caguas,PR,Puerto Rico,725.0
198,Home Office,Lancaster,PA,EE. UU.,17601.0
9620,Consumer,Greensboro,NC,EE. UU.,27410.0
11247,Home Office,Caguas,PR,Puerto Rico,725.0
1557,Home Office,Douglasville,GA,EE. UU.,30135.0
7906,Consumer,Caguas,PR,Puerto Rico,725.0
1959,Consumer,Caguas,PR,Puerto Rico,725.0
7674,Consumer,Caguas,PR,Puerto Rico,725.0
1360,Home Office,Caguas,PR,Puerto Rico,725.0
4184,Consumer,Conway,AR,EE. UU.,72032.0
3408,Consumer,Caguas,PR,Puerto Rico,725.0
2971,Consumer,Caguas,PR,Puerto Rico,725.0
8461,Home Office,Fort Lauderdale,FL,EE. UU.,33324.0
9465,Home Office,Caguas,PR,Puerto Rico,725.0
901,Consumer,Caguas,PR,Puerto Rico,725.0
10342,Home Office,Ontario,CA,EE. UU.,91762.0
12323,Home Office,San Antonio,TX,EE. UU.,78228.0
302,Corporate,Fullerton,CA,EE. UU.,92833.0
4722,Home Office,Saint Louis,MO,EE. UU.,63136.0
10607,Consumer,Manati,PR,Puerto Rico,674.0
4268,Home Office,Caguas,PR,Puerto Rico,725.0
10629,Consumer,Caguas,PR,Puerto Rico,725.0
11029,Corporate,Caguas,PR,Puerto Rico,725.0
5922,Home Office,Chicago,IL,EE. UU.,60643.0
9123,Consumer,Caguas,PR,Puerto Rico,725.0
2846,Consumer,Caguas,PR,Puerto Rico,725.0
4130,Home Office,Williamsport,PA,EE. UU.,17701.0
7295,Home Office,Upland,CA,EE. UU.,91786.0
5006,Consumer,Painesville,OH,EE. UU.,44077.0
7610,Consumer,Sunnyvale,CA,EE. UU.,94087.0
10347,Home Office,Hollywood,FL,EE. UU.,33025.0
1230,Consumer,Ventura,CA,EE. UU.,93003.0
4532,Home Office,Caguas,PR,Puerto Rico,725.0
2900,Consumer,Caguas,PR,Puerto Rico,725.0
11543,Home Office,Antioch,CA,EE. UU.,94509.0
4828,Consumer,Des Plaines,IL,EE. UU.,60016.0
6545,Consumer,Caguas,PR,Puerto Rico,725.0
7463,Consumer,Caguas,PR,Puerto Rico,725.0
8931,Consumer,Douglasville,GA,EE. UU.,30135.0
2606,Consumer,Chicago,IL,EE. UU.,60657.0
8672,Consumer,San Diego,CA,EE. UU.,92113.0
14134,Consumer,Detroit,MI,EE. UU.,48205.0
14614,Consumer,Grove City,OH,EE. UU.,43123.0
14765,Consumer,Valrico,FL,EE. UU.,33594.0
14692,Consumer,San Jose,CA,EE. UU.,95122.0
14552,Consumer,New Brunswick,NJ,EE. UU.,8901.0
13958,Consumer,Stamford,CT,EE. UU.,6902.0
12719,Consumer,Wilmington,CA,EE. UU.,90744.0
12585,Consumer,Colton,CA,EE. UU.,92324.0
12583,Consumer,Hanover,PA,EE. UU.,17331.0
13253,Consumer,Stockbridge,GA,EE. UU.,30281.0
15115,Consumer,Brownsville,TX,EE. UU.,78520.0
8021,Consumer,Albany,OR,EE. UU.,97321.0
10488,Consumer,Miami,FL,EE. UU.,33175.0
17314,Consumer,Philadelphia,PA,EE. UU.,19140.0
18262,Consumer,Rancho Cucamonga,CA,EE. UU.,91730.0
16558,Consumer,Chicago,IL,EE. UU.,60615.0
17297,Consumer,Glendale,AZ,EE. UU.,85308.0
15304,Consumer,Atlanta,GA,EE. UU.,30331.0
15644,Consumer,Hollywood,FL,EE. UU.,33021.0
15443,Consumer,Chicago,IL,EE. UU.,60629.0
15342,Consumer,Gardena,CA,EE. UU.,90247.0
17830,Consumer,Detroit,MI,EE. UU.,48221.0
17864,Consumer,Duluth,GA,EE. UU.,30096.0
19066,Consumer,Granite City,IL,EE. UU.,62040.0
16559,Consumer,Princeton,NJ,EE. UU.,8540.0
15767,Consumer,Fountain Valley,CA,EE. UU.,92708.0
17907,Consumer,Toms River,NJ,EE. UU.,8753.0
17676,Consumer,El Cajon,CA,EE. UU.,92021.0
20007,Consumer,Colorado Springs,CO,EE. UU.,80918.0
19277,Consumer,Chino Hills,CA,EE. UU.,91709.0
19969,Consumer,New York,NY,EE. UU.,10024.0
6372,Consumer,Woodside,NY,EE. UU.,11377.0
13364,Consumer,Brooklyn,NY,EE. UU.,11226.0
12962,Consumer,Brownsville,TX,EE. UU.,78521.0
13390,Consumer,Richmond,TX,EE. UU.,77469.0
14806,Consumer,Poway,CA,EE. UU.,92064.0
14911,Consumer,Detroit,MI,EE. UU.,48224.0
13604,Consumer,Edinburg,TX,EE. UU.,78539.0
14094,Consumer,Los Angeles,CA,EE. UU.,90066.0
13003,Consumer,Las Vegas,NV,EE. UU.,89103.0
13338,Consumer,Dearborn,MI,EE. UU.,48126.0
13482,Consumer,San Antonio,TX,EE. UU.,78201.0
13067,Consumer,Brooklyn,NY,EE. UU.,11209.0
14138,Consumer,Austin,TX,EE. UU.,78745.0
14509,Consumer,Sunnyvale,CA,EE. UU.,94087.0
13663,Consumer,Brooklyn,NY,EE. UU.,11209.0
13769,Consumer,Colorado Springs,CO,EE. UU.,80906.0
14731,Consumer,Clarksville,TN,EE. UU.,37042.0
13856,Consumer,Las Vegas,NV,EE. UU.,89123.0
13855,Consumer,Brooklyn,NY,EE. UU.,11237.0
14728,Consumer,San Benito,TX,EE. UU.,78586.0
13834,Consumer,Longmont,CO,EE. UU.,80501.0
13760,Consumer,Milpitas,CA,EE. UU.,95035.0
12471,Consumer,Oceanside,CA,EE. UU.,92056.0
12906,Consumer,Far Rockaway,NY,EE. UU.,11691.0
14058,Consumer,Alhambra,CA,EE. UU.,91801.0
14449,Consumer,Saint Paul,MN,EE. UU.,55124.0
13202,Consumer,Austin,TX,EE. UU.,78745.0
14592,Consumer,Livermore,CA,EE. UU.,94550.0
14308,Consumer,Las Vegas,NV,EE. UU.,89121.0
12963,Consumer,Taunton,MA,EE. UU.,2780.0
13341,Consumer,Walnut,CA,EE. UU.,91789.0
13484,Consumer,Huntington Station,NY,EE. UU.,11746.0
14232,Consumer,Baltimore,MD,EE. UU.,21224.0
14603,Consumer,Los Angeles,CA,EE. UU.,90018.0
14512,Consumer,Hamilton,OH,EE. UU.,45013.0
13025,Consumer,Oxnard,CA,EE. UU.,93033.0
13421,Consumer,Richmond,IN,EE. UU.,47374.0
14631,Consumer,Dallas,TX,EE. UU.,75228.0
14003,Consumer,San Diego,CA,EE. UU.,92109.0
10654,Consumer,San Diego,CA,EE. UU.,92105.0
13858,Consumer,Compton,CA,EE. UU.,90221.0
13678,Consumer,O Fallon,MO,EE. UU.,63366.0
13928,Consumer,Montebello,CA,EE. UU.,90640.0
13998,Consumer,Orlando,FL,EE. UU.,32808.0
13854,Consumer,Roswell,NM,EE. UU.,88201.0
14812,Consumer,Milford,CT,EE. UU.,6460.0
9850,Consumer,Garden Grove,CA,EE. UU.,92840.0
14827,Consumer,Westland,MI,EE. UU.,48185.0
9595,Consumer,Sanford,NC,EE. UU.,27330.0
14700,Consumer,Laguna Niguel,CA,EE. UU.,92677.0
11976,Consumer,Detroit,MI,EE. UU.,48219.0
6335,Consumer,Methuen,MA,EE. UU.,1844.0
12550,Consumer,Bellflower,CA,EE. UU.,90706.0
12529,Consumer,Annapolis,MD,EE. UU.,21401.0
15087,Consumer,Salem,OR,EE. UU.,97303.0
15069,Consumer,Las Vegas,NV,EE. UU.,89123.0
14993,Consumer,Detroit,MI,EE. UU.,48228.0
14964,Consumer,Mount Pleasant,MI,EE. UU.,48858.0
14070,Consumer,Morrisville,PA,EE. UU.,19067.0
13428,Consumer,New York,NY,EE. UU.,10016.0
14351,Consumer,Hialeah,FL,EE. UU.,33016.0
13944,Consumer,Brooklyn,NY,EE. UU.,11220.0
13833,Consumer,Las Vegas,NV,EE. UU.,89110.0
9239,Consumer,Hollywood,FL,EE. UU.,33024.0
2739,Consumer,Crystal Lake,IL,EE. UU.,60014.0
16433,Consumer,Brooklyn,NY,EE. UU.,11218.0
16087,Consumer,San Antonio,TX,EE. UU.,78223.0
16051,Consumer,New York,NY,EE. UU.,10025.0
20526,Consumer,Fresno,CA,EE. UU.,93727.0
20650,Consumer,Columbia,TN,EE. UU.,38401.0
17191,Consumer,Bellflower,CA,EE. UU.,90706.0
18238,Consumer,Hollywood,FL,EE. UU.,33021.0
16503,Consumer,Massillon,OH,EE. UU.,44646.0
16629,Consumer,Sanford,NC,EE. UU.,27330.0
19121,Consumer,New York,NY,EE. UU.,10016.0
16569,Consumer,Los Angeles,CA,EE. UU.,90003.0
18787,Consumer,Rosemead,CA,EE. UU.,91770.0
15838,Consumer,Moreno Valley,CA,EE. UU.,92553.0
18850,Consumer,Beaverton,OR,EE. UU.,97006.0
15686,Consumer,Bell Gardens,CA,EE. UU.,90201.0
15950,Consumer,Danbury,CT,EE. UU.,6810.0
20482,Consumer,Mission Viejo,CA,EE. UU.,92692.0
15948,Consumer,Clovis,CA,EE. UU.,93611.0
20516,Consumer,New York,NY,EE. UU.,10027.0
18352,Consumer,Del Rio,TX,EE. UU.,78840.0
17360,Consumer,Corona,CA,EE. UU.,92879.0
17319,Consumer,Hilliard,OH,EE. UU.,43026.0
17476,Consumer,Pompano Beach,FL,EE. UU.,33068.0
16081,Consumer,Watsonville,CA,EE. UU.,95076.0
18360,Consumer,Hagerstown,MD,EE. UU.,21740.0
17457,Consumer,Brooklyn,NY,EE. UU.,11236.0
18883,Consumer,South Richmond Hill,NY,EE. UU.,11419.0
20717,Consumer,Houston,TX,EE. UU.,77084.0
17310,Consumer,Portland,OR,EE. UU.,97229.0
18701,Consumer,Mentor,OH,EE. UU.,44060.0
15532,Consumer,Lynn,MA,EE. UU.,1902.0
16149,Consumer,Chicago,IL,EE. UU.,60657.0
20168,Consumer,Smyrna,GA,EE. UU.,30080.0
20221,Consumer,San Jose,CA,EE. UU.,95148.0
18554,Consumer,Lawrenceville,GA,EE. UU.,30043.0
20220,Consumer,Peoria,AZ,EE. UU.,85345.0
18996,Consumer,Brooklyn,NY,EE. UU.,11236.0
19804,Consumer,Richardson,TX,EE. UU.,75080.0
17848,Consumer,Michigan City,IN,EE. UU.,46360.0
20271,Consumer,Tucson,AZ,EE. UU.,85746.0
17039,Consumer,Opa Locka,FL,EE. UU.,33055.0
15223,Consumer,Chicago,IL,EE. UU.,60630.0
20122,Consumer,Buffalo,NY,EE. UU.,14215.0
16120,Consumer,Dallas,TX,EE. UU.,75220.0
20210,Consumer,Irwin,PA,EE. UU.,15642.0
15198,Consumer,Cleveland,OH,EE. UU.,44105.0
19866,Consumer,Milwaukee,WI,EE. UU.,53215.0
18118,Consumer,Milwaukee,WI,EE. UU.,53209.0
17891,Consumer,Honolulu,HI,EE. UU.,96816.0
18181,Consumer,Aurora,IL,EE. UU.,60506.0
18090,Consumer,Oxnard,CA,EE. UU.,93030.0
19070,Consumer,Roseville,MI,EE. UU.,48066.0
19265,Consumer,Powder Springs,GA,EE. UU.,30127.0
18785,Consumer,Los Angeles,CA,EE. UU.,90063.0
15813,Consumer,Columbia,SC,EE. UU.,29223.0
18811,Consumer,Hamtramck,MI,EE. UU.,48212.0
16040,Consumer,Fullerton,CA,EE. UU.,92833.0
20679,Consumer,Chicago,IL,EE. UU.,60624.0
18479,Consumer,Cupertino,CA,EE. UU.,95014.0
20515,Consumer,Toms River,NJ,EE. UU.,8753.0
15927,Consumer,San Diego,CA,EE. UU.,92126.0
18010,Consumer,Marietta,GA,EE. UU.,30066.0
17375,Consumer,New York,NY,EE. UU.,10024.0
20476,Consumer,Eugene,OR,EE. UU.,97402.0
17407,Consumer,Carlisle,PA,EE. UU.,17013.0
16082,Consumer,New York,NY,EE. UU.,10023.0
20542,Consumer,Merced,CA,EE. UU.,95340.0
18306,Consumer,Lancaster,PA,EE. UU.,17602.0
17636,Consumer,Chicago,IL,EE. UU.,60657.0
17403,Consumer,Goose Creek,SC,EE. UU.,29445.0
17963,Consumer,Kailua,HI,EE. UU.,96734.0
15951,Consumer,Fort Lauderdale,FL,EE. UU.,33324.0
18284,Consumer,Stockton,CA,EE. UU.,95206.0
18646,Consumer,Chicago,IL,EE. UU.,60641.0
18643,Consumer,Brooklyn,NY,EE. UU.,11201.0
18694,Consumer,Virginia Beach,VA,EE. UU.,23455.0
20134,Consumer,Garland,TX,EE. UU.,75043.0
20098,Consumer,Clearfield,UT,EE. UU.,84015.0
16200,Consumer,Los Angeles,CA,EE. UU.,90057.0
19032,Consumer,Columbus,GA,EE. UU.,31907.0
19949,Consumer,Cumberland,MD,EE. UU.,21502.0
17183,Consumer,Bakersfield,CA,EE. UU.,93307.0
19963,Consumer,Washington,DC,EE. UU.,20009.0
19961,Consumer,Greensboro,NC,EE. UU.,27406.0
17248,Consumer,Escondido,CA,EE. UU.,92027.0
20048,Consumer,Revere,MA,EE. UU.,2151.0
17121,Consumer,Woonsocket,RI,EE. UU.,2895.0
17084,Consumer,Palo Alto,CA,EE. UU.,94303.0
18354,Consumer,Aurora,CO,EE. UU.,80012.0
17433,Consumer,Philadelphia,PA,EE. UU.,19131.0
15346,Consumer,Mount Prospect,IL,EE. UU.,60056.0
18547,Consumer,Piscataway,NJ,EE. UU.,8854.0
1324,Consumer,Milpitas,CA,EE. UU.,95035.0
8104,Consumer,Taylor,MI,EE. UU.,48180.0
13448,Consumer,Silver Spring,MD,EE. UU.,20906.0
13042,Consumer,Newark,DE,EE. UU.,19702.0
14699,Consumer,Parkville,MD,EE. UU.,21234.0
13932,Consumer,Bridgeton,NJ,EE. UU.,8302.0
14868,Consumer,Albuquerque,NM,EE. UU.,87120.0
14903,Consumer,Houston,TX,EE. UU.,77083.0
14028,Consumer,Silver Spring,MD,EE. UU.,20906.0
15126,Consumer,Philadelphia,PA,EE. UU.,19140.0
14239,Consumer,West Haven,CT,EE. UU.,6516.0
14383,Consumer,Conway,AR,EE. UU.,72032.0
14110,Consumer,Bellflower,CA,EE. UU.,90706.0
14362,Consumer,Los Angeles,CA,EE. UU.,90003.0
14662,Consumer,Phoenix,AZ,EE. UU.,85033.0
13305,Consumer,Ontario,CA,EE. UU.,91761.0
13142,Consumer,Brighton,MA,EE. UU.,2135.0
14124,Consumer,San Francisco,CA,EE. UU.,94109.0
14655,Consumer,Gardena,CA,EE. UU.,90247.0
13515,Consumer,Richmond,KY,EE. UU.,40475.0
14317,Consumer,Mesa,AZ,EE. UU.,85201.0
13405,Consumer,Bakersfield,CA,EE. UU.,93304.0
14634,Consumer,Fort Lauderdale,FL,EE. UU.,33312.0
13260,Consumer,Hagerstown,MD,EE. UU.,21740.0
13529,Consumer,Pomona,CA,EE. UU.,91766.0
14240,Consumer,Howell,MI,EE. UU.,48843.0
14649,Consumer,Chapel Hill,NC,EE. UU.,27514.0
14330,Consumer,Pico Rivera,CA,EE. UU.,90660.0
13752,Consumer,Houston,TX,EE. UU.,77084.0
13839,Consumer,Bountiful,UT,EE. UU.,84010.0
13605,Consumer,Oxnard,CA,EE. UU.,93030.0
13892,Consumer,Spring,TX,EE. UU.,77379.0
13801,Consumer,Corona,NY,EE. UU.,11368.0
13692,Consumer,West Covina,CA,EE. UU.,91790.0
14835,Consumer,Hyattsville,MD,EE. UU.,20783.0
13565,Consumer,San Diego,CA,EE. UU.,92104.0
13763,Consumer,Chicago,IL,EE. UU.,60637.0
13745,Consumer,Roswell,NM,EE. UU.,88201.0
13852,Consumer,Atlanta,GA,EE. UU.,30349.0
14870,Consumer,Fayetteville,NC,EE. UU.,28314.0
13743,Consumer,Highland,CA,EE. UU.,92346.0
14832,Consumer,Phoenix,AZ,EE. UU.,85035.0
13580,Consumer,Brooklyn,NY,EE. UU.,11203.0
13633,Consumer,Houston,TX,EE. UU.,77083.0
14029,Consumer,Wilkes Barre,PA,EE. UU.,18702.0
13846,Consumer,Santa Ana,CA,EE. UU.,92703.0
12647,Consumer,Lawrenceville,GA,EE. UU.,30043.0
12456,Consumer,West New York,NJ,EE. UU.,7093.0
12742,Consumer,Phoenix,AZ,EE. UU.,85032.0
12651,Consumer,Flushing,NY,EE. UU.,11354.0
12849,Consumer,Potomac,MD,EE. UU.,20854.0
14979,Consumer,Tempe,AZ,EE. UU.,85282.0
12845,Consumer,Greensboro,NC,EE. UU.,27406.0
12827,Consumer,Saginaw,MI,EE. UU.,48601.0
14939,Consumer,Canyon Country,CA,EE. UU.,91351.0
12880,Consumer,Sunnyvale,CA,EE. UU.,94086.0
14953,Consumer,Cumberland,MD,EE. UU.,21502.0
15078,Consumer,Lindenhurst,NY,EE. UU.,11757.0
12856,Consumer,Round Rock,TX,EE. UU.,78664.0
14983,Consumer,North Richland Hills,TX,EE. UU.,76180.0
12835,Consumer,Las Vegas,NV,EE. UU.,89103.0
14648,Consumer,Des Plaines,IL,EE. UU.,60016.0
13527,Consumer,Tucson,AZ,EE. UU.,85705.0
13310,Consumer,Phoenix,AZ,EE. UU.,85033.0
14363,Consumer,Los Angeles,CA,EE. UU.,90043.0
13415,Consumer,Austin,TX,EE. UU.,78745.0
12965,Consumer,Chicago,IL,EE. UU.,60630.0
13054,Consumer,Jackson Heights,NY,EE. UU.,11372.0
14252,Consumer,Miami,FL,EE. UU.,33165.0
14589,Consumer,Bakersfield,CA,EE. UU.,93307.0
13232,Consumer,Tallahassee,FL,EE. UU.,32303.0
13429,Consumer,Fairfield,OH,EE. UU.,45014.0
13105,Consumer,San Jose,CA,EE. UU.,95148.0
13104,Consumer,Peoria,AZ,EE. UU.,85345.0
14194,Consumer,Bronx,NY,EE. UU.,10466.0
13462,Consumer,Ontario,CA,EE. UU.,91761.0
14318,Consumer,Bronx,NY,EE. UU.,10461.0
13460,Consumer,Bronx,NY,EE. UU.,10466.0
14082,Consumer,Miami,FL,EE. UU.,33175.0
14688,Consumer,Bronx,NY,EE. UU.,10458.0
13477,Consumer,Los Angeles,CA,EE. UU.,90047.0
12973,Consumer,Costa Mesa,CA,EE. UU.,92627.0
13063,Consumer,Honolulu,HI,EE. UU.,96822.0
14261,Consumer,Van Nuys,CA,EE. UU.,91405.0
14332,Consumer,Chicago,IL,EE. UU.,60614.0
14242,Consumer,El Paso,TX,EE. UU.,79927.0
13044,Consumer,Fairfield,OH,EE. UU.,45014.0
14314,Consumer,San Diego,CA,EE. UU.,92117.0
14079,Consumer,Staten Island,NY,EE. UU.,10306.0
13627,Consumer,Annandale,VA,EE. UU.,22003.0
12796,Consumer,Summerville,SC,EE. UU.,29483.0
13804,Consumer,Miami,FL,EE. UU.,33175.0
14020,Consumer,Miami,FL,EE. UU.,33162.0
13767,Consumer,Panorama City,CA,EE. UU.,91402.0
13656,Consumer,Muskegon,MI,EE. UU.,49442.0
14015,Consumer,Brighton,MA,EE. UU.,2135.0
12789,Consumer,San Antonio,TX,EE. UU.,78223.0
14762,Consumer,Chicago,IL,EE. UU.,60632.0
13725,Consumer,Virginia Beach,VA,EE. UU.,23454.0
14922,Consumer,Philadelphia,PA,EE. UU.,19148.0
14741,Consumer,Temecula,CA,EE. UU.,92592.0
14865,Consumer,Newburgh,NY,EE. UU.,12550.0
12469,Consumer,Norfolk,VA,EE. UU.,23503.0
12546,Consumer,Beaverton,OR,EE. UU.,97006.0
12652,Consumer,Visalia,CA,EE. UU.,93277.0
15124,Consumer,Irving,TX,EE. UU.,75060.0
12842,Consumer,Asheboro,NC,EE. UU.,27203.0
15112,Consumer,Bensalem,PA,EE. UU.,19020.0
15111,Consumer,Anaheim,CA,EE. UU.,92804.0
14949,Consumer,Philadelphia,PA,EE. UU.,19144.0
15038,Consumer,Long Beach,CA,EE. UU.,90806.0
12871,Consumer,Chicago,IL,EE. UU.,60628.0
14927,Consumer,Pico Rivera,CA,EE. UU.,90660.0
13398,Consumer,Saint Peters,MO,EE. UU.,63376.0
14074,Consumer,Crystal Lake,IL,EE. UU.,60014.0
14495,Consumer,Loveland,OH,EE. UU.,45140.0
13265,Consumer,West Orange,NJ,EE. UU.,7052.0
12755,Consumer,Chicago,IL,EE. UU.,60623.0
13850,Consumer,Oxnard,CA,EE. UU.,93033.0
13973,Consumer,Pompano Beach,FL,EE. UU.,33064.0
14976,Consumer,Indianapolis,IN,EE. UU.,46227.0
14955,Consumer,Hamtramck,MI,EE. UU.,48212.0
14970,Consumer,Morrisville,PA,EE. UU.,19067.0
2122,Consumer,Victorville,CA,EE. UU.,92392.0
9787,Consumer,Milwaukee,WI,EE. UU.,53209.0
2760,Consumer,Santa Ana,CA,EE. UU.,92703.0
3278,Consumer,Brooklyn,NY,EE. UU.,11203.0
8659,Consumer,Chandler,AZ,EE. UU.,85224.0
12978,Corporate,Caguas,PR,Puerto Rico,725.0
14196,Corporate,Caguas,PR,Puerto Rico,725.0
13440,Corporate,Caguas,PR,Puerto Rico,725.0
13873,Corporate,Caguas,PR,Puerto Rico,725.0
1007,Corporate,Caguas,PR,Puerto Rico,725.0
18265,Corporate,Caguas,PR,Puerto Rico,725.0
17662,Corporate,Caguas,PR,Puerto Rico,725.0
17531,Corporate,Caguas,PR,Puerto Rico,725.0
15945,Corporate,Caguas,PR,Puerto Rico,725.0
15596,Corporate,Caguas,PR,Puerto Rico,725.0
15469,Corporate,Caguas,PR,Puerto Rico,725.0
16220,Corporate,Caguas,PR,Puerto Rico,725.0
9661,Corporate,Caguas,PR,Puerto Rico,725.0
13818,Corporate,Caguas,PR,Puerto Rico,725.0
14093,Corporate,Caguas,PR,Puerto Rico,725.0
14643,Corporate,Caguas,PR,Puerto Rico,725.0
13607,Corporate,Caguas,PR,Puerto Rico,725.0
13798,Corporate,Caguas,PR,Puerto Rico,725.0
14992,Corporate,Caguas,PR,Puerto Rico,725.0
15056,Corporate,Caguas,PR,Puerto Rico,725.0
14419,Corporate,Caguas,PR,Puerto Rico,725.0
14842,Corporate,Caguas,PR,Puerto Rico,725.0
13815,Corporate,Caguas,PR,Puerto Rico,725.0
13538,Corporate,Caguas,PR,Puerto Rico,725.0
12952,Corporate,Caguas,PR,Puerto Rico,725.0
12764,Corporate,Caguas,PR,Puerto Rico,725.0
16426,Corporate,Guayama,PR,Puerto Rico,784.0
20589,Corporate,Caguas,PR,Puerto Rico,725.0
19158,Corporate,Caguas,PR,Puerto Rico,725.0
16504,Corporate,Caguas,PR,Puerto Rico,725.0
18766,Corporate,Caguas,PR,Puerto Rico,725.0
20553,Corporate,Caguas,PR,Puerto Rico,725.0
20733,Corporate,Caguas,PR,Puerto Rico,725.0
18459,Corporate,Caguas,PR,Puerto Rico,725.0
18457,Corporate,Caguas,PR,Puerto Rico,725.0
18453,Corporate,Caguas,PR,Puerto Rico,725.0
20665,Corporate,Caguas,PR,Puerto Rico,725.0
17962,Corporate,Caguas,PR,Puerto Rico,725.0
19900,Corporate,Caguas,PR,Puerto Rico,725.0
20222,Corporate,Caguas,PR,Puerto Rico,725.0
18900,Corporate,Caguas,PR,Puerto Rico,725.0
18162,Corporate,Caguas,PR,Puerto Rico,725.0
18068,Corporate,Caguas,PR,Puerto Rico,725.0
19279,Corporate,Caguas,PR,Puerto Rico,725.0
15863,Corporate,Caguas,PR,Puerto Rico,725.0
15835,Corporate,Caguas,PR,Puerto Rico,725.0
18388,Corporate,Caguas,PR,Puerto Rico,725.0
20422,Corporate,Caguas,PR,Puerto Rico,725.0
17518,Corporate,Caguas,PR,Puerto Rico,725.0
17387,Corporate,Caguas,PR,Puerto Rico,725.0
15538,Corporate,Caguas,PR,Puerto Rico,725.0
17535,Corporate,Caguas,PR,Puerto Rico,725.0
19971,Corporate,Caguas,PR,Puerto Rico,725.0
17131,Corporate,Caguas,PR,Puerto Rico,725.0
20002,Corporate,Caguas,PR,Puerto Rico,725.0
16138,Corporate,Caguas,PR,Puerto Rico,725.0
15235,Corporate,Caguas,PR,Puerto Rico,725.0
19920,Corporate,Caguas,PR,Puerto Rico,725.0
19193,Corporate,Caguas,PR,Puerto Rico,725.0
16389,Corporate,Caguas,PR,Puerto Rico,725.0
16602,Corporate,Caguas,PR,Puerto Rico,725.0
15777,Corporate,Caguas,PR,Puerto Rico,725.0
18831,Corporate,Caguas,PR,Puerto Rico,725.0
15425,Corporate,Caguas,PR,Puerto Rico,725.0
18611,Corporate,Caguas,PR,Puerto Rico,725.0
13084,Corporate,Arecibo,PR,Puerto Rico,612.0
14547,Corporate,Caguas,PR,Puerto Rico,725.0
14294,Corporate,Caguas,PR,Puerto Rico,725.0
8363,Corporate,Caguas,PR,Puerto Rico,725.0
12485,Corporate,Caguas,PR,Puerto Rico,725.0
14522,Corporate,Caguas,PR,Puerto Rico,725.0
14374,Corporate,Caguas,PR,Puerto Rico,725.0
14674,Corporate,Caguas,PR,Puerto Rico,725.0
14524,Corporate,Caguas,PR,Puerto Rico,725.0
13492,Corporate,Caguas,PR,Puerto Rico,725.0
13626,Corporate,Caguas,PR,Puerto Rico,725.0
14859,Corporate,Caguas,PR,Puerto Rico,725.0
14696,Corporate,Caguas,PR,Puerto Rico,725.0
12774,Corporate,Caguas,PR,Puerto Rico,725.0
13585,Corporate,Caguas,PR,Puerto Rico,725.0
10174,Corporate,Caguas,PR,Puerto Rico,725.0
13848,Corporate,Caguas,PR,Puerto Rico,725.0
14045,Corporate,Caguas,PR,Puerto Rico,725.0
13557,Corporate,Caguas,PR,Puerto Rico,725.0
13646,Corporate,Caguas,PR,Puerto Rico,725.0
8623,Corporate,Caguas,PR,Puerto Rico,725.0
12532,Corporate,Caguas,PR,Puerto Rico,725.0
12616,Corporate,Caguas,PR,Puerto Rico,725.0
12490,Corporate,Caguas,PR,Puerto Rico,725.0
15016,Corporate,Caguas,PR,Puerto Rico,725.0
15061,Corporate,Caguas,PR,Puerto Rico,725.0
15040,Corporate,Caguas,PR,Puerto Rico,725.0
15108,Corporate,Caguas,PR,Puerto Rico,725.0
14612,Corporate,Caguas,PR,Puerto Rico,725.0
14219,Corporate,Caguas,PR,Puerto Rico,725.0
14519,Corporate,Caguas,PR,Puerto Rico,725.0
14344,Corporate,Caguas,PR,Puerto Rico,725.0
14216,Corporate,Caguas,PR,Puerto Rico,725.0
13520,Corporate,Caguas,PR,Puerto Rico,725.0
13228,Corporate,Caguas,PR,Puerto Rico,725.0
14672,Corporate,Caguas,PR,Puerto Rico,725.0
14456,Corporate,Caguas,PR,Puerto Rico,725.0
14225,Corporate,Caguas,PR,Puerto Rico,725.0
13696,Corporate,Caguas,PR,Puerto Rico,725.0
12812,Corporate,Caguas,PR,Puerto Rico,725.0
14785,Corporate,Caguas,PR,Puerto Rico,725.0
13568,Corporate,Caguas,PR,Puerto Rico,725.0
13782,Corporate,Caguas,PR,Puerto Rico,725.0
13674,Corporate,Caguas,PR,Puerto Rico,725.0
13566,Corporate,Caguas,PR,Puerto Rico,725.0
13724,Corporate,Caguas,PR,Puerto Rico,725.0
13813,Corporate,Rio Grande,PR,Puerto Rico,745.0
13542,Corporate,Caguas,PR,Puerto Rico,725.0
13540,Corporate,Caguas,PR,Puerto Rico,725.0
5697,Corporate,Caguas,PR,Puerto Rico,725.0
5060,Corporate,Caguas,PR,Puerto Rico,725.0
12483,Corporate,Caguas,PR,Puerto Rico,725.0
12516,Corporate,Caguas,PR,Puerto Rico,725.0
12443,Corporate,Caguas,PR,Puerto Rico,725.0
12726,Corporate,Caguas,PR,Puerto Rico,725.0
12579,Corporate,Caguas,PR,Puerto Rico,725.0
15059,Corporate,Caguas,PR,Puerto Rico,725.0
13498,Corporate,Caguas,PR,Puerto Rico,725.0
14032,Corporate,Caguas,PR,Puerto Rico,725.0
12552,Corporate,Caguas,PR,Puerto Rico,725.0
12846,Corporate,Caguas,PR,Puerto Rico,725.0
12858,Corporate,Caguas,PR,Puerto Rico,725.0
16405,Corporate,Vega Baja,PR,Puerto Rico,693.0
15848,Corporate,Caguas,PR,Puerto Rico,725.0
20378,Corporate,Caguas,PR,Puerto Rico,725.0
17244,Corporate,Caguas,PR,Puerto Rico,725.0
17133,Corporate,Caguas,PR,Puerto Rico,725.0
17164,Corporate,Caguas,PR,Puerto Rico,725.0
16122,Corporate,Caguas,PR,Puerto Rico,725.0
18097,Corporate,Caguas,PR,Puerto Rico,725.0
18113,Corporate,Caguas,PR,Puerto Rico,725.0
18143,Corporate,Caguas,PR,Puerto Rico,725.0
19072,Corporate,Caguas,PR,Puerto Rico,725.0
15861,Corporate,Caguas,PR,Puerto Rico,725.0
15807,Corporate,Caguas,PR,Puerto Rico,725.0
18825,Corporate,Caguas,PR,Puerto Rico,725.0
15784,Corporate,Caguas,PR,Puerto Rico,725.0
15850,Corporate,Caguas,PR,Puerto Rico,725.0
20391,Corporate,Caguas,PR,Puerto Rico,725.0
18318,Corporate,Caguas,PR,Puerto Rico,725.0
17344,Corporate,Caguas,PR,Puerto Rico,725.0
4685,Corporate,Caguas,PR,Puerto Rico,725.0
18348,Corporate,Caguas,PR,Puerto Rico,725.0
16068,Corporate,Caguas,PR,Puerto Rico,725.0
18401,Corporate,Caguas,PR,Puerto Rico,725.0
20563,Corporate,Caguas,PR,Puerto Rico,725.0
17461,Corporate,Caguas,PR,Puerto Rico,725.0
17748,Corporate,Caguas,PR,Puerto Rico,725.0
17511,Corporate,Caguas,PR,Puerto Rico,725.0
18465,Corporate,Caguas,PR,Puerto Rico,725.0
15391,Corporate,Caguas,PR,Puerto Rico,725.0
15330,Corporate,Caguas,PR,Puerto Rico,725.0
18670,Corporate,Caguas,PR,Puerto Rico,725.0
15363,Corporate,Caguas,PR,Puerto Rico,725.0
15488,Corporate,Caguas,PR,Puerto Rico,725.0
17227,Corporate,Caguas,PR,Puerto Rico,725.0
17761,Corporate,Caguas,PR,Puerto Rico,725.0
20058,Corporate,Caguas,PR,Puerto Rico,725.0
17060,Corporate,Caguas,PR,Puerto Rico,725.0
20237,Corporate,Caguas,PR,Puerto Rico,725.0
18940,Corporate,Caguas,PR,Puerto Rico,725.0
17757,Corporate,Caguas,PR,Puerto Rico,725.0
16287,Corporate,Caguas,PR,Puerto Rico,725.0
19815,Corporate,Caguas,PR,Puerto Rico,725.0
19006,Corporate,Carolina,PR,Puerto Rico,983.0
16101,Corporate,Caguas,PR,Puerto Rico,725.0
18631,Corporate,Caguas,PR,Puerto Rico,725.0
18135,Corporate,Toa Baja,PR,Puerto Rico,949.0
18040,Corporate,Caguas,PR,Puerto Rico,725.0
19125,Corporate,Caguas,PR,Puerto Rico,725.0
19248,Corporate,Caguas,PR,Puerto Rico,725.0
16481,Corporate,Caguas,PR,Puerto Rico,725.0
16404,Corporate,Caguas,PR,Puerto Rico,725.0
16512,Corporate,Trujillo Alto,PR,Puerto Rico,976.0
18773,Corporate,Caguas,PR,Puerto Rico,725.0
15841,Corporate,Caguas,PR,Puerto Rico,725.0
15859,Corporate,Caguas,PR,Puerto Rico,725.0
15894,Corporate,Caguas,PR,Puerto Rico,725.0
15869,Corporate,Caguas,PR,Puerto Rico,725.0
16004,Corporate,Caguas,PR,Puerto Rico,725.0
20463,Corporate,Caguas,PR,Puerto Rico,725.0
20427,Corporate,Caguas,PR,Puerto Rico,725.0
17702,Corporate,Caguas,PR,Puerto Rico,725.0
17305,Corporate,Caguas,PR,Puerto Rico,725.0
20673,Corporate,Caguas,PR,Puerto Rico,725.0
17713,Corporate,Caguas,PR,Puerto Rico,725.0
20652,Corporate,Caguas,PR,Puerto Rico,725.0
17515,Corporate,Caguas,PR,Puerto Rico,725.0
20417,Corporate,Caguas,PR,Puerto Rico,725.0
17745,Corporate,Caguas,PR,Puerto Rico,725.0
20415,Corporate,Caguas,PR,Puerto Rico,725.0
15603,Corporate,Caguas,PR,Puerto Rico,725.0
20224,Corporate,Caguas,PR,Puerto Rico,725.0
16257,Corporate,Caguas,PR,Puerto Rico,725.0
17079,Corporate,Caguas,PR,Puerto Rico,725.0
19842,Corporate,Caguas,PR,Puerto Rico,725.0
16363,Corporate,Caguas,PR,Puerto Rico,725.0
17095,Corporate,Caguas,PR,Puerto Rico,725.0
20147,Corporate,Caguas,PR,Puerto Rico,725.0
18954,Corporate,Caguas,PR,Puerto Rico,725.0
15202,Corporate,Caguas,PR,Puerto Rico,725.0
15255,Corporate,Caguas,PR,Puerto Rico,725.0
17878,Corporate,Caguas,PR,Puerto Rico,725.0
17176,Corporate,Caguas,PR,Puerto Rico,725.0
18560,Corporate,Caguas,PR,Puerto Rico,725.0
16225,Corporate,Caguas,PR,Puerto Rico,725.0
19148,Corporate,Caguas,PR,Puerto Rico,725.0
15732,Corporate,Caguas,PR,Puerto Rico,725.0
15594,Corporate,Caguas,PR,Puerto Rico,725.0
17590,Corporate,Caguas,PR,Puerto Rico,725.0
16360,Corporate,Caguas,PR,Puerto Rico,725.0
15258,Corporate,Caguas,PR,Puerto Rico,725.0
15645,Consumer,Caguas,PR,Puerto Rico,725.0
16560,Consumer,Caguas,PR,Puerto Rico,725.0
10751,Consumer,Caguas,PR,Puerto Rico,725.0
17452,Consumer,San Juan,PR,Puerto Rico,921.0
20407,Consumer,Caguas,PR,Puerto Rico,725.0
18277,Consumer,Caguas,PR,Puerto Rico,725.0
17477,Consumer,Caguas,PR,Puerto Rico,725.0
6133,Consumer,Caguas,PR,Puerto Rico,725.0
20538,Consumer,Caguas,PR,Puerto Rico,725.0
18726,Consumer,Caguas,PR,Puerto Rico,725.0
19991,Consumer,Caguas,PR,Puerto Rico,725.0
19968,Consumer,Caguas,PR,Puerto Rico,725.0
17129,Consumer,Caguas,PR,Puerto Rico,725.0
16233,Consumer,Caguas,PR,Puerto Rico,725.0
18992,Consumer,Caguas,PR,Puerto Rico,725.0
17863,Consumer,Caguas,PR,Puerto Rico,725.0
15183,Consumer,Caguas,PR,Puerto Rico,725.0
20263,Consumer,Caguas,PR,Puerto Rico,725.0
1755,Consumer,Bayamon,PR,Puerto Rico,957.0
5178,Consumer,Caguas,PR,Puerto Rico,725.0
4448,Consumer,Caguas,PR,Puerto Rico,725.0
10393,Consumer,Caguas,PR,Puerto Rico,725.0
14165,Consumer,Caguas,PR,Puerto Rico,725.0
14071,Consumer,Caguas,PR,Puerto Rico,725.0
13053,Consumer,Caguas,PR,Puerto Rico,725.0
13106,Consumer,Caguas,PR,Puerto Rico,725.0
14340,Consumer,Caguas,PR,Puerto Rico,725.0
13483,Consumer,Caguas,PR,Puerto Rico,725.0
14514,Consumer,San Juan,PR,Puerto Rico,921.0
13480,Consumer,Caguas,PR,Puerto Rico,725.0
14913,Consumer,Caguas,PR,Puerto Rico,725.0
14037,Consumer,Caguas,PR,Puerto Rico,725.0
13893,Consumer,Caguas,PR,Puerto Rico,725.0
13766,Consumer,Caguas,PR,Puerto Rico,725.0
13603,Consumer,Caguas,PR,Puerto Rico,725.0
14729,Consumer,Caguas,PR,Puerto Rico,725.0
13996,Consumer,Caguas,PR,Puerto Rico,725.0
11057,Consumer,Caguas,PR,Puerto Rico,725.0
1668,Consumer,Caguas,PR,Puerto Rico,725.0
12528,Consumer,Caguas,PR,Puerto Rico,725.0
15030,Consumer,Guaynabo,PR,Puerto Rico,969.0
15001,Consumer,Caguas,PR,Puerto Rico,725.0
14965,Consumer,Caguas,PR,Puerto Rico,725.0
12923,Consumer,Caguas,PR,Puerto Rico,725.0
7827,Consumer,Caguas,PR,Puerto Rico,725.0
20483,Consumer,Caguas,PR,Puerto Rico,725.0
20169,Consumer,Caguas,PR,Puerto Rico,725.0
17170,Consumer,Caguas,PR,Puerto Rico,725.0
16327,Consumer,Caguas,PR,Puerto Rico,725.0
17892,Consumer,Caguas,PR,Puerto Rico,725.0
18066,Consumer,Caguas,PR,Puerto Rico,725.0
16411,Consumer,Caguas,PR,Puerto Rico,725.0
16570,Consumer,Caguas,PR,Puerto Rico,725.0
19262,Consumer,Caguas,PR,Puerto Rico,725.0
16567,Consumer,Guayama,PR,Puerto Rico,784.0
19188,Consumer,Caguas,PR,Puerto Rico,725.0
16544,Consumer,Caguas,PR,Puerto Rico,725.0
19218,Consumer,Caguas,PR,Puerto Rico,725.0
15782,Consumer,Arecibo,PR,Puerto Rico,612.0
6715,Consumer,Caguas,PR,Puerto Rico,725.0
17924,Consumer,Caguas,PR,Puerto Rico,725.0
11811,Consumer,Caguas,PR,Puerto Rico,725.0
20747,Consumer,Caguas,PR,Puerto Rico,725.0
17358,Consumer,Caguas,PR,Puerto Rico,725.0
1529,Consumer,Caguas,PR,Puerto Rico,725.0
17918,Consumer,Caguas,PR,Puerto Rico,725.0
17970,Consumer,Caguas,PR,Puerto Rico,725.0
18344,Consumer,Caguas,PR,Puerto Rico,725.0
20470,Consumer,Caguas,PR,Puerto Rico,725.0
17967,Consumer,Caguas,PR,Puerto Rico,725.0
17634,Consumer,Caguas,PR,Puerto Rico,725.0
15412,Consumer,Caguas,PR,Puerto Rico,725.0
15535,Consumer,Caguas,PR,Puerto Rico,725.0
18693,Consumer,Caguas,PR,Puerto Rico,725.0
18691,Consumer,Caguas,PR,Puerto Rico,725.0
15618,Consumer,Caguas,PR,Puerto Rico,725.0
15671,Consumer,Caguas,PR,Puerto Rico,725.0
17581,Consumer,Caguas,PR,Puerto Rico,725.0
16277,Consumer,Caguas,PR,Puerto Rico,725.0
18556,Consumer,Caguas,PR,Puerto Rico,725.0
20312,Consumer,Caguas,PR,Puerto Rico,725.0
19898,Consumer,Caguas,PR,Puerto Rico,725.0
17044,Consumer,Caguas,PR,Puerto Rico,725.0
20113,Consumer,Caguas,PR,Puerto Rico,725.0
16290,Consumer,Caguas,PR,Puerto Rico,725.0
18534,Consumer,Caguas,PR,Puerto Rico,725.0
18552,Consumer,Caguas,PR,Puerto Rico,725.0
20129,Consumer,Caguas,PR,Puerto Rico,725.0
19822,Consumer,Caguas,PR,Puerto Rico,725.0
16343,Consumer,Caguas,PR,Puerto Rico,725.0
20306,Consumer,Caguas,PR,Puerto Rico,725.0
20053,Consumer,Caguas,PR,Puerto Rico,725.0
19962,Consumer,Caguas,PR,Puerto Rico,725.0
20177,Consumer,Caguas,PR,Puerto Rico,725.0
19942,Consumer,Caguas,PR,Puerto Rico,725.0
20049,Consumer,Caguas,PR,Puerto Rico,725.0
19832,Consumer,Caguas,PR,Puerto Rico,725.0
17840,Consumer,Caguas,PR,Puerto Rico,725.0
17767,Consumer,Caguas,PR,Puerto Rico,725.0
3014,Consumer,Caguas,PR,Puerto Rico,725.0
6549,Consumer,Caguas,PR,Puerto Rico,725.0
4173,Consumer,Caguas,PR,Puerto Rico,725.0
1552,Consumer,Caguas,PR,Puerto Rico,725.0
2976,Consumer,Caguas,PR,Puerto Rico,725.0
8190,Consumer,Caguas,PR,Puerto Rico,725.0
11927,Consumer,Caguas,PR,Puerto Rico,725.0
6000,Consumer,Caguas,PR,Puerto Rico,725.0
5610,Consumer,Caguas,PR,Puerto Rico,725.0
13969,Consumer,Caguas,PR,Puerto Rico,725.0
14799,Consumer,Caguas,PR,Puerto Rico,725.0
12622,Consumer,Caguas,PR,Puerto Rico,725.0
12513,Consumer,Caguas,PR,Puerto Rico,725.0
15079,Consumer,Caguas,PR,Puerto Rico,725.0
13311,Consumer,Caguas,PR,Puerto Rico,725.0
14574,Consumer,Caguas,PR,Puerto Rico,725.0
13524,Consumer,Caguas,PR,Puerto Rico,725.0
14307,Consumer,Caguas,PR,Puerto Rico,725.0
13288,Consumer,Caguas,PR,Puerto Rico,725.0
14535,Consumer,Caguas,PR,Puerto Rico,725.0
14499,Consumer,San Juan,PR,Puerto Rico,921.0
13251,Consumer,Caguas,PR,Puerto Rico,725.0
14660,Consumer,Caguas,PR,Puerto Rico,725.0
14359,Consumer,Caguas,PR,Puerto Rico,725.0
13214,Consumer,Caguas,PR,Puerto Rico,725.0
13033,Consumer,Caguas,PR,Puerto Rico,725.0
14193,Consumer,Caguas,PR,Puerto Rico,725.0
13066,Consumer,Caguas,PR,Puerto Rico,725.0
14600,Consumer,Caguas,PR,Puerto Rico,725.0
13406,Consumer,Caguas,PR,Puerto Rico,725.0
13478,Consumer,Caguas,PR,Puerto Rico,725.0
14280,Consumer,Caguas,PR,Puerto Rico,725.0
13045,Consumer,Caguas,PR,Puerto Rico,725.0
14687,Consumer,Caguas,PR,Puerto Rico,725.0
14241,Consumer,Caguas,PR,Puerto Rico,725.0
13385,Consumer,Caguas,PR,Puerto Rico,725.0
13259,Consumer,Caguas,PR,Puerto Rico,725.0
14313,Consumer,Caguas,PR,Puerto Rico,725.0
13240,Consumer,Caguas,PR,Puerto Rico,725.0
13528,Consumer,Caguas,PR,Puerto Rico,725.0
14258,Consumer,Caguas,PR,Puerto Rico,725.0
14078,Consumer,Caguas,PR,Puerto Rico,725.0
2109,Consumer,Caguas,PR,Puerto Rico,725.0
13789,Consumer,Caguas,PR,Puerto Rico,725.0
9339,Consumer,Caguas,PR,Puerto Rico,725.0
3294,Consumer,Caguas,PR,Puerto Rico,725.0
14895,Consumer,Caguas,PR,Puerto Rico,725.0
2304,Consumer,Caguas,PR,Puerto Rico,725.0
14857,Consumer,Caguas,PR,Puerto Rico,725.0
7235,Consumer,Caguas,PR,Puerto Rico,725.0
13677,Consumer,Caguas,PR,Puerto Rico,725.0
13587,Consumer,Caguas,PR,Puerto Rico,725.0
13891,Consumer,Caguas,PR,Puerto Rico,725.0
3897,Consumer,Caguas,PR,Puerto Rico,725.0
13711,Consumer,Caguas,PR,Puerto Rico,725.0
14711,Consumer,Caguas,PR,Puerto Rico,725.0
14016,Consumer,Caguas,PR,Puerto Rico,725.0
5077,Consumer,Caguas,PR,Puerto Rico,725.0
12826,Consumer,Caguas,PR,Puerto Rico,725.0
9262,Consumer,Caguas,PR,Puerto Rico,725.0
14853,Consumer,Caguas,PR,Puerto Rico,725.0
13654,Consumer,Caguas,PR,Puerto Rico,725.0
13564,Consumer,Caguas,PR,Puerto Rico,725.0
12806,Consumer,Caguas,PR,Puerto Rico,725.0
14049,Consumer,Caguas,PR,Puerto Rico,725.0
13904,Consumer,Caguas,PR,Puerto Rico,725.0
6292,Consumer,Caguas,PR,Puerto Rico,725.0
6039,Consumer,Caguas,PR,Puerto Rico,725.0
12749,Consumer,Caguas,PR,Puerto Rico,725.0
13721,Consumer,Caguas,PR,Puerto Rico,725.0
14828,Consumer,Caguas,PR,Puerto Rico,725.0
12818,Consumer,Caguas,PR,Puerto Rico,725.0
13971,Consumer,Caguas,PR,Puerto Rico,725.0
14881,Consumer,Caguas,PR,Puerto Rico,725.0
14701,Consumer,Caguas,PR,Puerto Rico,725.0
13988,Consumer,Caguas,PR,Puerto Rico,725.0
12422,Consumer,Caguas,PR,Puerto Rico,725.0
6939,Consumer,Caguas,PR,Puerto Rico,725.0
3335,Consumer,Caguas,PR,Puerto Rico,725.0
8976,Consumer,Caguas,PR,Puerto Rico,725.0
2036,Consumer,Caguas,PR,Puerto Rico,725.0
11035,Consumer,Manati,PR,Puerto Rico,674.0
12349,Consumer,Caguas,PR,Puerto Rico,725.0
5444,Consumer,Caguas,PR,Puerto Rico,725.0
12560,Consumer,Caguas,PR,Puerto Rico,725.0
12716,Consumer,Caguas,PR,Puerto Rico,725.0
12661,Consumer,Caguas,PR,Puerto Rico,725.0
12571,Consumer,Caguas,PR,Puerto Rico,725.0
12638,Consumer,Caguas,PR,Puerto Rico,725.0
12565,Consumer,Caguas,PR,Puerto Rico,725.0
12633,Consumer,Caguas,PR,Puerto Rico,725.0
12829,Consumer,Caguas,PR,Puerto Rico,725.0
15010,Consumer,Caguas,PR,Puerto Rico,725.0
15136,Consumer,Caguas,PR,Puerto Rico,725.0
12933,Consumer,Caguas,PR,Puerto Rico,725.0
12929,Consumer,Caguas,PR,Puerto Rico,725.0
12911,Consumer,Caguas,PR,Puerto Rico,725.0
12852,Consumer,Caguas,PR,Puerto Rico,725.0
12942,Consumer,Caguas,PR,Puerto Rico,725.0
1752,Consumer,Humacao,PR,Puerto Rico,791.0
11084,Consumer,Caguas,PR,Puerto Rico,725.0
2011,Consumer,Caguas,PR,Puerto Rico,725.0
2090,Consumer,Caguas,PR,Puerto Rico,725.0
8438,Consumer,Caguas,PR,Puerto Rico,725.0
6687,Consumer,Caguas,PR,Puerto Rico,725.0
4878,Consumer,Caguas,PR,Puerto Rico,725.0
2700,Consumer,Caguas,PR,Puerto Rico,725.0
12252,Consumer,Caguas,PR,Puerto Rico,725.0
17502,Consumer,Caguas,PR,Puerto Rico,725.0
20419,Consumer,Caguas,PR,Puerto Rico,725.0
15454,Consumer,Caguas,PR,Puerto Rico,725.0
18155,Consumer,Caguas,PR,Puerto Rico,725.0
18082,Consumer,Caguas,PR,Puerto Rico,725.0
18224,Consumer,Caguas,PR,Puerto Rico,725.0
18260,Consumer,Caguas,PR,Puerto Rico,725.0
18253,Consumer,Caguas,PR,Puerto Rico,725.0
18195,Consumer,Caguas,PR,Puerto Rico,725.0
18192,Consumer,Caguas,PR,Puerto Rico,725.0
16483,Consumer,Caguas,PR,Puerto Rico,725.0
16627,Consumer,Caguas,PR,Puerto Rico,725.0
19209,Consumer,Caguas,PR,Puerto Rico,725.0
19135,Consumer,Caguas,PR,Puerto Rico,725.0
16511,Consumer,Caguas,PR,Puerto Rico,725.0
19061,Consumer,Caguas,PR,Puerto Rico,725.0
16401,Consumer,Caguas,PR,Puerto Rico,725.0
19095,Consumer,Caguas,PR,Puerto Rico,725.0
16396,Consumer,Caguas,PR,Puerto Rico,725.0
15737,Consumer,Caguas,PR,Puerto Rico,725.0
15802,Consumer,Caguas,PR,Puerto Rico,725.0
15765,Consumer,Caguas,PR,Puerto Rico,725.0
18780,Consumer,Caguas,PR,Puerto Rico,725.0
18797,Consumer,Caguas,PR,Puerto Rico,725.0
18761,Consumer,Caguas,PR,Puerto Rico,725.0
15867,Consumer,Caguas,PR,Puerto Rico,725.0
15865,Consumer,Caguas,PR,Puerto Rico,725.0
15883,Consumer,Caguas,PR,Puerto Rico,725.0
1296,Consumer,Caguas,PR,Puerto Rico,725.0
479,Consumer,Caguas,PR,Puerto Rico,725.0
20625,Consumer,Caguas,PR,Puerto Rico,725.0
20715,Consumer,Caguas,PR,Puerto Rico,725.0
17379,Consumer,Caguas,PR,Puerto Rico,725.0
16074,Consumer,Caguas,PR,Puerto Rico,725.0
17414,Consumer,Caguas,PR,Puerto Rico,725.0
17976,Consumer,Caguas,PR,Puerto Rico,725.0
1396,Consumer,Caguas,PR,Puerto Rico,725.0
1077,Consumer,Caguas,PR,Puerto Rico,725.0
17700,Consumer,Caguas,PR,Puerto Rico,725.0
20442,Consumer,Caguas,PR,Puerto Rico,725.0
17395,Consumer,Caguas,PR,Puerto Rico,725.0
17340,Consumer,Bayamon,PR,Puerto Rico,957.0
17716,Consumer,Caguas,PR,Puerto Rico,725.0
16088,Consumer,Caguas,PR,Puerto Rico,725.0
16070,Consumer,Caguas,PR,Puerto Rico,725.0
17698,Consumer,Caguas,PR,Puerto Rico,725.0
18009,Consumer,Caguas,PR,Puerto Rico,725.0
17625,Consumer,Caguas,PR,Puerto Rico,725.0
1829,Consumer,Caguas,PR,Puerto Rico,725.0
20708,Consumer,Caguas,PR,Puerto Rico,725.0
18006,Consumer,Caguas,PR,Puerto Rico,725.0
16066,Consumer,Caguas,PR,Puerto Rico,725.0
1778,Consumer,Caguas,PR,Puerto Rico,725.0
17730,Consumer,Caguas,PR,Puerto Rico,725.0
4587,Consumer,Caguas,PR,Puerto Rico,725.0
16029,Consumer,Caguas,PR,Puerto Rico,725.0
3632,Consumer,Caguas,PR,Puerto Rico,725.0
811,Consumer,Caguas,PR,Puerto Rico,725.0
20687,Consumer,Caguas,PR,Puerto Rico,725.0
17692,Consumer,Caguas,PR,Puerto Rico,725.0
18021,Consumer,Caguas,PR,Puerto Rico,725.0
18397,Consumer,San Juan,PR,Puerto Rico,921.0
20614,Consumer,Caguas,PR,Puerto Rico,725.0
15937,Consumer,Caguas,PR,Puerto Rico,725.0
17494,Consumer,Caguas,PR,Puerto Rico,725.0
17948,Consumer,Caguas,PR,Puerto Rico,725.0
20577,Consumer,Caguas,PR,Puerto Rico,725.0
6861,Consumer,Caguas,PR,Puerto Rico,725.0
20612,Consumer,Caguas,PR,Puerto Rico,725.0
20575,Consumer,Caguas,PR,Puerto Rico,725.0
17330,Consumer,Caguas,PR,Puerto Rico,725.0
20610,Consumer,Caguas,PR,Puerto Rico,725.0
20556,Consumer,Caguas,PR,Puerto Rico,725.0
18375,Consumer,Caguas,PR,Puerto Rico,725.0
18357,Consumer,Caguas,PR,Puerto Rico,725.0
17980,Consumer,Caguas,PR,Puerto Rico,725.0
7626,Consumer,Caguas,PR,Puerto Rico,725.0
15339,Consumer,Caguas,PR,Puerto Rico,725.0
15607,Consumer,Caguas,PR,Puerto Rico,725.0
18732,Consumer,Caguas,PR,Puerto Rico,725.0
15586,Consumer,Caguas,PR,Puerto Rico,725.0
15568,Consumer,Caguas,PR,Puerto Rico,725.0
15638,Consumer,Caguas,PR,Puerto Rico,725.0
15386,Consumer,Caguas,PR,Puerto Rico,725.0
15673,Consumer,Caguas,PR,Puerto Rico,725.0
15565,Consumer,Caguas,PR,Puerto Rico,725.0
15401,Consumer,Caguas,PR,Puerto Rico,725.0
15540,Consumer,Caguas,PR,Puerto Rico,725.0
10014,Consumer,Greeley,CO,EE. UU.,80631.0
4947,Consumer,Hialeah,FL,EE. UU.,33016.0
5662,Consumer,Scottsdale,AZ,EE. UU.,85254.0
5794,Consumer,Philadelphia,PA,EE. UU.,19140.0
5912,Consumer,Tampa,FL,EE. UU.,33624.0
4950,Consumer,Amarillo,TX,EE. UU.,79109.0
6801,Consumer,Caguas,PR,Puerto Rico,725.0
11709,Consumer,Caguas,PR,Puerto Rico,725.0
9893,Consumer,Caguas,PR,Puerto Rico,725.0
7374,Consumer,Caguas,PR,Puerto Rico,725.0
2196,Home Office,Pompano Beach,FL,EE. UU.,33068.0
3445,Consumer,Caguas,PR,Puerto Rico,725.0
10446,Home Office,Cumberland,MD,EE. UU.,21502.0
5975,Home Office,Caguas,PR,Puerto Rico,725.0
6116,Home Office,Philadelphia,PA,EE. UU.,19104.0
303,Consumer,Caguas,PR,Puerto Rico,725.0
7385,Home Office,Phoenix,AZ,EE. UU.,85040.0
10045,Home Office,San Jose,CA,EE. UU.,95125.0
11740,Home Office,El Cajon,CA,EE. UU.,92021.0
5641,Consumer,Caguas,PR,Puerto Rico,725.0
2314,Consumer,Caguas,PR,Puerto Rico,725.0
8779,Home Office,Opa Locka,FL,EE. UU.,33055.0
10520,Home Office,Kent,WA,EE. UU.,98031.0
11795,Home Office,Philadelphia,PA,EE. UU.,19148.0
1227,Home Office,Brooklyn,NY,EE. UU.,11209.0
10732,Home Office,Hickory,NC,EE. UU.,28601.0
7496,Home Office,Caguas,PR,Puerto Rico,725.0
147,Home Office,Hanover,PA,EE. UU.,17331.0
9092,Home Office,Columbia,TN,EE. UU.,38401.0
18064,Consumer,Peoria,AZ,EE. UU.,85345.0
18222,Consumer,Panorama City,CA,EE. UU.,91402.0
18272,Consumer,El Cajon,CA,EE. UU.,92021.0
18196,Consumer,Fort Lauderdale,FL,EE. UU.,33313.0
16458,Consumer,Garland,TX,EE. UU.,75040.0
19185,Consumer,Westminster,CA,EE. UU.,92683.0
16453,Consumer,Florissant,MO,EE. UU.,63031.0
15681,Consumer,Hayward,CA,EE. UU.,94544.0
15986,Consumer,Philadelphia,PA,EE. UU.,19148.0
18406,Consumer,Tonawanda,NY,EE. UU.,14150.0
17691,Consumer,Lawton,OK,EE. UU.,73505.0
18734,Consumer,Chandler,AZ,EE. UU.,85224.0
18709,Consumer,New York,NY,EE. UU.,10027.0
17588,Consumer,Modesto,CA,EE. UU.,95355.0
17189,Consumer,North Richland Hills,TX,EE. UU.,76180.0
20365,Consumer,San Francisco,CA,EE. UU.,94122.0
17043,Consumer,Saint Paul,MN,EE. UU.,55124.0
20127,Consumer,Rancho Cucamonga,CA,EE. UU.,91730.0
19926,Consumer,Mesa,AZ,EE. UU.,85204.0
18985,Consumer,Yonkers,NY,EE. UU.,10701.0
18079,Consumer,Bakersfield,CA,EE. UU.,93304.0
18203,Consumer,Daly City,CA,EE. UU.,94014.0
18038,Consumer,Salina,KS,EE. UU.,67401.0
18254,Consumer,Las Vegas,NV,EE. UU.,89110.0
18124,Consumer,San Jose,CA,EE. UU.,95127.0
18211,Consumer,Del Rio,TX,EE. UU.,78840.0
19233,Consumer,Portland,OR,EE. UU.,97229.0
19223,Consumer,Sanford,NC,EE. UU.,27330.0
19222,Consumer,New York,NY,EE. UU.,10024.0
16400,Consumer,Brooklyn,NY,EE. UU.,11238.0
19147,Consumer,Raleigh,NC,EE. UU.,27606.0
16416,Consumer,Winnetka,CA,EE. UU.,91306.0
19236,Consumer,Strongsville,OH,EE. UU.,44136.0
19090,Consumer,Greenville,NC,EE. UU.,27858.0
15789,Consumer,Lynn,MA,EE. UU.,1902.0
15788,Consumer,Chicago,IL,EE. UU.,60623.0
18824,Consumer,Manchester,CT,EE. UU.,6040.0
15804,Consumer,Las Vegas,NV,EE. UU.,89121.0
15821,Consumer,Placentia,CA,EE. UU.,92870.0
15817,Consumer,Portland,OR,EE. UU.,97206.0
15744,Consumer,Annandale,VA,EE. UU.,22003.0
18781,Consumer,Jersey City,NJ,EE. UU.,7305.0
15905,Consumer,Waipahu,HI,EE. UU.,96797.0
18760,Consumer,Norfolk,VA,EE. UU.,23503.0
18793,Consumer,Warren,MI,EE. UU.,48093.0
17961,Consumer,New Braunfels,TX,EE. UU.,78130.0
18517,Consumer,Findlay,OH,EE. UU.,45840.0
17435,Consumer,Aurora,IL,EE. UU.,60506.0
17996,Consumer,Lewisville,TX,EE. UU.,75067.0
17308,Consumer,Reynoldsburg,OH,EE. UU.,43068.0
17958,Consumer,Saint Paul,MN,EE. UU.,55124.0
20641,Consumer,Raleigh,NC,EE. UU.,27606.0
20676,Consumer,Granite City,IL,EE. UU.,62040.0
18296,Consumer,Chicago,IL,EE. UU.,60649.0
16069,Consumer,El Paso,TX,EE. UU.,79924.0
17714,Consumer,Fort Lauderdale,FL,EE. UU.,33313.0
17917,Consumer,Madera,CA,EE. UU.,93638.0
18491,Consumer,Miami,FL,EE. UU.,33175.0
17372,Consumer,Washington,DC,EE. UU.,20009.0
15959,Consumer,Fort Lauderdale,FL,EE. UU.,33311.0
16030,Consumer,Pomona,CA,EE. UU.,91766.0
17389,Consumer,Philadelphia,PA,EE. UU.,19131.0
17262,Consumer,Louisville,KY,EE. UU.,40214.0
16083,Consumer,Cumberland,MD,EE. UU.,21502.0
18289,Consumer,New York,NY,EE. UU.,10025.0
16026,Consumer,Colorado Springs,CO,EE. UU.,80906.0
18466,Consumer,Palatine,IL,EE. UU.,60067.0
15953,Consumer,Piscataway,NJ,EE. UU.,8854.0
18000,Consumer,Brownsville,TX,EE. UU.,78520.0
17329,Consumer,Phoenix,AZ,EE. UU.,85008.0
20393,Consumer,Bronx,NY,EE. UU.,10463.0
17490,Consumer,San Pablo,CA,EE. UU.,94806.0
15485,Consumer,Bakersfield,CA,EE. UU.,93304.0
15431,Consumer,Saint Paul,MN,EE. UU.,55106.0
15321,Consumer,New York,NY,EE. UU.,10002.0
15464,Consumer,North Las Vegas,NV,EE. UU.,89030.0
15369,Consumer,Kailua,HI,EE. UU.,96734.0
15585,Consumer,Dallas,TX,EE. UU.,75287.0
18710,Consumer,Aurora,IL,EE. UU.,60504.0
15493,Consumer,Chicago,IL,EE. UU.,60621.0
15455,Consumer,Morristown,NJ,EE. UU.,7960.0
15668,Consumer,Rancho Cucamonga,CA,EE. UU.,91730.0
15379,Consumer,Salt Lake City,UT,EE. UU.,84118.0
17585,Consumer,Costa Mesa,CA,EE. UU.,92626.0
17619,Consumer,Wayne,NJ,EE. UU.,7470.0
15214,Consumer,Chicago,IL,EE. UU.,60622.0
17820,Consumer,Santa Ana,CA,EE. UU.,92705.0
15250,Consumer,Chicago,IL,EE. UU.,60614.0
17047,Consumer,Perth Amboy,NJ,EE. UU.,8861.0
17154,Consumer,Toms River,NJ,EE. UU.,8753.0
17081,Consumer,Philadelphia,PA,EE. UU.,19145.0
20204,Consumer,Alpharetta,GA,EE. UU.,30022.0
20131,Consumer,New Orleans,LA,EE. UU.,70119.0
18590,Consumer,Sandusky,OH,EE. UU.,44870.0
20311,Consumer,Lawton,OK,EE. UU.,73505.0
15174,Consumer,Phoenix,AZ,EE. UU.,85008.0
17186,Consumer,Livermore,CA,EE. UU.,94550.0
17150,Consumer,Brooklyn,NY,EE. UU.,11214.0
20075,Consumer,Mission Viejo,CA,EE. UU.,92692.0
17059,Consumer,San Diego,CA,EE. UU.,92104.0
20056,Consumer,Orange Park,FL,EE. UU.,32073.0
17255,Consumer,San Diego,CA,EE. UU.,92114.0
17111,Consumer,Rio Rancho,NM,EE. UU.,87124.0
17792,Consumer,Cleveland,OH,EE. UU.,44105.0
17109,Consumer,Bend,OR,EE. UU.,97701.0
17810,Consumer,Tallahassee,FL,EE. UU.,32308.0
20052,Consumer,Michigan City,IN,EE. UU.,46360.0
20178,Consumer,Dallas,TX,EE. UU.,75228.0
18601,Consumer,Harlingen,TX,EE. UU.,78550.0
20376,Consumer,Hagerstown,MD,EE. UU.,21740.0
16194,Consumer,Salt Lake City,UT,EE. UU.,84119.0
19997,Consumer,Fort Washington,MD,EE. UU.,20744.0
15273,Consumer,Roswell,GA,EE. UU.,30075.0
16373,Consumer,Santa Ana,CA,EE. UU.,92707.0
16355,Consumer,Fontana,CA,EE. UU.,92336.0
17232,Consumer,Mesquite,TX,EE. UU.,75149.0
19023,Consumer,Valrico,FL,EE. UU.,33594.0
17157,Consumer,Honolulu,HI,EE. UU.,96816.0
15215,Consumer,Mentor,OH,EE. UU.,44060.0
16189,Consumer,Fresno,CA,EE. UU.,93722.0
18101,Consumer,San Jose,CA,EE. UU.,95127.0
18205,Consumer,Tucson,AZ,EE. UU.,85713.0
18219,Consumer,Atlanta,GA,EE. UU.,30318.0
18107,Consumer,Santa Ana,CA,EE. UU.,92707.0
18213,Consumer,Buffalo,NY,EE. UU.,14221.0
17900,Consumer,El Paso,TX,EE. UU.,79936.0
18120,Consumer,Middletown,CT,EE. UU.,6457.0
16395,Consumer,Fort Lauderdale,FL,EE. UU.,33311.0
19087,Consumer,Aurora,CO,EE. UU.,80011.0
16573,Consumer,Tucson,AZ,EE. UU.,85706.0
19211,Consumer,Ventura,CA,EE. UU.,93003.0
16621,Consumer,Saint Paul,MN,EE. UU.,55112.0
16583,Consumer,Dorchester Center,MA,EE. UU.,2124.0
19060,Consumer,Aurora,CO,EE. UU.,80012.0
16436,Consumer,Memphis,TN,EE. UU.,38109.0
19039,Consumer,Elgin,IL,EE. UU.,60120.0
19037,Consumer,Murfreesboro,TN,EE. UU.,37130.0
19180,Consumer,Madera,CA,EE. UU.,93638.0
15766,Consumer,Hagerstown,MD,EE. UU.,21740.0
16058,Consumer,Brooklyn,NY,EE. UU.,11204.0
20697,Consumer,Columbus,OH,EE. UU.,43230.0
17378,Consumer,El Paso,TX,EE. UU.,79927.0
18876,Consumer,Ontario,CA,EE. UU.,91764.0
17306,Consumer,Bowling Green,KY,EE. UU.,42101.0
17269,Consumer,Silver Spring,MD,EE. UU.,20904.0
17503,Consumer,Palatine,IL,EE. UU.,60067.0
17993,Consumer,Los Angeles,CA,EE. UU.,90042.0
17412,Consumer,Bronx,NY,EE. UU.,10463.0
17974,Consumer,Salinas,CA,EE. UU.,93905.0
18493,Consumer,Greensboro,NC,EE. UU.,27410.0
17410,Consumer,Springfield,MO,EE. UU.,65807.0
17338,Consumer,Austin,TX,EE. UU.,78753.0
17373,Consumer,Lawton,OK,EE. UU.,73505.0
18275,Consumer,Hayward,CA,EE. UU.,94544.0
20744,Consumer,Washington,PA,EE. UU.,15301.0
17405,Consumer,Bronx,NY,EE. UU.,10467.0
18468,Consumer,Mililani,HI,EE. UU.,96789.0
20523,Consumer,Douglasville,GA,EE. UU.,30135.0
17277,Consumer,Laredo,TX,EE. UU.,78040.0
17726,Consumer,Memphis,TN,EE. UU.,38128.0
20377,Consumer,Aurora,CO,EE. UU.,80010.0
20611,Consumer,Jacksonville,FL,EE. UU.,32225.0
17652,Consumer,Fayetteville,NC,EE. UU.,28314.0
18464,Consumer,Greensboro,NC,EE. UU.,27406.0
17651,Consumer,Philadelphia,PA,EE. UU.,19143.0
15628,Consumer,Panorama City,CA,EE. UU.,91402.0
15502,Consumer,Baltimore,MD,EE. UU.,21218.0
18663,Consumer,El Paso,TX,EE. UU.,79924.0
15625,Consumer,Atlanta,GA,EE. UU.,30318.0
15589,Consumer,Grand Prairie,TX,EE. UU.,75052.0
18733,Consumer,Baldwin Park,CA,EE. UU.,91706.0
15372,Consumer,Visalia,CA,EE. UU.,93277.0
15390,Consumer,Martinsburg,WV,EE. UU.,25401.0
15371,Consumer,Knoxville,TN,EE. UU.,37922.0
15639,Consumer,Rego Park,NY,EE. UU.,11374.0
15674,Consumer,Brooklyn,NY,EE. UU.,11226.0
15544,Consumer,Houston,TX,EE. UU.,77083.0
15399,Consumer,Los Angeles,CA,EE. UU.,90042.0
15361,Consumer,Houston,TX,EE. UU.,77083.0
17589,Consumer,Orlando,FL,EE. UU.,32825.0
17550,Consumer,Woonsocket,RI,EE. UU.,2895.0
20368,Consumer,Miami,FL,EE. UU.,33157.0
15177,Consumer,Long Beach,CA,EE. UU.,90805.0
18575,Consumer,Rochester,NY,EE. UU.,14609.0
18538,Consumer,Escondido,CA,EE. UU.,92027.0
18574,Consumer,Bismarck,ND,EE. UU.,58501.0
17151,Consumer,Virginia Beach,VA,EE. UU.,23456.0
16292,Consumer,Laredo,TX,EE. UU.,78040.0
17851,Consumer,Santa Ana,CA,EE. UU.,92703.0
17833,Consumer,Portland,OR,EE. UU.,97229.0
18961,Consumer,Chicago,IL,EE. UU.,60613.0
18979,Consumer,Philadelphia,PA,EE. UU.,19143.0
16254,Consumer,Tempe,AZ,EE. UU.,85283.0
15280,Consumer,Greenville,NC,EE. UU.,27834.0
17795,Consumer,Woodbridge,VA,EE. UU.,22192.0
16199,Consumer,Warren,MI,EE. UU.,48093.0
20362,Consumer,Las Vegas,NV,EE. UU.,89110.0
16234,Consumer,Toms River,NJ,EE. UU.,8753.0
17793,Consumer,Mesa,AZ,EE. UU.,85201.0
15241,Consumer,Houston,TX,EE. UU.,77093.0
17056,Consumer,Colorado Springs,CO,EE. UU.,80906.0
20126,Consumer,Joliet,IL,EE. UU.,60435.0
16269,Consumer,Greeley,CO,EE. UU.,80631.0
17128,Consumer,Raleigh,NC,EE. UU.,27606.0
17809,Consumer,Mentor,OH,EE. UU.,44060.0
17879,Consumer,Houston,TX,EE. UU.,77036.0
17124,Consumer,Portland,OR,EE. UU.,97223.0
18935,Consumer,South San Francisco,CA,EE. UU.,94080.0
18989,Consumer,Fort Lauderdale,FL,EE. UU.,33311.0
20230,Consumer,Amarillo,TX,EE. UU.,79109.0
20265,Consumer,Moreno Valley,CA,EE. UU.,92557.0
16264,Consumer,El Paso,TX,EE. UU.,79936.0
18898,Consumer,Chandler,AZ,EE. UU.,85225.0
20211,Consumer,Greenville,NC,EE. UU.,27834.0
20084,Consumer,Sugar Land,TX,EE. UU.,77479.0
17841,Consumer,Tinley Park,IL,EE. UU.,60477.0
17230,Consumer,Fort Worth,TX,EE. UU.,76116.0
15288,Consumer,Lenoir,NC,EE. UU.,28645.0
17067,Consumer,Rancho Cordova,CA,EE. UU.,95670.0
20227,Consumer,Greensboro,NC,EE. UU.,27410.0
17210,Consumer,Stockbridge,GA,EE. UU.,30281.0
17192,Consumer,Decatur,GA,EE. UU.,30032.0
18967,Consumer,Santa Ana,CA,EE. UU.,92707.0
15161,Consumer,Stone Mountain,GA,EE. UU.,30083.0
18142,Consumer,Milwaukee,WI,EE. UU.,53209.0
16502,Consumer,Bronx,NY,EE. UU.,10473.0
16435,Consumer,Bronx,NY,EE. UU.,10472.0
18746,Consumer,San Jose,CA,EE. UU.,95111.0
17960,Consumer,Perth Amboy,NJ,EE. UU.,8861.0
16021,Consumer,Chicago,IL,EE. UU.,60640.0
20637,Consumer,Frankfort,KY,EE. UU.,40601.0
18362,Consumer,Stockton,CA,EE. UU.,95207.0
18503,Consumer,Hialeah,FL,EE. UU.,33015.0
15419,Consumer,Chillicothe,OH,EE. UU.,45601.0
15380,Consumer,Salinas,CA,EE. UU.,93905.0
17045,Consumer,San Antonio,TX,EE. UU.,78228.0
19844,Consumer,Columbus,OH,EE. UU.,43207.0
15175,Consumer,Crystal Lake,IL,EE. UU.,60014.0
19916,Consumer,Tulare,CA,EE. UU.,93274.0
18536,Consumer,Phoenix,AZ,EE. UU.,85029.0
19778,Consumer,Oxnard,CA,EE. UU.,93030.0
1526,Consumer,Brooklyn,NY,EE. UU.,11223.0
2012,Consumer,Fond Du Lac,WI,EE. UU.,54935.0
6548,Consumer,San Diego,CA,EE. UU.,92129.0
3842,Consumer,Palatine,IL,EE. UU.,60067.0
8359,Consumer,Sacramento,CA,EE. UU.,95828.0
9922,Consumer,Milford,CT,EE. UU.,6460.0
7168,Consumer,Tallahassee,FL,EE. UU.,32303.0
10904,Home Office,Caguas,PR,Puerto Rico,725.0
8985,Home Office,Wyoming,MI,EE. UU.,49509.0
9982,Home Office,Caguas,PR,Puerto Rico,725.0
4146,Consumer,Caguas,PR,Puerto Rico,725.0
539,Home Office,Ventura,CA,EE. UU.,93003.0
3698,Consumer,Caguas,PR,Puerto Rico,725.0
11237,Consumer,Caguas,PR,Puerto Rico,725.0
992,Home Office,New York,NY,EE. UU.,10016.0
6063,Home Office,Caguas,PR,Puerto Rico,725.0
12356,Consumer,Caguas,PR,Puerto Rico,725.0
10919,Home Office,San Marcos,CA,EE. UU.,92069.0
2428,Home Office,Carmichael,CA,EE. UU.,95608.0
795,Consumer,Caguas,PR,Puerto Rico,725.0
292,Home Office,Columbus,OH,EE. UU.,43207.0
9093,Home Office,Hamilton,OH,EE. UU.,45013.0
1536,Home Office,Fountain Valley,CA,EE. UU.,92708.0
825,Home Office,Aurora,CO,EE. UU.,80010.0
1238,Home Office,Caguas,PR,Puerto Rico,725.0
1888,Home Office,Ypsilanti,MI,EE. UU.,48197.0
4007,Home Office,Murfreesboro,TN,EE. UU.,37130.0
13221,Home Office,Caguas,PR,Puerto Rico,725.0
13148,Home Office,Vega Baja,PR,Puerto Rico,693.0
13468,Home Office,Caguas,PR,Puerto Rico,725.0
8176,Home Office,Caguas,PR,Puerto Rico,725.0
12695,Home Office,Caguas,PR,Puerto Rico,725.0
3958,Home Office,Caguas,PR,Puerto Rico,725.0
16444,Home Office,Caguas,PR,Puerto Rico,725.0
15854,Home Office,Caguas,PR,Puerto Rico,725.0
15792,Home Office,Caguas,PR,Puerto Rico,725.0
17719,Home Office,Caguas,PR,Puerto Rico,725.0
18455,Home Office,Caguas,PR,Puerto Rico,725.0
18678,Home Office,Caguas,PR,Puerto Rico,725.0
16366,Home Office,Caguas,PR,Puerto Rico,725.0
14568,Home Office,Caguas,PR,Puerto Rico,725.0
20510,Home Office,Caguas,PR,Puerto Rico,725.0
17593,Home Office,Caguas,PR,Puerto Rico,725.0
16382,Home Office,Caguas,PR,Puerto Rico,725.0
16250,Home Office,Caguas,PR,Puerto Rico,725.0
14772,Home Office,Caguas,PR,Puerto Rico,725.0
12901,Home Office,Caguas,PR,Puerto Rico,725.0
18188,Home Office,Caguas,PR,Puerto Rico,725.0
18054,Home Office,Caguas,PR,Puerto Rico,725.0
16412,Home Office,Carolina,PR,Puerto Rico,983.0
16590,Home Office,Caguas,PR,Puerto Rico,725.0
20389,Home Office,Caguas,PR,Puerto Rico,725.0
18477,Home Office,Caguas,PR,Puerto Rico,725.0
20622,Home Office,Caguas,PR,Puerto Rico,725.0
17483,Home Office,Caguas,PR,Puerto Rico,725.0
17418,Home Office,Caguas,PR,Puerto Rico,725.0
15531,Home Office,Caguas,PR,Puerto Rico,725.0
15512,Home Office,Caguas,PR,Puerto Rico,725.0
17250,Home Office,Caguas,PR,Puerto Rico,725.0
10531,Home Office,Caguas,PR,Puerto Rico,725.0
8465,Home Office,Caguas,PR,Puerto Rico,725.0
13145,Home Office,Caguas,PR,Puerto Rico,725.0
13335,Home Office,Caguas,PR,Puerto Rico,725.0
14227,Home Office,Caguas,PR,Puerto Rico,725.0
14878,Home Office,Caguas,PR,Puerto Rico,725.0
13715,Home Office,Caguas,PR,Puerto Rico,725.0
14893,Home Office,Caguas,PR,Puerto Rico,725.0
14018,Home Office,Caguas,PR,Puerto Rico,725.0
9870,Home Office,Caguas,PR,Puerto Rico,725.0
13744,Home Office,Caguas,PR,Puerto Rico,725.0
14740,Home Office,Caguas,PR,Puerto Rico,725.0
14900,Home Office,Caguas,PR,Puerto Rico,725.0
13718,Home Office,Caguas,PR,Puerto Rico,725.0
12676,Home Office,Caguas,PR,Puerto Rico,725.0
2248,Home Office,Caguas,PR,Puerto Rico,725.0
19105,Home Office,Caguas,PR,Puerto Rico,725.0
19253,Home Office,Caguas,PR,Puerto Rico,725.0
18365,Home Office,Caguas,PR,Puerto Rico,725.0
18378,Home Office,Caguas,PR,Puerto Rico,725.0
17707,Home Office,Caguas,PR,Puerto Rico,725.0
18034,Home Office,Caguas,PR,Puerto Rico,725.0
15460,Home Office,Caguas,PR,Puerto Rico,725.0
19937,Home Office,Caguas,PR,Puerto Rico,725.0
16206,Home Office,San Sebastian,PR,Puerto Rico,685.0
19882,Home Office,Caguas,PR,Puerto Rico,725.0
17062,Home Office,Caguas,PR,Puerto Rico,725.0
16380,Home Office,Caguas,PR,Puerto Rico,725.0
20200,Home Office,Arecibo,PR,Puerto Rico,612.0
20199,Home Office,Caguas,PR,Puerto Rico,725.0
17147,Home Office,Caguas,PR,Puerto Rico,725.0
19009,Home Office,Caguas,PR,Puerto Rico,725.0
17107,Home Office,Caguas,PR,Puerto Rico,725.0
16103,Home Office,Caguas,PR,Puerto Rico,725.0
15165,Home Office,Caguas,PR,Puerto Rico,725.0
17034,Home Office,Guaynabo,PR,Puerto Rico,969.0
17104,Home Office,Caguas,PR,Puerto Rico,725.0
19849,Home Office,Caguas,PR,Puerto Rico,725.0
20352,Home Office,Caguas,PR,Puerto Rico,725.0
7860,Home Office,Caguas,PR,Puerto Rico,725.0
9013,Home Office,Caguas,PR,Puerto Rico,725.0
2474,Home Office,Caguas,PR,Puerto Rico,725.0
14572,Home Office,Caguas,PR,Puerto Rico,725.0
13940,Home Office,Caguas,PR,Puerto Rico,725.0
13631,Home Office,Caguas,PR,Puerto Rico,725.0
4934,Home Office,Caguas,PR,Puerto Rico,725.0
5743,Home Office,Caguas,PR,Puerto Rico,725.0
12463,Home Office,Caguas,PR,Puerto Rico,725.0
14582,Home Office,Caguas,PR,Puerto Rico,725.0
14528,Home Office,Caguas,PR,Puerto Rico,725.0
14205,Home Office,Caguas,PR,Puerto Rico,725.0
14889,Home Office,Caguas,PR,Puerto Rico,725.0
14932,Home Office,Caguas,PR,Puerto Rico,725.0
16473,Home Office,Caguas,PR,Puerto Rico,725.0
19038,Home Office,Caguas,PR,Puerto Rico,725.0
16577,Home Office,Caguas,PR,Puerto Rico,725.0
15794,Home Office,Caguas,PR,Puerto Rico,725.0
15982,Home Office,Caguas,PR,Puerto Rico,725.0
17935,Home Office,Caguas,PR,Puerto Rico,725.0
15978,Home Office,Caguas,PR,Puerto Rico,725.0
15940,Home Office,Caguas,PR,Puerto Rico,725.0
17743,Home Office,Caguas,PR,Puerto Rico,725.0
15529,Home Office,Caguas,PR,Puerto Rico,725.0
18655,Home Office,Caguas,PR,Puerto Rico,725.0
17544,Home Office,Caguas,PR,Puerto Rico,725.0
20151,Home Office,Caguas,PR,Puerto Rico,725.0
19011,Home Office,Caguas,PR,Puerto Rico,725.0
17180,Home Office,Caguas,PR,Puerto Rico,725.0
18564,Home Office,Caguas,PR,Puerto Rico,725.0
9797,Home Office,Caguas,PR,Puerto Rico,725.0
4418,Home Office,Caguas,PR,Puerto Rico,725.0
4692,Home Office,Caguas,PR,Puerto Rico,725.0
13101,Home Office,Caguas,PR,Puerto Rico,725.0
13842,Home Office,Caguas,PR,Puerto Rico,725.0
13704,Home Office,Caguas,PR,Puerto Rico,725.0
12607,Home Office,Caguas,PR,Puerto Rico,725.0
16536,Home Office,Caguas,PR,Puerto Rico,725.0
18864,Home Office,Caguas,PR,Puerto Rico,725.0
15466,Home Office,Caguas,PR,Puerto Rico,725.0
17198,Home Office,Caguas,PR,Puerto Rico,725.0
886,Home Office,Caguas,PR,Puerto Rico,725.0
12969,Home Office,Caguas,PR,Puerto Rico,725.0
13037,Home Office,Caguas,PR,Puerto Rico,725.0
13270,Home Office,Caguas,PR,Puerto Rico,725.0
13048,Home Office,Caguas,PR,Puerto Rico,725.0
14137,Home Office,Caguas,PR,Puerto Rico,725.0
14690,Home Office,Caguas,PR,Puerto Rico,725.0
14352,Home Office,Caguas,PR,Puerto Rico,725.0
13132,Home Office,Caguas,PR,Puerto Rico,725.0
13770,Home Office,Caguas,PR,Puerto Rico,725.0
14055,Home Office,Caguas,PR,Puerto Rico,725.0
12823,Home Office,Caguas,PR,Puerto Rico,725.0
13884,Home Office,Caguas,PR,Puerto Rico,725.0
13827,Home Office,Caguas,PR,Puerto Rico,725.0
12613,Home Office,Caguas,PR,Puerto Rico,725.0
12502,Home Office,Caguas,PR,Puerto Rico,725.0
15065,Home Office,Caguas,PR,Puerto Rico,725.0
14367,Home Office,Caguas,PR,Puerto Rico,725.0
8219,Home Office,Caguas,PR,Puerto Rico,725.0
19116,Home Office,Caguas,PR,Puerto Rico,725.0
16384,Home Office,Caguas,PR,Puerto Rico,725.0
17398,Home Office,Caguas,PR,Puerto Rico,725.0
20535,Home Office,Caguas,PR,Puerto Rico,725.0
17487,Home Office,Caguas,PR,Puerto Rico,725.0
20750,Home Office,Caguas,PR,Puerto Rico,725.0
20568,Home Office,Caguas,PR,Puerto Rico,725.0
2745,Home Office,Caguas,PR,Puerto Rico,725.0
20549,Home Office,Caguas,PR,Puerto Rico,725.0
20581,Home Office,Caguas,PR,Puerto Rico,725.0
20742,Home Office,Caguas,PR,Puerto Rico,725.0
15309,Home Office,Caguas,PR,Puerto Rico,725.0
17537,Home Office,Caguas,PR,Puerto Rico,725.0
19775,Home Office,Caguas,PR,Puerto Rico,725.0
18927,Home Office,Caguas,PR,Puerto Rico,725.0
16246,Home Office,Caguas,PR,Puerto Rico,725.0
20241,Home Office,Caguas,PR,Puerto Rico,725.0
19802,Home Office,Caguas,PR,Puerto Rico,725.0
5342,Home Office,San Jose,CA,EE. UU.,95111.0
5768,Consumer,Caguas,PR,Puerto Rico,725.0
10795,Home Office,Caguas,PR,Puerto Rico,725.0
5357,Consumer,Caguas,PR,Puerto Rico,725.0
244,Home Office,Long Beach,CA,EE. UU.,90805.0
6869,Home Office,Wayne,NJ,EE. UU.,7470.0
7351,Consumer,Caguas,PR,Puerto Rico,725.0
7808,Home Office,Plano,TX,EE. UU.,75093.0
536,Consumer,Caguas,PR,Puerto Rico,725.0
3093,Home Office,Caguas,PR,Puerto Rico,725.0
6717,Consumer,Caguas,PR,Puerto Rico,725.0
3654,Home Office,Caguas,PR,Puerto Rico,725.0
860,Home Office,Houston,TX,EE. UU.,77081.0
8222,Consumer,Caguas,PR,Puerto Rico,725.0
8594,Home Office,Massillon,OH,EE. UU.,44646.0
6832,Consumer,Saint Louis,MO,EE. UU.,63116.0
3507,Home Office,Caguas,PR,Puerto Rico,725.0
6112,Home Office,Riverside,CA,EE. UU.,92504.0
4075,Consumer,Caguas,PR,Puerto Rico,725.0
8826,Home Office,Greensboro,NC,EE. UU.,27410.0
2672,Consumer,Caguas,PR,Puerto Rico,725.0
4222,Home Office,Beloit,WI,EE. UU.,53511.0
2396,Corporate,Phoenix,AZ,EE. UU.,85035.0
11815,Home Office,Caguas,PR,Puerto Rico,725.0
9696,Home Office,Caguas,PR,Puerto Rico,725.0
14203,Home Office,Caguas,PR,Puerto Rico,725.0
14412,Home Office,Caguas,PR,Puerto Rico,725.0
14146,Home Office,Caguas,PR,Puerto Rico,725.0
14254,Home Office,Caguas,PR,Puerto Rico,725.0
13069,Home Office,Caguas,PR,Puerto Rico,725.0
13050,Home Office,Caguas,PR,Puerto Rico,725.0
13427,Home Office,Caguas,PR,Puerto Rico,725.0
14175,Home Office,Caguas,PR,Puerto Rico,725.0
14336,Home Office,Caguas,PR,Puerto Rico,725.0
14173,Home Office,Caguas,PR,Puerto Rico,725.0
13459,Home Office,Caguas,PR,Puerto Rico,725.0
14063,Home Office,Caguas,PR,Puerto Rico,725.0
13224,Home Office,Caguas,PR,Puerto Rico,725.0
13170,Home Office,Caguas,PR,Puerto Rico,725.0
14260,Home Office,Caguas,PR,Puerto Rico,725.0
14543,Home Office,Caguas,PR,Puerto Rico,725.0
14596,Home Office,Caguas,PR,Puerto Rico,725.0
14734,Home Office,Caguas,PR,Puerto Rico,725.0
14715,Home Office,Caguas,PR,Puerto Rico,725.0
13984,Home Office,Caguas,PR,Puerto Rico,725.0
13658,Home Office,Caguas,PR,Puerto Rico,725.0
9794,Home Office,Caguas,PR,Puerto Rico,725.0
13599,Home Office,Caguas,PR,Puerto Rico,725.0
14797,Home Office,Caguas,PR,Puerto Rico,725.0
13652,Home Office,Caguas,PR,Puerto Rico,725.0
13773,Home Office,Caguas,PR,Puerto Rico,725.0
13755,Home Office,Caguas,PR,Puerto Rico,725.0
14007,Home Office,Caguas,PR,Puerto Rico,725.0
5188,Home Office,Toa Baja,PR,Puerto Rico,949.0
12733,Home Office,Caguas,PR,Puerto Rico,725.0
12674,Home Office,Caguas,PR,Puerto Rico,725.0
12526,Home Office,Caguas,PR,Puerto Rico,725.0
12937,Home Office,Caguas,PR,Puerto Rico,725.0
12879,Home Office,Caguas,PR,Puerto Rico,725.0
15133,Home Office,Caguas,PR,Puerto Rico,725.0
14637,Home Office,Caguas,PR,Puerto Rico,725.0
14402,Home Office,Guayama,PR,Puerto Rico,784.0
13693,Home Office,Caguas,PR,Puerto Rico,725.0
8828,Home Office,Caguas,PR,Puerto Rico,725.0
18190,Home Office,Caguas,PR,Puerto Rico,725.0
18257,Home Office,Caguas,PR,Puerto Rico,725.0
18182,Home Office,Caguas,PR,Puerto Rico,725.0
18177,Home Office,Caguas,PR,Puerto Rico,725.0
16574,Home Office,Caguas,PR,Puerto Rico,725.0
16520,Home Office,Caguas,PR,Puerto Rico,725.0
16518,Home Office,Caguas,PR,Puerto Rico,725.0
16423,Home Office,Caguas,PR,Puerto Rico,725.0
19041,Home Office,Caguas,PR,Puerto Rico,725.0
16615,Home Office,Caguas,PR,Puerto Rico,725.0
19108,Home Office,Caguas,PR,Puerto Rico,725.0
15896,Home Office,Caguas,PR,Puerto Rico,725.0
18801,Home Office,Caguas,PR,Puerto Rico,725.0
15724,Home Office,Caguas,PR,Puerto Rico,725.0
15900,Home Office,Caguas,PR,Puerto Rico,725.0
15846,Home Office,Caguas,PR,Puerto Rico,725.0
20608,Home Office,Caguas,PR,Puerto Rico,725.0
20499,Home Office,Caguas,PR,Puerto Rico,725.0
20660,Home Office,Caguas,PR,Puerto Rico,725.0
18423,Home Office,Caguas,PR,Puerto Rico,725.0
20658,Home Office,Caguas,PR,Puerto Rico,725.0
17733,Home Office,Caguas,PR,Puerto Rico,725.0
18384,Home Office,Caguas,PR,Puerto Rico,725.0
17409,Home Office,Caguas,PR,Puerto Rico,725.0
20384,Home Office,Caguas,PR,Puerto Rico,725.0
5961,Home Office,Caguas,PR,Puerto Rico,725.0
18504,Home Office,Caguas,PR,Puerto Rico,725.0
20738,Home Office,Caguas,PR,Puerto Rico,725.0
20503,Home Office,Caguas,PR,Puerto Rico,725.0
18321,Home Office,Caguas,PR,Puerto Rico,725.0
15987,Home Office,Caguas,PR,Puerto Rico,725.0
20429,Home Office,Caguas,PR,Puerto Rico,725.0
18662,Home Office,Caguas,PR,Puerto Rico,725.0
15312,Home Office,Caguas,PR,Puerto Rico,725.0
17608,Home Office,Caguas,PR,Puerto Rico,725.0
19002,Home Office,Caguas,PR,Puerto Rico,725.0
17046,Home Office,Caguas,PR,Puerto Rico,725.0
16205,Home Office,Caguas,PR,Puerto Rico,725.0
19845,Home Office,Caguas,PR,Puerto Rico,725.0
16186,Home Office,Caguas,PR,Puerto Rico,725.0
15157,Home Office,Caguas,PR,Puerto Rico,725.0
16237,Home Office,Caguas,PR,Puerto Rico,725.0
20292,Home Office,Caguas,PR,Puerto Rico,725.0
16183,Home Office,Caguas,PR,Puerto Rico,725.0
17185,Home Office,Caguas,PR,Puerto Rico,725.0
17149,Home Office,Caguas,PR,Puerto Rico,725.0
19840,Home Office,San Juan,PR,Puerto Rico,921.0
16181,Home Office,Caguas,PR,Puerto Rico,725.0
16127,Home Office,Caguas,PR,Puerto Rico,725.0
18976,Home Office,Caguas,PR,Puerto Rico,725.0
19911,Home Office,Caguas,PR,Puerto Rico,725.0
16143,Home Office,Caguas,PR,Puerto Rico,725.0
17865,Home Office,Caguas,PR,Puerto Rico,725.0
18921,Home Office,Caguas,PR,Puerto Rico,725.0
20143,Home Office,Caguas,PR,Puerto Rico,725.0
19981,Home Office,Caguas,PR,Puerto Rico,725.0
17145,Home Office,Caguas,PR,Puerto Rico,725.0
17215,Home Office,Caguas,PR,Puerto Rico,725.0
19924,Home Office,Caguas,PR,Puerto Rico,725.0
19870,Home Office,Caguas,PR,Puerto Rico,725.0
17070,Home Office,Caguas,PR,Puerto Rico,725.0
17196,Home Office,Caguas,PR,Puerto Rico,725.0
18970,Home Office,Caguas,PR,Puerto Rico,725.0
17141,Home Office,Caguas,PR,Puerto Rico,725.0
18950,Home Office,Caguas,PR,Puerto Rico,725.0
17139,Home Office,Caguas,PR,Puerto Rico,725.0
16369,Home Office,Caguas,PR,Puerto Rico,725.0
16207,Home Office,Caguas,PR,Puerto Rico,725.0
19974,Home Office,Caguas,PR,Puerto Rico,725.0
18931,Home Office,Caguas,PR,Puerto Rico,725.0
19171,Home Office,Caguas,PR,Puerto Rico,725.0
19077,Home Office,Caguas,PR,Puerto Rico,725.0
18777,Home Office,Caguas,PR,Puerto Rico,725.0
18508,Home Office,Caguas,PR,Puerto Rico,725.0
20522,Home Office,Caguas,PR,Puerto Rico,725.0
17292,Home Office,Caguas,PR,Puerto Rico,725.0
826,Home Office,Caguas,PR,Puerto Rico,725.0
17618,Home Office,Caguas,PR,Puerto Rico,725.0
19847,Home Office,Caguas,PR,Puerto Rico,725.0
16311,Home Office,Caguas,PR,Puerto Rico,725.0
17058,Home Office,Caguas,PR,Puerto Rico,725.0
17770,Home Office,Caguas,PR,Puerto Rico,725.0
19868,Home Office,Caguas,PR,Puerto Rico,725.0
18913,Home Office,Caguas,PR,Puerto Rico,725.0
17066,Home Office,Caguas,PR,Puerto Rico,725.0
8318,Home Office,Caguas,PR,Puerto Rico,725.0
955,Home Office,Caguas,PR,Puerto Rico,725.0
4616,Home Office,Caguas,PR,Puerto Rico,725.0
14444,Home Office,Caguas,PR,Puerto Rico,725.0
13735,Home Office,Caguas,PR,Puerto Rico,725.0
13590,Home Office,Caguas,PR,Puerto Rico,725.0
13551,Home Office,Caguas,PR,Puerto Rico,725.0
13544,Home Office,Caguas,PR,Puerto Rico,725.0
15771,Home Office,Caguas,PR,Puerto Rico,725.0
15694,Home Office,Caguas,PR,Puerto Rico,725.0
18314,Home Office,Caguas,PR,Puerto Rico,725.0
20494,Home Office,Caguas,PR,Puerto Rico,725.0
18889,Home Office,Caguas,PR,Puerto Rico,725.0
17481,Home Office,Caguas,PR,Puerto Rico,725.0
18417,Home Office,Caguas,PR,Puerto Rico,725.0
15919,Home Office,Caguas,PR,Puerto Rico,725.0
20541,Home Office,Caguas,PR,Puerto Rico,725.0
17402,Home Office,Caguas,PR,Puerto Rico,725.0
20501,Home Office,Caguas,PR,Puerto Rico,725.0
20063,Home Office,Caguas,PR,Puerto Rico,725.0
19013,Home Office,Caguas,PR,Puerto Rico,725.0
19904,Home Office,Caguas,PR,Puerto Rico,725.0
13058,Home Office,Caguas,PR,Puerto Rico,725.0
14474,Home Office,Caguas,PR,Puerto Rico,725.0
12672,Home Office,Caguas,PR,Puerto Rico,725.0
16554,Home Office,Caguas,PR,Puerto Rico,725.0
17451,Home Office,Caguas,PR,Puerto Rico,725.0
17659,Home Office,Caguas,PR,Puerto Rico,725.0
11940,Consumer,Caguas,PR,Puerto Rico,725.0
6749,Home Office,Sheboygan,WI,EE. UU.,53081.0
4131,Consumer,Guayama,PR,Puerto Rico,784.0
665,Consumer,Caguas,PR,Puerto Rico,725.0
7311,Consumer,Caguas,PR,Puerto Rico,725.0
402,Consumer,Caguas,PR,Puerto Rico,725.0
10209,Home Office,Brooklyn,NY,EE. UU.,11223.0
6207,Consumer,Houston,TX,EE. UU.,77088.0
12181,Consumer,Caguas,PR,Puerto Rico,725.0
3312,Consumer,Forest Hills,NY,EE. UU.,11375.0
7155,Home Office,Lawrence,MA,EE. UU.,1841.0
7818,Consumer,Caguas,PR,Puerto Rico,725.0
7184,Consumer,Caguas,PR,Puerto Rico,725.0
18576,Consumer,Caguas,PR,Puerto Rico,725.0
15213,Consumer,Caguas,PR,Puerto Rico,725.0
18593,Consumer,Caguas,PR,Puerto Rico,725.0
16259,Consumer,Caguas,PR,Puerto Rico,725.0
15284,Consumer,Caguas,PR,Puerto Rico,725.0
19827,Consumer,Caguas,PR,Puerto Rico,725.0
18609,Consumer,Caguas,PR,Puerto Rico,725.0
20276,Consumer,Caguas,PR,Puerto Rico,725.0
17852,Consumer,Caguas,PR,Puerto Rico,725.0
20310,Consumer,Caguas,PR,Puerto Rico,725.0
19896,Consumer,Caguas,PR,Puerto Rico,725.0
20328,Consumer,Caguas,PR,Puerto Rico,725.0
20004,Consumer,Caguas,PR,Puerto Rico,725.0
17220,Consumer,Caguas,PR,Puerto Rico,725.0
20037,Consumer,Caguas,PR,Puerto Rico,725.0
17038,Consumer,Caguas,PR,Puerto Rico,725.0
17254,Consumer,Caguas,PR,Puerto Rico,725.0
18621,Consumer,Caguas,PR,Puerto Rico,725.0
17811,Consumer,Caguas,PR,Puerto Rico,725.0
17846,Consumer,Caguas,PR,Puerto Rico,725.0
17108,Consumer,San Juan,PR,Puerto Rico,921.0
17162,Consumer,Caguas,PR,Puerto Rico,725.0
17881,Consumer,Caguas,PR,Puerto Rico,725.0
20214,Consumer,Caguas,PR,Puerto Rico,725.0
18546,Consumer,Caguas,PR,Puerto Rico,725.0
18990,Consumer,Caguas,PR,Puerto Rico,725.0
20266,Consumer,Caguas,PR,Puerto Rico,725.0
20248,Consumer,Caguas,PR,Puerto Rico,725.0
20194,Consumer,Caguas,PR,Puerto Rico,725.0
17789,Consumer,Caguas,PR,Puerto Rico,725.0
17052,Consumer,Caguas,PR,Puerto Rico,725.0
19024,Consumer,Caguas,PR,Puerto Rico,725.0
20013,Consumer,Caguas,PR,Puerto Rico,725.0
16155,Consumer,Caguas,PR,Puerto Rico,725.0
15163,Consumer,Caguas,PR,Puerto Rico,725.0
19022,Consumer,Caguas,PR,Puerto Rico,725.0
20191,Consumer,Caguas,PR,Puerto Rico,725.0
20065,Consumer,Caguas,PR,Puerto Rico,725.0
19777,Consumer,Caguas,PR,Puerto Rico,725.0
17085,Consumer,Caguas,PR,Puerto Rico,725.0
17821,Consumer,Caguas,PR,Puerto Rico,725.0
5101,Consumer,Caguas,PR,Puerto Rico,725.0
135,Consumer,Caguas,PR,Puerto Rico,725.0
7325,Consumer,Caguas,PR,Puerto Rico,725.0
2331,Consumer,San Sebastian,PR,Puerto Rico,685.0
5141,Consumer,Caguas,PR,Puerto Rico,725.0
7691,Consumer,Caguas,PR,Puerto Rico,725.0
6128,Consumer,Caguas,PR,Puerto Rico,725.0
12987,Consumer,Caguas,PR,Puerto Rico,725.0
4895,Consumer,Caguas,PR,Puerto Rico,725.0
13147,Consumer,Caguas,PR,Puerto Rico,725.0
13093,Consumer,Caguas,PR,Puerto Rico,725.0
12984,Consumer,Caguas,PR,Puerto Rico,725.0
14482,Consumer,Caguas,PR,Puerto Rico,725.0
13285,Consumer,Caguas,PR,Puerto Rico,725.0
12997,Consumer,Caguas,PR,Puerto Rico,725.0
13463,Consumer,Caguas,PR,Puerto Rico,725.0
12793,Consumer,Caguas,PR,Puerto Rico,725.0
13977,Consumer,Caguas,PR,Puerto Rico,725.0
11944,Consumer,Caguas,PR,Puerto Rico,725.0
12641,Consumer,Caguas,PR,Puerto Rico,725.0
12479,Consumer,Caguas,PR,Puerto Rico,725.0
13291,Consumer,Caguas,PR,Puerto Rico,725.0
14069,Consumer,Caguas,PR,Puerto Rico,725.0
14140,Consumer,Caguas,PR,Puerto Rico,725.0
13121,Consumer,Caguas,PR,Puerto Rico,725.0
9330,Consumer,Caguas,PR,Puerto Rico,725.0
14035,Consumer,Caguas,PR,Puerto Rico,725.0
13738,Consumer,Caguas,PR,Puerto Rico,725.0
14917,Consumer,Caguas,PR,Puerto Rico,725.0
12921,Consumer,Caguas,PR,Puerto Rico,725.0
12918,Consumer,Caguas,PR,Puerto Rico,725.0
13509,Consumer,Caguas,PR,Puerto Rico,725.0
13344,Consumer,Caguas,PR,Puerto Rico,725.0
14191,Consumer,Bayamon,PR,Puerto Rico,957.0
14963,Consumer,Caguas,PR,Puerto Rico,725.0
8022,Consumer,Caguas,PR,Puerto Rico,725.0
18166,Consumer,Caguas,PR,Puerto Rico,725.0
18355,Consumer,Caguas,PR,Puerto Rico,725.0
17959,Consumer,Caguas,PR,Puerto Rico,725.0
18307,Consumer,Caguas,PR,Puerto Rico,725.0
18502,Consumer,Caguas,PR,Puerto Rico,725.0
17886,Consumer,Caguas,PR,Puerto Rico,725.0
15189,Consumer,Caguas,PR,Puerto Rico,725.0
19114,Consumer,Caguas,PR,Puerto Rico,725.0
19164,Consumer,Caguas,PR,Puerto Rico,725.0
15916,Consumer,Caguas,PR,Puerto Rico,725.0
17738,Consumer,Caguas,PR,Puerto Rico,725.0
7341,Consumer,Caguas,PR,Puerto Rico,725.0
15354,Consumer,Caguas,PR,Puerto Rico,725.0
20045,Consumer,Caguas,PR,Puerto Rico,725.0
16169,Consumer,Caguas,PR,Puerto Rico,725.0
18999,Consumer,Vega Baja,PR,Puerto Rico,693.0
18905,Consumer,Caguas,PR,Puerto Rico,725.0
15683,Consumer,Caguas,PR,Puerto Rico,725.0
15826,Consumer,Caguas,PR,Puerto Rico,725.0
15892,Consumer,Caguas,PR,Puerto Rico,725.0
18853,Consumer,Caguas,PR,Puerto Rico,725.0
15759,Consumer,Caguas,PR,Puerto Rico,725.0
15962,Consumer,Caguas,PR,Puerto Rico,725.0
18328,Consumer,Caguas,PR,Puerto Rico,725.0
18884,Consumer,Caguas,PR,Puerto Rico,725.0
20701,Consumer,Caguas,PR,Puerto Rico,725.0
19017,Consumer,Caguas,PR,Puerto Rico,725.0
16252,Consumer,Caguas,PR,Puerto Rico,725.0
16212,Consumer,Caguas,PR,Puerto Rico,725.0
18635,Consumer,Caguas,PR,Puerto Rico,725.0
17843,Consumer,Caguas,PR,Puerto Rico,725.0
20083,Consumer,Caguas,PR,Puerto Rico,725.0
19956,Consumer,Caguas,PR,Puerto Rico,725.0
15685,Consumer,Caguas,PR,Puerto Rico,725.0
17303,Consumer,Caguas,PR,Puerto Rico,725.0
16192,Consumer,Caguas,PR,Puerto Rico,725.0
14579,Consumer,Caguas,PR,Puerto Rico,725.0
14551,Consumer,Caguas,PR,Puerto Rico,725.0
13787,Consumer,Caguas,PR,Puerto Rico,725.0
14694,Consumer,Caguas,PR,Puerto Rico,725.0
14564,Consumer,Caguas,PR,Puerto Rico,725.0
13786,Consumer,Guaynabo,PR,Puerto Rico,969.0
12541,Consumer,Caguas,PR,Puerto Rico,725.0
12538,Consumer,Caguas,PR,Puerto Rico,725.0
12844,Consumer,Caguas,PR,Puerto Rico,725.0
12897,Consumer,Caguas,PR,Puerto Rico,725.0
15754,Consumer,Caguas,PR,Puerto Rico,725.0
15968,Consumer,Caguas,PR,Puerto Rico,725.0
17263,Consumer,Caguas,PR,Puerto Rico,725.0
17055,Consumer,Caguas,PR,Puerto Rico,725.0
16231,Consumer,Caguas,PR,Puerto Rico,725.0
18226,Consumer,Caguas,PR,Puerto Rico,725.0
19067,Consumer,Caguas,PR,Puerto Rico,725.0
16562,Consumer,Caguas,PR,Puerto Rico,725.0
18844,Consumer,Caguas,PR,Puerto Rico,725.0
18806,Consumer,Caguas,PR,Puerto Rico,725.0
18860,Consumer,Caguas,PR,Puerto Rico,725.0
17453,Consumer,Caguas,PR,Puerto Rico,725.0
17313,Consumer,Caguas,PR,Puerto Rico,725.0
15442,Consumer,Caguas,PR,Puerto Rico,725.0
15450,Consumer,Caguas,PR,Puerto Rico,725.0
17831,Consumer,Caguas,PR,Puerto Rico,725.0
18993,Consumer,Caguas,PR,Puerto Rico,725.0
20103,Consumer,Caguas,PR,Puerto Rico,725.0
15926,Consumer,Caguas,PR,Puerto Rico,725.0
16080,Consumer,Caguas,PR,Puerto Rico,725.0
5160,Consumer,Caguas,PR,Puerto Rico,725.0
14447,Consumer,Caguas,PR,Puerto Rico,725.0
14588,Consumer,Caguas,PR,Puerto Rico,725.0
14476,Consumer,Caguas,PR,Puerto Rico,725.0
13188,Consumer,Caguas,PR,Puerto Rico,725.0
14723,Consumer,Caguas,PR,Puerto Rico,725.0
14450,Consumer,Caguas,PR,Puerto Rico,725.0
12967,Consumer,Caguas,PR,Puerto Rico,725.0
14555,Consumer,Caguas,PR,Puerto Rico,725.0
13158,Consumer,Caguas,PR,Puerto Rico,725.0
13140,Consumer,Caguas,PR,Puerto Rico,725.0
13408,Consumer,Caguas,PR,Puerto Rico,725.0
12762,Consumer,Caguas,PR,Puerto Rico,725.0
13823,Consumer,Caguas,PR,Puerto Rico,725.0
14838,Consumer,Caguas,PR,Puerto Rico,725.0
13549,Consumer,Caguas,PR,Puerto Rico,725.0
13868,Consumer,Caguas,PR,Puerto Rico,725.0
15034,Consumer,Caguas,PR,Puerto Rico,725.0
12904,Consumer,Caguas,PR,Puerto Rico,725.0
15098,Consumer,Caguas,PR,Puerto Rico,725.0
15096,Consumer,Caguas,PR,Puerto Rico,725.0
13091,Consumer,Caguas,PR,Puerto Rico,725.0
14669,Consumer,Caguas,PR,Puerto Rico,725.0
12704,Consumer,Caguas,PR,Puerto Rico,725.0
12630,Consumer,Caguas,PR,Puerto Rico,725.0
12543,Consumer,Caguas,PR,Puerto Rico,725.0
13518,Consumer,Caguas,PR,Puerto Rico,725.0
14767,Consumer,San Sebastian,PR,Puerto Rico,685.0
5703,Consumer,Caguas,PR,Puerto Rico,725.0
5649,Consumer,Caguas,PR,Puerto Rico,725.0
322,Consumer,Caguas,PR,Puerto Rico,725.0
7433,Consumer,Caguas,PR,Puerto Rico,725.0
18700,Consumer,Caguas,PR,Puerto Rico,725.0
18983,Consumer,Caguas,PR,Puerto Rico,725.0
19833,Consumer,Juana Diaz,PR,Puerto Rico,795.0
18157,Consumer,Caguas,PR,Puerto Rico,725.0
16550,Consumer,Caguas,PR,Puerto Rico,725.0
18770,Consumer,Caguas,PR,Puerto Rico,725.0
15932,Consumer,Caguas,PR,Puerto Rico,725.0
10660,Consumer,Caguas,PR,Puerto Rico,725.0
20565,Consumer,Caguas,PR,Puerto Rico,725.0
17637,Consumer,Caguas,PR,Puerto Rico,725.0
18359,Consumer,Caguas,PR,Puerto Rico,725.0
15663,Consumer,Caguas,PR,Puerto Rico,725.0
15572,Consumer,Caguas,PR,Puerto Rico,725.0
15570,Consumer,Caguas,PR,Puerto Rico,725.0
18911,Consumer,Caguas,PR,Puerto Rico,725.0
19950,Consumer,Caguas,PR,Puerto Rico,725.0
19834,Consumer,Caguas,PR,Puerto Rico,725.0
19960,Consumer,Caguas,PR,Puerto Rico,725.0
15803,Consumer,San Juan,PR,Puerto Rico,921.0
20680,Consumer,Caguas,PR,Puerto Rico,725.0
17361,Consumer,San Sebastian,PR,Puerto Rico,685.0
20386,Consumer,Caguas,PR,Puerto Rico,725.0
16043,Consumer,Caguas,PR,Puerto Rico,725.0
15541,Consumer,Toa Baja,PR,Puerto Rico,949.0
16346,Consumer,Caguas,PR,Puerto Rico,725.0
15154,Consumer,Caguas,PR,Puerto Rico,725.0
20272,Consumer,Caguas,PR,Puerto Rico,725.0
19945,Consumer,Caguas,PR,Puerto Rico,725.0
17213,Consumer,Caguas,PR,Puerto Rico,725.0
15739,Consumer,Caguas,PR,Puerto Rico,725.0
15551,Consumer,Caguas,PR,Puerto Rico,725.0
20174,Consumer,Caguas,PR,Puerto Rico,725.0
6097,Consumer,Caguas,PR,Puerto Rico,725.0
12386,Consumer,Caguas,PR,Puerto Rico,725.0
13397,Consumer,Caguas,PR,Puerto Rico,725.0
13152,Consumer,Caguas,PR,Puerto Rico,725.0
13800,Consumer,Caguas,PR,Puerto Rico,725.0
14706,Consumer,Caguas,PR,Puerto Rico,725.0
12547,Consumer,Caguas,PR,Puerto Rico,725.0
14311,Consumer,Caguas,PR,Puerto Rico,725.0
13255,Consumer,Carolina,PR,Puerto Rico,983.0
14425,Consumer,Caguas,PR,Puerto Rico,725.0
14423,Consumer,Caguas,PR,Puerto Rico,725.0
13282,Consumer,Caguas,PR,Puerto Rico,725.0
13156,Consumer,Caguas,PR,Puerto Rico,725.0
13007,Consumer,Caguas,PR,Puerto Rico,725.0
13861,Consumer,Caguas,PR,Puerto Rico,725.0
14897,Consumer,Caguas,PR,Puerto Rico,725.0
13878,Consumer,Caguas,PR,Puerto Rico,725.0
14804,Consumer,Caguas,PR,Puerto Rico,725.0
13803,Consumer,Caguas,PR,Puerto Rico,725.0
7689,Consumer,Caguas,PR,Puerto Rico,725.0
12808,Consumer,Caguas,PR,Puerto Rico,725.0
14921,Consumer,Caguas,PR,Puerto Rico,725.0
13974,Consumer,Caguas,PR,Puerto Rico,725.0
14027,Consumer,Caguas,PR,Puerto Rico,725.0
14883,Consumer,Caguas,PR,Puerto Rico,725.0
13917,Consumer,Caguas,PR,Puerto Rico,725.0
14826,Consumer,Caguas,PR,Puerto Rico,725.0
6519,Consumer,Caguas,PR,Puerto Rico,725.0
12664,Consumer,Caguas,PR,Puerto Rico,725.0
12644,Consumer,Bayamon,PR,Puerto Rico,957.0
12715,Consumer,Bayamon,PR,Puerto Rico,957.0
12886,Consumer,Caguas,PR,Puerto Rico,725.0
14954,Consumer,Caguas,PR,Puerto Rico,725.0
14952,Consumer,Caguas,PR,Puerto Rico,725.0
14130,Consumer,Caguas,PR,Puerto Rico,725.0
13452,Consumer,Caguas,PR,Puerto Rico,725.0
13308,Consumer,Caguas,PR,Puerto Rico,725.0
14127,Consumer,Caguas,PR,Puerto Rico,725.0
13487,Consumer,Caguas,PR,Puerto Rico,725.0
13449,Consumer,Caguas,PR,Puerto Rico,725.0
14408,Consumer,Caguas,PR,Puerto Rico,725.0
13322,Consumer,Caguas,PR,Puerto Rico,725.0
13303,Consumer,Caguas,PR,Puerto Rico,725.0
14658,Consumer,Caguas,PR,Puerto Rico,725.0
13357,Consumer,Caguas,PR,Puerto Rico,725.0
14123,Consumer,Caguas,PR,Puerto Rico,725.0
13500,Consumer,Caguas,PR,Puerto Rico,725.0
14104,Consumer,Caguas,PR,Puerto Rico,725.0
14283,Consumer,Caguas,PR,Puerto Rico,725.0
13103,Consumer,Caguas,PR,Puerto Rico,725.0
14372,Consumer,Caguas,PR,Puerto Rico,725.0
13154,Consumer,Caguas,PR,Puerto Rico,725.0
14454,Consumer,Caguas,PR,Puerto Rico,725.0
14452,Consumer,Caguas,PR,Puerto Rico,725.0
14060,Consumer,Caguas,PR,Puerto Rico,725.0
13915,Consumer,Caguas,PR,Puerto Rico,725.0
13698,Consumer,Caguas,PR,Puerto Rico,725.0
12797,Consumer,Caguas,PR,Puerto Rico,725.0
14750,Consumer,Caguas,PR,Puerto Rico,725.0
13728,Consumer,Caguas,PR,Puerto Rico,725.0
14871,Consumer,Caguas,PR,Puerto Rico,725.0
14869,Consumer,Caguas,PR,Puerto Rico,725.0
14011,Consumer,Caguas,PR,Puerto Rico,725.0
14867,Consumer,Caguas,PR,Puerto Rico,725.0
12802,Consumer,Caguas,PR,Puerto Rico,725.0
13900,Consumer,Caguas,PR,Puerto Rico,725.0
12799,Consumer,Caguas,PR,Puerto Rico,725.0
13952,Consumer,Caguas,PR,Puerto Rico,725.0
14754,Consumer,Caguas,PR,Puerto Rico,725.0
12449,Consumer,Caguas,PR,Puerto Rico,725.0
12519,Consumer,Caguas,PR,Puerto Rico,725.0
12643,Consumer,Caguas,PR,Puerto Rico,725.0
12455,Consumer,Caguas,PR,Puerto Rico,725.0
12868,Consumer,Caguas,PR,Puerto Rico,725.0
15122,Consumer,Caguas,PR,Puerto Rico,725.0
14977,Consumer,Caguas,PR,Puerto Rico,725.0
15043,Consumer,Caguas,PR,Puerto Rico,725.0
15131,Consumer,Caguas,PR,Puerto Rico,725.0
12836,Consumer,Caguas,PR,Puerto Rico,725.0
15072,Consumer,Caguas,PR,Puerto Rico,725.0
12834,Consumer,Caguas,PR,Puerto Rico,725.0
13417,Consumer,Caguas,PR,Puerto Rico,725.0
14073,Consumer,Caguas,PR,Puerto Rico,725.0
13375,Consumer,Caguas,PR,Puerto Rico,725.0
14120,Consumer,Caguas,PR,Puerto Rico,725.0
14858,Consumer,San Juan,PR,Puerto Rico,921.0
14851,Consumer,Caguas,PR,Puerto Rico,725.0
14760,Consumer,Caguas,PR,Puerto Rico,725.0
13579,Consumer,Caguas,PR,Puerto Rico,725.0
13847,Consumer,Guaynabo,PR,Puerto Rico,969.0
14756,Consumer,Caguas,PR,Puerto Rico,725.0
14937,Consumer,Caguas,PR,Puerto Rico,725.0
14985,Consumer,Caguas,PR,Puerto Rico,725.0
12888,Consumer,Caguas,PR,Puerto Rico,725.0
593,Consumer,Caguas,PR,Puerto Rico,725.0
5380,Consumer,Caguas,PR,Puerto Rico,725.0
10714,Consumer,Caguas,PR,Puerto Rico,725.0
2273,Consumer,Caguas,PR,Puerto Rico,725.0
6712,Consumer,Caguas,PR,Puerto Rico,725.0
4385,Consumer,Caguas,PR,Puerto Rico,725.0
4389,Consumer,Caguas,PR,Puerto Rico,725.0
18237,Consumer,Caguas,PR,Puerto Rico,725.0
18212,Consumer,Caguas,PR,Puerto Rico,725.0
18048,Consumer,Caguas,PR,Puerto Rico,725.0
15730,Consumer,Caguas,PR,Puerto Rico,725.0
15910,Consumer,Caguas,PR,Puerto Rico,725.0
17642,Consumer,Caguas,PR,Puerto Rico,725.0
18467,Consumer,Caguas,PR,Puerto Rico,725.0
15356,Consumer,Caguas,PR,Puerto Rico,725.0
18666,Consumer,Caguas,PR,Puerto Rico,725.0
18909,Consumer,Caguas,PR,Puerto Rico,725.0
20290,Consumer,Caguas,PR,Puerto Rico,725.0
20324,Consumer,Caguas,PR,Puerto Rico,725.0
19026,Consumer,Caguas,PR,Puerto Rico,725.0
19795,Consumer,Caguas,PR,Puerto Rico,725.0
18119,Consumer,Caguas,PR,Puerto Rico,725.0
18063,Consumer,Caguas,PR,Puerto Rico,725.0
18045,Consumer,Rio Grande,PR,Puerto Rico,745.0
18197,Consumer,Caguas,PR,Puerto Rico,725.0
16394,Consumer,Caguas,PR,Puerto Rico,725.0
16528,Consumer,Caguas,PR,Puerto Rico,725.0
15790,Consumer,Caguas,PR,Puerto Rico,725.0
18804,Consumer,Caguas,PR,Puerto Rico,725.0
15691,Consumer,Caguas,PR,Puerto Rico,725.0
18739,Consumer,Caguas,PR,Puerto Rico,725.0
16076,Consumer,Caguas,PR,Puerto Rico,725.0
17291,Consumer,Aguadilla,PR,Puerto Rico,603.0
20695,Consumer,Caguas,PR,Puerto Rico,725.0
20605,Consumer,Caguas,PR,Puerto Rico,725.0
16090,Consumer,Caguas,PR,Puerto Rico,725.0
20640,Consumer,Caguas,PR,Puerto Rico,725.0
18875,Consumer,Caguas,PR,Puerto Rico,725.0
20603,Consumer,Caguas,PR,Puerto Rico,725.0
18475,Consumer,Caguas,PR,Puerto Rico,725.0
17447,Consumer,Caguas,PR,Puerto Rico,725.0
17371,Consumer,Caguas,PR,Puerto Rico,725.0
18469,Consumer,Caguas,PR,Puerto Rico,725.0
18376,Consumer,Arecibo,PR,Puerto Rico,612.0
18339,Consumer,Caguas,PR,Puerto Rico,725.0
18017,Consumer,Caguas,PR,Puerto Rico,725.0
17926,Consumer,Caguas,PR,Puerto Rico,725.0
18664,Consumer,Caguas,PR,Puerto Rico,725.0
15376,Consumer,Caguas,PR,Puerto Rico,725.0
18735,Consumer,Caguas,PR,Puerto Rico,725.0
15320,Consumer,Caguas,PR,Puerto Rico,725.0
15298,Consumer,Caguas,PR,Puerto Rico,725.0
15657,Consumer,Caguas,PR,Puerto Rico,725.0
15495,Consumer,Caguas,PR,Puerto Rico,725.0
15543,Consumer,Caguas,PR,Puerto Rico,725.0
18668,Consumer,Caguas,PR,Puerto Rico,725.0
15415,Consumer,Caguas,PR,Puerto Rico,725.0
15343,Consumer,Caguas,PR,Puerto Rico,725.0
17548,Consumer,Caguas,PR,Puerto Rico,725.0
20314,Consumer,Caguas,PR,Puerto Rico,725.0
16293,Consumer,Caguas,PR,Puerto Rico,725.0
17224,Consumer,Caguas,PR,Puerto Rico,725.0
17834,Consumer,Caguas,PR,Puerto Rico,725.0
19878,Consumer,Caguas,PR,Puerto Rico,725.0
20256,Consumer,Caguas,PR,Puerto Rico,725.0
17222,Consumer,Caguas,PR,Puerto Rico,725.0
16308,Consumer,Caguas,PR,Puerto Rico,725.0
19769,Consumer,Caguas,PR,Puerto Rico,725.0
20326,Consumer,Caguas,PR,Puerto Rico,725.0
19894,Consumer,Caguas,PR,Puerto Rico,725.0
20020,Consumer,Caguas,PR,Puerto Rico,725.0
16270,Consumer,Caguas,PR,Puerto Rico,725.0
17794,Consumer,Caguas,PR,Puerto Rico,725.0
20361,Consumer,Caguas,PR,Puerto Rico,725.0
20270,Consumer,Caguas,PR,Puerto Rico,725.0
19028,Consumer,Caguas,PR,Puerto Rico,725.0
16195,Consumer,Caguas,PR,Puerto Rico,725.0
16159,Consumer,Humacao,PR,Puerto Rico,791.0
20159,Consumer,Caguas,PR,Puerto Rico,725.0
18600,Consumer,Caguas,PR,Puerto Rico,725.0
15274,Consumer,Caguas,PR,Puerto Rico,725.0
20015,Consumer,Caguas,PR,Puerto Rico,725.0
17088,Consumer,Caguas,PR,Puerto Rico,725.0
19887,Consumer,Caguas,PR,Puerto Rico,725.0
16263,Consumer,Caguas,PR,Puerto Rico,725.0
20120,Consumer,Caguas,PR,Puerto Rico,725.0
18897,Consumer,Caguas,PR,Puerto Rico,725.0
20209,Consumer,Caguas,PR,Puerto Rico,725.0
18209,Consumer,Caguas,PR,Puerto Rico,725.0
18204,Consumer,Caguas,PR,Puerto Rico,725.0
18075,Consumer,Caguas,PR,Puerto Rico,725.0
16430,Consumer,Caguas,PR,Puerto Rico,725.0
19231,Consumer,Caguas,PR,Puerto Rico,725.0
19227,Consumer,Caguas,PR,Puerto Rico,725.0
19260,Consumer,Caguas,PR,Puerto Rico,725.0
16584,Consumer,Caguas,PR,Puerto Rico,725.0
19234,Consumer,Caguas,PR,Puerto Rico,725.0
15898,Consumer,Caguas,PR,Puerto Rico,725.0
15750,Consumer,Caguas,PR,Puerto Rico,725.0
18814,Consumer,Caguas,PR,Puerto Rico,725.0
18516,Consumer,Caguas,PR,Puerto Rico,725.0
17272,Consumer,Caguas,PR,Puerto Rico,725.0
17469,Consumer,Caguas,PR,Puerto Rico,725.0
18371,Consumer,Caguas,PR,Puerto Rico,725.0
18351,Consumer,Caguas,PR,Puerto Rico,725.0
20530,Consumer,Caguas,PR,Puerto Rico,725.0
20404,Consumer,Caguas,PR,Puerto Rico,725.0
20656,Consumer,Caguas,PR,Puerto Rico,725.0
20745,Consumer,Caguas,PR,Puerto Rico,725.0
20528,Consumer,Caguas,PR,Puerto Rico,725.0
20654,Consumer,Caguas,PR,Puerto Rico,725.0
17694,Consumer,Caguas,PR,Puerto Rico,725.0
18887,Consumer,Caguas,PR,Puerto Rico,725.0
16084,Consumer,Caguas,PR,Puerto Rico,725.0
17914,Consumer,Caguas,PR,Puerto Rico,725.0
18290,Consumer,Caguas,PR,Puerto Rico,725.0
17985,Consumer,Caguas,PR,Puerto Rico,725.0
20434,Consumer,Caguas,PR,Puerto Rico,725.0
17727,Consumer,Caguas,PR,Puerto Rico,725.0
16027,Consumer,Caguas,PR,Puerto Rico,725.0
17475,Consumer,Caguas,PR,Puerto Rico,725.0
17259,Consumer,Caguas,PR,Puerto Rico,725.0
17456,Consumer,Caguas,PR,Puerto Rico,725.0
15989,Consumer,Caguas,PR,Puerto Rico,725.0
16078,Consumer,Caguas,PR,Puerto Rico,725.0
20753,Consumer,Caguas,PR,Puerto Rico,725.0
15647,Consumer,Caguas,PR,Puerto Rico,725.0
18718,Consumer,Caguas,PR,Puerto Rico,725.0
15555,Consumer,Caguas,PR,Puerto Rico,725.0
15627,Consumer,Caguas,PR,Puerto Rico,725.0
15605,Consumer,Caguas,PR,Puerto Rico,725.0
15388,Consumer,Caguas,PR,Puerto Rico,725.0
15315,Consumer,Caguas,PR,Puerto Rico,725.0
15382,Consumer,Caguas,PR,Puerto Rico,725.0
15632,Consumer,Caguas,PR,Puerto Rico,725.0
15451,Consumer,Rio Grande,PR,Puerto Rico,745.0
15360,Consumer,Caguas,PR,Puerto Rico,725.0
17540,Consumer,Caguas,PR,Puerto Rico,725.0
17568,Consumer,Caguas,PR,Puerto Rico,725.0
17604,Consumer,Caguas,PR,Puerto Rico,725.0
16151,Consumer,Caguas,PR,Puerto Rico,725.0
17190,Consumer,Caguas,PR,Puerto Rico,725.0
17765,Consumer,Caguas,PR,Puerto Rico,725.0
15176,Consumer,Caguas,PR,Puerto Rico,725.0
17099,Consumer,Caguas,PR,Puerto Rico,725.0
16167,Consumer,Caguas,PR,Puerto Rico,725.0
17241,Consumer,Caguas,PR,Puerto Rico,725.0
15282,Consumer,Caguas,PR,Puerto Rico,725.0
15246,Consumer,Caguas,PR,Puerto Rico,725.0
16201,Consumer,Caguas,PR,Puerto Rico,725.0
18960,Consumer,Caguas,PR,Puerto Rico,725.0
18924,Consumer,Caguas,PR,Puerto Rico,725.0
18570,Consumer,Caguas,PR,Puerto Rico,725.0
16376,Consumer,Caguas,PR,Puerto Rico,725.0
19909,Consumer,Caguas,PR,Puerto Rico,725.0
20268,Consumer,Caguas,PR,Puerto Rico,725.0
20340,Consumer,Caguas,PR,Puerto Rico,725.0
17252,Consumer,Caguas,PR,Puerto Rico,725.0
17233,Consumer,Caguas,PR,Puerto Rico,725.0
18934,Consumer,Caguas,PR,Puerto Rico,725.0
17231,Consumer,Caguas,PR,Puerto Rico,725.0
19005,Consumer,Caguas,PR,Puerto Rico,725.0
17158,Consumer,Caguas,PR,Puerto Rico,725.0
17211,Consumer,Caguas,PR,Puerto Rico,725.0
19885,Consumer,Caguas,PR,Puerto Rico,725.0
18541,Consumer,Caguas,PR,Puerto Rico,725.0
15179,Consumer,Caguas,PR,Puerto Rico,725.0
18232,Consumer,Caguas,PR,Puerto Rico,725.0
18838,Consumer,Caguas,PR,Puerto Rico,725.0
20642,Consumer,Caguas,PR,Puerto Rico,725.0
18369,Consumer,Caguas,PR,Puerto Rico,725.0
17690,Consumer,Caguas,PR,Puerto Rico,725.0
15409,Consumer,Caguas,PR,Puerto Rico,725.0
15636,Consumer,Caguas,PR,Puerto Rico,725.0
17624,Consumer,Guaynabo,PR,Puerto Rico,969.0
17620,Consumer,Caguas,PR,Puerto Rico,725.0
17561,Consumer,Caguas,PR,Puerto Rico,725.0
16188,Consumer,Caguas,PR,Puerto Rico,725.0
15263,Consumer,Caguas,PR,Puerto Rico,725.0
18957,Consumer,Caguas,PR,Puerto Rico,725.0
20161,Consumer,Caguas,PR,Puerto Rico,725.0
20106,Consumer,Caguas,PR,Puerto Rico,725.0
7494,Consumer,Caguas,PR,Puerto Rico,725.0
832,Consumer,Caguas,PR,Puerto Rico,725.0
5258,Consumer,Caguas,PR,Puerto Rico,725.0
1319,Consumer,Caguas,PR,Puerto Rico,725.0
668,Home Office,Peoria,AZ,EE. UU.,85345.0
8783,Home Office,Buena Park,CA,EE. UU.,90620.0
12506,Home Office,Los Angeles,CA,EE. UU.,90042.0
12467,Home Office,Albuquerque,NM,EE. UU.,87111.0
12725,Home Office,Morristown,NJ,EE. UU.,7960.0
12617,Home Office,Irwin,PA,EE. UU.,15642.0
12507,Home Office,Philadelphia,PA,EE. UU.,19145.0
12867,Home Office,Columbus,OH,EE. UU.,43207.0
15049,Home Office,Chicago,IL,EE. UU.,60629.0
12914,Home Office,Plainfield,IL,EE. UU.,60544.0
12877,Home Office,Brooklyn,NY,EE. UU.,11213.0
12925,Home Office,Portland,OR,EE. UU.,97223.0
15053,Home Office,Santa Ana,CA,EE. UU.,92704.0
14532,Home Office,Bronx,NY,EE. UU.,10467.0
14492,Home Office,Chicago Heights,IL,EE. UU.,60411.0
14654,Home Office,Escondido,CA,EE. UU.,92027.0
13100,Home Office,Holland,MI,EE. UU.,49423.0
13333,Home Office,Aurora,IL,EE. UU.,60505.0
14735,Home Office,Phoenix,AZ,EE. UU.,85008.0
14821,Home Office,Costa Mesa,CA,EE. UU.,92627.0
13864,Home Office,Frankfort,KY,EE. UU.,40601.0
13898,Home Office,Los Angeles,CA,EE. UU.,90016.0
12740,Home Office,New Haven,CT,EE. UU.,6511.0
12678,Home Office,Mililani,HI,EE. UU.,96789.0
12615,Home Office,Los Angeles,CA,EE. UU.,90033.0
3588,Home Office,La Mesa,CA,EE. UU.,91941.0
10054,Home Office,Chicago,IL,EE. UU.,60619.0
12395,Home Office,Provo,UT,EE. UU.,84604.0
2280,Home Office,Portland,OR,EE. UU.,97229.0
7592,Home Office,Detroit,MI,EE. UU.,48235.0
3777,Home Office,Los Angeles,CA,EE. UU.,90024.0
7264,Home Office,Fresno,CA,EE. UU.,93702.0
6091,Home Office,Massillon,OH,EE. UU.,44646.0
8223,Home Office,Warren,MI,EE. UU.,48093.0
11994,Home Office,Madison,WI,EE. UU.,53704.0
18198,Home Office,Chicago,IL,EE. UU.,60649.0
18178,Home Office,Lynwood,CA,EE. UU.,90262.0
19251,Home Office,Los Angeles,CA,EE. UU.,90003.0
19107,Home Office,Los Angeles,CA,EE. UU.,90001.0
16575,Home Office,Antioch,CA,EE. UU.,94509.0
16521,Home Office,Panorama City,CA,EE. UU.,91402.0
16610,Home Office,San Francisco,CA,EE. UU.,94110.0
19172,Home Office,Wheaton,IL,EE. UU.,60187.0
15751,Home Office,Woodbridge,VA,EE. UU.,22192.0
18859,Home Office,El Paso,TX,EE. UU.,79924.0
18803,Home Office,Tempe,AZ,EE. UU.,85283.0
18802,Home Office,Brooklyn,NY,EE. UU.,11229.0
15800,Home Office,Martinez,CA,EE. UU.,94553.0
15852,Home Office,Houston,TX,EE. UU.,77088.0
15723,Home Office,Kailua,HI,EE. UU.,96734.0
1683,Home Office,Dallas,TX,EE. UU.,75220.0
4287,Home Office,Bakersfield,CA,EE. UU.,93307.0
20392,Home Office,Sylmar,CA,EE. UU.,91342.0
17363,Home Office,Malden,MA,EE. UU.,2148.0
17345,Home Office,Weslaco,TX,EE. UU.,78596.0
2432,Home Office,Albuquerque,NM,EE. UU.,87120.0
18368,Home Office,Taunton,MA,EE. UU.,2780.0
15963,Home Office,Hesperia,CA,EE. UU.,92345.0
16071,Home Office,San Jose,CA,EE. UU.,95112.0
20620,Home Office,Bristol,CT,EE. UU.,6010.0
18383,Home Office,Lynn,MA,EE. UU.,1902.0
18310,Home Office,Pawtucket,RI,EE. UU.,2860.0
20437,Home Office,Chesapeake,VA,EE. UU.,23320.0
18309,Home Office,Bronx,NY,EE. UU.,10468.0
20724,Home Office,Waukegan,IL,EE. UU.,60085.0
17280,Home Office,New York,NY,EE. UU.,10040.0
16046,Home Office,Stafford,VA,EE. UU.,22554.0
17279,Home Office,Los Angeles,CA,EE. UU.,90026.0
20668,Home Office,Warren,MI,EE. UU.,48093.0
20505,Home Office,Philadelphia,PA,EE. UU.,19140.0
20666,Home Office,El Paso,TX,EE. UU.,79924.0
17744,Home Office,Gilroy,CA,EE. UU.,95020.0
20630,Home Office,Los Angeles,CA,EE. UU.,90044.0
17474,Home Office,Moline,IL,EE. UU.,61265.0
20502,Home Office,Las Vegas,NV,EE. UU.,89103.0
17945,Home Office,Mission Viejo,CA,EE. UU.,92691.0
18016,Home Office,Chicago,IL,EE. UU.,60621.0
15557,Home Office,Los Angeles,CA,EE. UU.,90065.0
18661,Home Office,Laredo,TX,EE. UU.,78040.0
15480,Home Office,Colorado Springs,CO,EE. UU.,80918.0
15406,Home Office,Brownsville,TX,EE. UU.,78520.0
18712,Home Office,Philadelphia,PA,EE. UU.,19131.0
15313,Home Office,Toms River,NJ,EE. UU.,8753.0
15385,Home Office,Philadelphia,PA,EE. UU.,19104.0
15492,Home Office,Philadelphia,PA,EE. UU.,19143.0
18667,Home Office,Bronx,NY,EE. UU.,10460.0
9959,Home Office,Opelousas,LA,EE. UU.,70570.0
8561,Home Office,Tucson,AZ,EE. UU.,85719.0
17539,Home Office,Tampa,FL,EE. UU.,33614.0
17615,Home Office,Brooklyn,NY,EE. UU.,11210.0
18540,Home Office,San Jose,CA,EE. UU.,95148.0
19973,Home Office,San Ramon,CA,EE. UU.,94583.0
16187,Home Office,Jersey City,NJ,EE. UU.,7305.0
19828,Home Office,West Covina,CA,EE. UU.,91790.0
17100,Home Office,La Crosse,WI,EE. UU.,54601.0
17764,Home Office,Valrico,FL,EE. UU.,33594.0
15230,Home Office,Pittsburg,CA,EE. UU.,94565.0
16095,Home Office,Philadelphia,PA,EE. UU.,19104.0
20203,Home Office,Santa Fe,NM,EE. UU.,87505.0
17869,Home Office,Stockbridge,GA,EE. UU.,30281.0
20003,Home Office,Asheboro,NC,EE. UU.,27203.0
16307,Home Office,Joliet,IL,EE. UU.,60435.0
18923,Home Office,Los Angeles,CA,EE. UU.,90047.0
16217,Home Office,Hamtramck,MI,EE. UU.,48212.0
18532,Home Office,Antioch,CA,EE. UU.,94509.0
18975,Home Office,Portland,OR,EE. UU.,97223.0
19982,Home Office,Porterville,CA,EE. UU.,93257.0
15205,Home Office,Honolulu,HI,EE. UU.,96817.0
19910,Home Office,San Antonio,TX,EE. UU.,78227.0
20252,Home Office,Chula Vista,CA,EE. UU.,91910.0
16142,Home Office,Columbus,OH,EE. UU.,43230.0
17217,Home Office,Westminster,CA,EE. UU.,92683.0
20341,Home Office,San Diego,CA,EE. UU.,92115.0
19872,Home Office,Chicago,IL,EE. UU.,60617.0
19871,Home Office,Chicago,IL,EE. UU.,60623.0
16140,Home Office,Chandler,AZ,EE. UU.,85224.0
19008,Home Office,Walnut,CA,EE. UU.,91789.0
17197,Home Office,Los Angeles,CA,EE. UU.,90018.0
17771,Home Office,Long Beach,CA,EE. UU.,90805.0
16283,Home Office,Columbia,MO,EE. UU.,65203.0
17106,Home Office,Hamilton,OH,EE. UU.,45013.0
16102,Home Office,Princeton,NJ,EE. UU.,8540.0
20247,Home Office,Roswell,NM,EE. UU.,88201.0
19869,Home Office,Wayne,NJ,EE. UU.,7470.0
19923,Home Office,San Antonio,TX,EE. UU.,78223.0
15164,Home Office,Miami,FL,EE. UU.,33175.0
17769,Home Office,Crystal Lake,IL,EE. UU.,60014.0
16245,Home Office,Lakewood,NJ,EE. UU.,8701.0
18969,Home Office,North Las Vegas,NV,EE. UU.,89030.0
16227,Home Office,Levittown,NY,EE. UU.,11756.0
17140,Home Office,Fullerton,CA,EE. UU.,92833.0
18968,Home Office,Albuquerque,NM,EE. UU.,87105.0
17193,Home Office,Irving,TX,EE. UU.,75061.0
20208,Home Office,Pomona,CA,EE. UU.,91767.0
16598,Home Office,Brooklyn,NY,EE. UU.,11237.0
15855,Home Office,Flushing,NY,EE. UU.,11355.0
18817,Home Office,Columbia,MO,EE. UU.,65203.0
20583,Home Office,Cypress,CA,EE. UU.,90630.0
18382,Home Office,Chicago,IL,EE. UU.,60623.0
17401,Home Office,Baytown,TX,EE. UU.,77520.0
15327,Home Office,Lake Forest,CA,EE. UU.,92630.0
17617,Home Office,Bensalem,PA,EE. UU.,19020.0
20206,Home Office,Orange Park,FL,EE. UU.,32073.0
17873,Home Office,Sugar Land,TX,EE. UU.,77478.0
17763,Home Office,Chicago,IL,EE. UU.,60647.0
17169,Home Office,Los Angeles,CA,EE. UU.,90043.0
20183,Home Office,Brooklyn,NY,EE. UU.,11209.0
17216,Home Office,Los Angeles,CA,EE. UU.,90011.0
19907,Home Office,Carmichael,CA,EE. UU.,95608.0
78,Home Office,Parkville,MD,EE. UU.,21234.0
12078,Home Office,Moline,IL,EE. UU.,61265.0
8945,Home Office,San Jose,CA,EE. UU.,95112.0
1287,Home Office,Methuen,MA,EE. UU.,1844.0
2226,Home Office,Phoenix,AZ,EE. UU.,85033.0
14683,Home Office,Laredo,TX,EE. UU.,78040.0
13219,Home Office,Broomfield,CO,EE. UU.,80020.0
13146,Home Office,Seattle,WA,EE. UU.,98115.0
13272,Home Office,Dearborn,MI,EE. UU.,48126.0
13290,Home Office,Del Rio,TX,EE. UU.,78840.0
14497,Home Office,Memphis,TN,EE. UU.,38109.0
14407,Home Office,Seattle,WA,EE. UU.,98115.0
13211,Home Office,College Station,TX,EE. UU.,77840.0
14920,Home Office,Apex,NC,EE. UU.,27502.0
14043,Home Office,Piscataway,NJ,EE. UU.,8854.0
14845,Home Office,Chicago,IL,EE. UU.,60615.0
12465,Home Office,Fort Worth,TX,EE. UU.,76133.0
12462,Home Office,Glenview,IL,EE. UU.,60025.0
12478,Home Office,Duluth,GA,EE. UU.,30096.0
9983,Home Office,North Hollywood,CA,EE. UU.,91606.0
20493,Home Office,Modesto,CA,EE. UU.,95350.0
15424,Home Office,Folsom,CA,EE. UU.,95630.0
19015,Home Office,Chillicothe,OH,EE. UU.,45601.0
17895,Home Office,Wichita,KS,EE. UU.,67212.0
16498,Home Office,Oceanside,CA,EE. UU.,92057.0
19127,Home Office,Aurora,CO,EE. UU.,80015.0
15749,Home Office,Ballwin,MO,EE. UU.,63021.0
20587,Home Office,Milford,CT,EE. UU.,6460.0
17735,Home Office,Hanover,PA,EE. UU.,17331.0
17355,Home Office,Antioch,CA,EE. UU.,94509.0
15977,Home Office,Atlanta,GA,EE. UU.,30318.0
18679,Home Office,Union City,CA,EE. UU.,94587.0
15403,Home Office,Hollywood,FL,EE. UU.,33025.0
18690,Home Office,Del Rio,TX,EE. UU.,78840.0
17543,Home Office,Philadelphia,PA,EE. UU.,19144.0
17850,Home Office,Chicago,IL,EE. UU.,60617.0
19010,Home Office,Winnetka,CA,EE. UU.,91306.0
19817,Home Office,Dubuque,IA,EE. UU.,52001.0
20032,Home Office,Austin,TX,EE. UU.,78745.0
19905,Home Office,San Antonio,TX,EE. UU.,78223.0
20082,Home Office,Newark,NJ,EE. UU.,7104.0
8131,Home Office,Massapequa,NY,EE. UU.,11758.0
6124,Home Office,Houston,TX,EE. UU.,77083.0
19274,Home Office,Glendale,AZ,EE. UU.,85308.0
16470,Home Office,Fontana,CA,EE. UU.,92336.0
17708,Home Office,Simi Valley,CA,EE. UU.,93063.0
18863,Home Office,Greeley,CO,EE. UU.,80631.0
20009,Home Office,Brooklyn,NY,EE. UU.,11230.0
16381,Home Office,Portland,OR,EE. UU.,97223.0
17200,Home Office,Troy,MI,EE. UU.,48098.0
17199,Home Office,San Marcos,CA,EE. UU.,92069.0
20334,Home Office,Dallas,TX,EE. UU.,75240.0
14558,Home Office,Victorville,CA,EE. UU.,92392.0
12966,Home Office,Newark,NJ,EE. UU.,7104.0
13047,Home Office,El Cajon,CA,EE. UU.,92020.0
14353,Home Office,Moreno Valley,CA,EE. UU.,92553.0
14668,Home Office,Louisville,KY,EE. UU.,40214.0
14771,Home Office,Riverside,CA,EE. UU.,92507.0
13894,Home Office,Philadelphia,PA,EE. UU.,19148.0
14906,Home Office,Los Angeles,CA,EE. UU.,90037.0
12612,Home Office,Dundalk,MD,EE. UU.,21222.0
12476,Home Office,Long Beach,CA,EE. UU.,90805.0
12902,Home Office,Bronx,NY,EE. UU.,10466.0
19819,Home Office,Columbus,OH,EE. UU.,43229.0
18187,Home Office,West Jordan,UT,EE. UU.,84084.0
18184,Home Office,Chicago,IL,EE. UU.,60643.0
16443,Home Office,Murfreesboro,TN,EE. UU.,37130.0
16442,Home Office,Clementon,NJ,EE. UU.,8021.0
16565,Home Office,Brooklyn,NY,EE. UU.,11209.0
16527,Home Office,New York,NY,EE. UU.,10016.0
18776,Home Office,Kent,WA,EE. UU.,98031.0
15774,Home Office,Taunton,MA,EE. UU.,2780.0
20518,Home Office,Los Angeles,CA,EE. UU.,90043.0
17739,Home Office,New York,NY,EE. UU.,10128.0
15930,Home Office,Montebello,CA,EE. UU.,90640.0
20569,Home Office,Jackson Heights,NY,EE. UU.,11372.0
20387,Home Office,Santee,CA,EE. UU.,92071.0
15979,Home Office,Reseda,CA,EE. UU.,91335.0
17929,Home Office,Honolulu,HI,EE. UU.,96822.0
15310,Home Office,Los Angeles,CA,EE. UU.,90037.0
17838,Home Office,Memphis,TN,EE. UU.,38111.0
16185,Home Office,San Bernardino,CA,EE. UU.,92407.0
16131,Home Office,Portland,OR,EE. UU.,97223.0
19860,Home Office,South Ozone Park,NY,EE. UU.,11420.0
18624,Home Office,Pomona,CA,EE. UU.,91766.0
19821,Home Office,Chicago,IL,EE. UU.,60609.0
20251,Home Office,Houston,TX,EE. UU.,77036.0
16105,Home Office,San Bernardino,CA,EE. UU.,92410.0
17161,Home Office,Annandale,VA,EE. UU.,22003.0
18932,Home Office,Oceanside,CA,EE. UU.,92054.0
20118,Home Office,Dayton,OH,EE. UU.,45424.0
10465,Home Office,San Diego,CA,EE. UU.,92105.0
13030,Home Office,Lynnwood,WA,EE. UU.,98037.0
12677,Home Office,Hamilton,OH,EE. UU.,45013.0
15051,Home Office,Garden Grove,CA,EE. UU.,92843.0
12985,Home Office,Sugar Land,TX,EE. UU.,77478.0
14290,Home Office,Folsom,CA,EE. UU.,95630.0
14397,Home Office,Cleveland,OH,EE. UU.,44109.0
14375,Home Office,Tracy,CA,EE. UU.,95376.0
13336,Home Office,Holland,MI,EE. UU.,49423.0
14174,Home Office,Detroit,MI,EE. UU.,48213.0
14335,Home Office,Norfolk,VA,EE. UU.,23503.0
14689,Home Office,Memphis,TN,EE. UU.,38127.0
14206,Home Office,Philadelphia,PA,EE. UU.,19140.0
13169,Home Office,Amarillo,TX,EE. UU.,79109.0
13717,Home Office,Modesto,CA,EE. UU.,95355.0
14716,Home Office,Portland,OR,EE. UU.,97229.0
14021,Home Office,Dubuque,IA,EE. UU.,52001.0
14019,Home Office,Sugar Land,TX,EE. UU.,77479.0
13851,Home Office,Long Beach,CA,EE. UU.,90813.0
13923,Home Office,Virginia Beach,VA,EE. UU.,23464.0
13616,Home Office,Wyandotte,MI,EE. UU.,48192.0
13614,Home Office,Hialeah,FL,EE. UU.,33015.0
14901,Home Office,Diamond Bar,CA,EE. UU.,91765.0
13630,Home Office,Riverside,CA,EE. UU.,92504.0
14008,Home Office,Yuma,AZ,EE. UU.,85364.0
12734,Home Office,Chicago,IL,EE. UU.,60623.0
12514,Home Office,Parkville,MD,EE. UU.,21234.0
12710,Home Office,San Antonio,TX,EE. UU.,78240.0
12673,Home Office,San Jose,CA,EE. UU.,95148.0
12489,Home Office,Roswell,GA,EE. UU.,30075.0
12938,Home Office,South Richmond Hill,NY,EE. UU.,11419.0
15047,Home Office,South Richmond Hill,NY,EE. UU.,11419.0
15062,Home Office,Oceanside,CA,EE. UU.,92056.0
12876,Home Office,Brooklyn,NY,EE. UU.,11203.0
12869,Home Office,Las Vegas,NV,EE. UU.,89115.0
3108,Home Office,Houston,TX,EE. UU.,77083.0
18056,Home Office,Augusta,GA,EE. UU.,30907.0
18015,Home Office,Hampton,VA,EE. UU.,23666.0
20498,Home Office,La Mesa,CA,EE. UU.,91941.0
20388,Home Office,Dearborn,MI,EE. UU.,48126.0
20521,Home Office,Bakersfield,CA,EE. UU.,93304.0
19838,Home Office,Santa Cruz,CA,EE. UU.,95060.0
20342,Home Office,Honolulu,HI,EE. UU.,96817.0
17898,Home Office,Atlanta,GA,EE. UU.,30331.0
18208,Home Office,Middletown,OH,EE. UU.,45044.0
18136,Home Office,Las Cruces,NM,EE. UU.,88005.0
18099,Home Office,Elk Grove,CA,EE. UU.,95758.0
18035,Home Office,San Diego,CA,EE. UU.,92111.0
17901,Home Office,Marietta,GA,EE. UU.,30066.0
19123,Home Office,Brockton,MA,EE. UU.,2301.0
16552,Home Office,Elgin,IL,EE. UU.,60123.0
16623,Home Office,Augusta,GA,EE. UU.,30907.0
16533,Home Office,Aurora,CO,EE. UU.,80015.0
16586,Home Office,Madera,CA,EE. UU.,93638.0
19208,Home Office,Miami,FL,EE. UU.,33147.0
19170,Home Office,Hamilton,OH,EE. UU.,45011.0
16422,Home Office,Ewa Beach,HI,EE. UU.,96706.0
19096,Home Office,Bronx,NY,EE. UU.,10473.0
19042,Home Office,Roswell,GA,EE. UU.,30075.0
16491,Home Office,Levittown,NY,EE. UU.,11756.0
19252,Home Office,Beloit,WI,EE. UU.,53511.0
18836,Home Office,Upland,CA,EE. UU.,91786.0
15851,Home Office,Daly City,CA,EE. UU.,94015.0
15725,Home Office,Rialto,CA,EE. UU.,92376.0
15901,Home Office,Santa Clara,CA,EE. UU.,95051.0
17488,Home Office,Honolulu,HI,EE. UU.,96817.0
17289,Home Office,Bronx,NY,EE. UU.,10461.0
20585,Home Office,Miami,FL,EE. UU.,33157.0
18366,Home Office,Brooklyn,NY,EE. UU.,11209.0
20619,Home Office,Littleton,CO,EE. UU.,80126.0
20439,Home Office,Reseda,CA,EE. UU.,91335.0
17732,Home Office,Honolulu,HI,EE. UU.,96816.0
17731,Home Office,Elyria,OH,EE. UU.,44035.0
17426,Home Office,Phoenix,AZ,EE. UU.,85035.0
18507,Home Office,Wheeling,WV,EE. UU.,26003.0
20598,Home Office,San Antonio,TX,EE. UU.,78201.0
18379,Home Office,San Diego,CA,EE. UU.,92117.0
18505,Home Office,Augusta,GA,EE. UU.,30907.0
16045,Home Office,Hollywood,FL,EE. UU.,33024.0
20504,Home Office,Hesperia,CA,EE. UU.,92345.0
16007,Home Office,Harlingen,TX,EE. UU.,78550.0
17706,Home Office,Bensalem,PA,EE. UU.,19020.0
17346,Home Office,West Orange,NJ,EE. UU.,7052.0
15556,Home Office,Denver,CO,EE. UU.,80219.0
15465,Home Office,Winnetka,CA,EE. UU.,91306.0
15429,Home Office,Atlanta,GA,EE. UU.,30349.0
18658,Home Office,Elgin,IL,EE. UU.,60120.0
18724,Home Office,Dearborn,MI,EE. UU.,48126.0
15558,Home Office,Augusta,GA,EE. UU.,30907.0
16098,Home Office,Troy,NY,EE. UU.,12180.0
17065,Home Office,Lockport,NY,EE. UU.,14094.0
17874,Home Office,Greenville,NC,EE. UU.,27834.0
18612,Home Office,New York,NY,EE. UU.,10027.0
19883,Home Office,Tempe,AZ,EE. UU.,85281.0
15231,Home Office,Salinas,CA,EE. UU.,93905.0
16096,Home Office,Del Rio,TX,EE. UU.,78840.0
17800,Home Office,Fremont,CA,EE. UU.,94539.0
16094,Home Office,Huntington Beach,CA,EE. UU.,92646.0
20184,Home Office,Grand Prairie,TX,EE. UU.,75052.0
16272,Home Office,Chesapeake,VA,EE. UU.,23322.0
15208,Home Office,San Bernardino,CA,EE. UU.,92410.0
15279,Home Office,Sugar Land,TX,EE. UU.,77478.0
19912,Home Office,Summerville,SC,EE. UU.,29483.0
17148,Home Office,Lakewood,NJ,EE. UU.,8701.0
16144,Home Office,Westerville,OH,EE. UU.,43081.0
15206,Home Office,Fremont,CA,EE. UU.,94539.0
16162,Home Office,Simi Valley,CA,EE. UU.,93063.0
17866,Home Office,Chapel Hill,NC,EE. UU.,27514.0
20234,Home Office,Salinas,CA,EE. UU.,93906.0
16305,Home Office,Los Angeles,CA,EE. UU.,90024.0
19856,Home Office,New Haven,CT,EE. UU.,6511.0
16286,Home Office,El Paso,TX,EE. UU.,79927.0
18920,Home Office,Aurora,CO,EE. UU.,80011.0
16196,Home Office,Pico Rivera,CA,EE. UU.,90660.0
18918,Home Office,Miami,FL,EE. UU.,33162.0
20033,Home Office,Los Angeles,CA,EE. UU.,90024.0
20087,Home Office,Bronx,NY,EE. UU.,10453.0
16157,Home Office,Mount Pleasant,MI,EE. UU.,48858.0
16228,Home Office,Garden Grove,CA,EE. UU.,92843.0
17105,Home Office,Lansdale,PA,EE. UU.,19446.0
16226,Home Office,Powder Springs,GA,EE. UU.,30127.0
19776,Home Office,Wheeling,WV,EE. UU.,26003.0
17785,Home Office,Longmont,CO,EE. UU.,80501.0
17138,Home Office,Elgin,IL,EE. UU.,60123.0
20226,Home Office,Morrisville,PA,EE. UU.,19067.0
2178,Home Office,Grove City,OH,EE. UU.,43123.0
2849,Home Office,Houston,TX,EE. UU.,77036.0
14945,Home Office,Tampa,FL,EE. UU.,33614.0
13327,Home Office,Beaverton,OR,EE. UU.,97007.0
13545,Home Office,Marrero,LA,EE. UU.,70072.0
12556,Home Office,Bronx,NY,EE. UU.,10461.0
12474,Home Office,Opelousas,LA,EE. UU.,70570.0
15055,Home Office,Warren,MI,EE. UU.,48093.0
13434,Home Office,Anaheim,CA,EE. UU.,92805.0
13218,Home Office,Dallas,TX,EE. UU.,75240.0
14571,Home Office,El Centro,CA,EE. UU.,92243.0
14394,Home Office,Lancaster,PA,EE. UU.,17601.0
13372,Home Office,Winnetka,CA,EE. UU.,91306.0
13942,Home Office,Hagerstown,MD,EE. UU.,21740.0
13941,Home Office,Santa Ana,CA,EE. UU.,92703.0
14044,Home Office,Fort Lauderdale,FL,EE. UU.,33324.0
5517,Home Office,Bloomfield,NJ,EE. UU.,7003.0
12464,Home Office,Longview,WA,EE. UU.,98632.0
13015,Home Office,New Orleans,LA,EE. UU.,70119.0
19889,Home Office,New Haven,CT,EE. UU.,6511.0
19102,Home Office,Eugene,OR,EE. UU.,97402.0
16474,Home Office,Waukegan,IL,EE. UU.,60085.0
19255,Home Office,Los Angeles,CA,EE. UU.,90022.0
17955,Home Office,Houston,TX,EE. UU.,77083.0
15920,Home Office,Bay Shore,NY,EE. UU.,11706.0
20397,Home Office,Carlsbad,CA,EE. UU.,92009.0
18680,Home Office,Pompano Beach,FL,EE. UU.,33068.0
17555,Home Office,Chicago,IL,EE. UU.,60640.0
20150,Home Office,Paramount,CA,EE. UU.,90723.0
15224,Home Office,Las Vegas,NV,EE. UU.,89103.0
19169,Home Office,Antioch,CA,EE. UU.,94509.0
19256,Home Office,Hialeah,FL,EE. UU.,33010.0
16576,Home Office,Hamilton,OH,EE. UU.,45011.0
15769,Home Office,East Lansing,MI,EE. UU.,48823.0
17720,Home Office,Philadelphia,PA,EE. UU.,19140.0
20748,Home Office,Bronx,NY,EE. UU.,10457.0
17265,Home Office,Albuquerque,NM,EE. UU.,87120.0
20152,Home Office,Bend,OR,EE. UU.,97701.0
19888,Home Office,New York,NY,EE. UU.,10029.0
17179,Home Office,Tucson,AZ,EE. UU.,85746.0
519,Home Office,Ogden,UT,EE. UU.,84404.0
6821,Home Office,Los Angeles,CA,EE. UU.,90043.0
13102,Home Office,Orange Park,FL,EE. UU.,32073.0
14195,Home Office,Astoria,NY,EE. UU.,11103.0
14567,Home Office,Annandale,VA,EE. UU.,22003.0
13841,Home Office,Strongsville,OH,EE. UU.,44136.0
13934,Home Office,Houston,TX,EE. UU.,77084.0
12624,Home Office,Los Angeles,CA,EE. UU.,90019.0
16232,Home Office,Pompano Beach,FL,EE. UU.,33068.0
20508,Home Office,Bronx,NY,EE. UU.,10473.0
15422,Home Office,Chicago,IL,EE. UU.,60621.0
17596,Home Office,Merced,CA,EE. UU.,95340.0
16538,Home Office,Marrero,LA,EE. UU.,70072.0
16471,Home Office,Dallas,TX,EE. UU.,75240.0
18805,Home Office,Mentor,OH,EE. UU.,44060.0
17524,Home Office,Reynoldsburg,OH,EE. UU.,43068.0
20532,Home Office,San Jose,CA,EE. UU.,95112.0
20511,Home Office,Tempe,AZ,EE. UU.,85283.0
1370,Home Office,Highland Park,MI,EE. UU.,48203.0
17594,Home Office,Amarillo,TX,EE. UU.,79109.0
17028,Home Office,Greeley,CO,EE. UU.,80631.0
20335,Home Office,Broomfield,CO,EE. UU.,80020.0
18861,Home Office,Bakersfield,CA,EE. UU.,93307.0
13870,Home Office,Loveland,OH,EE. UU.,45140.0
13070,Home Office,Riverside,CA,EE. UU.,92504.0
14366,Home Office,Saint Paul,MN,EE. UU.,55104.0
13653,Home Office,Chicago,IL,EE. UU.,60660.0
12602,Home Office,Florissant,MO,EE. UU.,63031.0
15120,Home Office,Fort Lauderdale,FL,EE. UU.,33313.0
15028,Home Office,San Marcos,TX,EE. UU.,78666.0
13271,Home Office,Santee,CA,EE. UU.,92071.0
14086,Home Office,Princeton,NJ,EE. UU.,8540.0
14005,Home Office,San Diego,CA,EE. UU.,92115.0
13666,Home Office,Ventura,CA,EE. UU.,93003.0
12599,Home Office,Rio Rancho,NM,EE. UU.,87124.0
12473,Home Office,Norfolk,VA,EE. UU.,23503.0
13535,Home Office,Washington,DC,EE. UU.,20009.0
13930,Home Office,Bend,OR,EE. UU.,97701.0
16130,Home Office,Dearborn,MI,EE. UU.,48126.0
18186,Home Office,Virginia Beach,VA,EE. UU.,23454.0
16566,Home Office,Williamsport,PA,EE. UU.,17701.0
17397,Home Office,Columbus,OH,EE. UU.,43207.0
17635,Home Office,Livermore,CA,EE. UU.,94550.0
15550,Home Office,Billings,MT,EE. UU.,59102.0
18656,Home Office,Oceanside,CA,EE. UU.,92056.0
18654,Home Office,Lutz,FL,EE. UU.,33549.0
16368,Home Office,Asheboro,NC,EE. UU.,27203.0
19773,Home Office,Columbus,OH,EE. UU.,43230.0
18926,Home Office,Orlando,FL,EE. UU.,32825.0
19034,Home Office,Pacoima,CA,EE. UU.,91331.0
16184,Home Office,Lake Forest,CA,EE. UU.,92630.0
20139,Home Office,Ogden,UT,EE. UU.,84404.0
20373,Home Office,Piscataway,NJ,EE. UU.,8854.0
16585,Home Office,Ithaca,NY,EE. UU.,14850.0
19202,Home Office,Aurora,CO,EE. UU.,80012.0
15773,Home Office,Baltimore,MD,EE. UU.,21218.0
17934,Home Office,Mesa,AZ,EE. UU.,85201.0
15921,Home Office,San Bernardino,CA,EE. UU.,92410.0
20735,Home Office,Phoenix,AZ,EE. UU.,85029.0
18681,Home Office,San Antonio,TX,EE. UU.,78223.0
19803,Home Office,Saint Paul,MN,EE. UU.,55112.0
16341,Home Office,South San Francisco,CA,EE. UU.,94080.0
19837,Home Office,Lancaster,CA,EE. UU.,93535.0
16139,Home Office,Baldwin Park,CA,EE. UU.,91706.0
5963,Home Office,Elk Grove,CA,EE. UU.,95758.0
12435,Home Office,Summerville,SC,EE. UU.,29483.0
13151,Home Office,Dubuque,IA,EE. UU.,52001.0
13005,Home Office,Meridian,ID,EE. UU.,83642.0
13113,Home Office,Waukegan,IL,EE. UU.,60085.0
13144,Home Office,Phoenix,AZ,EE. UU.,85022.0
13392,Home Office,Bronx,NY,EE. UU.,10473.0
13281,Home Office,Carlsbad,CA,EE. UU.,92009.0
13227,Home Office,Canton,MI,EE. UU.,48187.0
13223,Home Office,Piscataway,NJ,EE. UU.,8854.0
13006,Home Office,Buffalo,NY,EE. UU.,14215.0
14204,Home Office,Las Vegas,NV,EE. UU.,89119.0
13987,Home Office,Newark,NJ,EE. UU.,7105.0
12779,Home Office,San Antonio,TX,EE. UU.,78227.0
13914,Home Office,Rome,NY,EE. UU.,13440.0
14733,Home Office,Long Beach,CA,EE. UU.,90804.0
13695,Home Office,Everett,WA,EE. UU.,98208.0
13694,Home Office,Houston,TX,EE. UU.,77072.0
13872,Home Office,Lewisville,TX,EE. UU.,75067.0
14014,Home Office,Fort Lauderdale,FL,EE. UU.,33313.0
13978,Home Office,New Orleans,LA,EE. UU.,70117.0
13883,Home Office,Newark,DE,EE. UU.,19702.0
13882,Home Office,Memphis,TN,EE. UU.,38118.0
14718,Home Office,West Covina,CA,EE. UU.,91790.0
12712,Home Office,West Covina,CA,EE. UU.,91790.0
12477,Home Office,Brooklyn,NY,EE. UU.,11230.0
12675,Home Office,Mcallen,TX,EE. UU.,78501.0
14931,Home Office,Webster,NY,EE. UU.,14580.0
13166,Home Office,Bronx,NY,EE. UU.,10472.0
14148,Home Office,Lansdale,PA,EE. UU.,19446.0
13021,Home Office,New York,NY,EE. UU.,10021.0
14360,Home Office,Tucson,AZ,EE. UU.,85706.0
14396,Home Office,Newark,DE,EE. UU.,19711.0
13051,Home Office,El Paso,TX,EE. UU.,79907.0
14638,Home Office,Mesquite,TX,EE. UU.,75149.0
14636,Home Office,Fort Worth,TX,EE. UU.,76116.0
14207,Home Office,Bridgeton,NJ,EE. UU.,8302.0
14597,Home Office,Bellflower,CA,EE. UU.,90706.0
14259,Home Office,Jacksonville,FL,EE. UU.,32244.0
13543,Home Office,Waipahu,HI,EE. UU.,96797.0
12488,Home Office,Chicago,IL,EE. UU.,60622.0
12627,Home Office,Portland,OR,EE. UU.,97206.0
12728,Home Office,Columbus,OH,EE. UU.,43207.0
12601,Home Office,Antioch,CA,EE. UU.,94509.0
15121,Home Office,La Crosse,WI,EE. UU.,54601.0
15013,Home Office,Katy,TX,EE. UU.,77450.0
15077,Home Office,Carrollton,TX,EE. UU.,75006.0
14081,Home Office,New York,NY,EE. UU.,10009.0
13771,Home Office,Winter Park,FL,EE. UU.,32792.0
11168,Home Office,Plainfield,NJ,EE. UU.,7060.0
104,Home Office,Saint Paul,MN,EE. UU.,55112.0
18183,Home Office,Grand Prairie,TX,EE. UU.,75052.0
19254,Home Office,Brooklyn,NY,EE. UU.,11236.0
17473,Home Office,Stone Mountain,GA,EE. UU.,30083.0
15322,Home Office,Yuma,AZ,EE. UU.,85364.0
17766,Home Office,Mount Pleasant,MI,EE. UU.,48858.0
18076,Home Office,Hyattsville,MD,EE. UU.,20783.0
18158,Home Office,Edison,NJ,EE. UU.,8817.0
16553,Home Office,Raleigh,NC,EE. UU.,27606.0
18835,Home Office,Quincy,MA,EE. UU.,2169.0
18778,Home Office,Lake Forest,CA,EE. UU.,92630.0
20421,Home Office,Ontario,CA,EE. UU.,91761.0
20492,Home Office,El Paso,TX,EE. UU.,79924.0
18377,Home Office,El Paso,TX,EE. UU.,79912.0
15954,Home Office,Clovis,CA,EE. UU.,93611.0
15637,Home Office,Forest Hills,NY,EE. UU.,11375.0
15384,Home Office,Los Angeles,CA,EE. UU.,90037.0
15308,Home Office,Bronx,NY,EE. UU.,10461.0
16242,Home Office,Upland,CA,EE. UU.,91786.0
17101,Home Office,Los Angeles,CA,EE. UU.,90018.0
16240,Home Office,Hagerstown,MD,EE. UU.,21740.0
16239,Home Office,San Francisco,CA,EE. UU.,94109.0
20293,Home Office,Brooklyn,NY,EE. UU.,11211.0
16359,Home Office,Albuquerque,NM,EE. UU.,87111.0
16197,Home Office,Hayward,CA,EE. UU.,94541.0
19925,Home Office,Union City,NJ,EE. UU.,7087.0
17142,Home Office,Virginia Beach,VA,EE. UU.,23454.0
17249,Home Office,Gardena,CA,EE. UU.,90247.0
19850,Home Office,Chicago,IL,EE. UU.,60623.0
16135,Home Office,La Habra,CA,EE. UU.,90631.0
18613,Home Office,Goleta,CA,EE. UU.,93117.0
18151,Home Office,Los Angeles,CA,EE. UU.,90065.0
18105,Home Office,Algonquin,IL,EE. UU.,60102.0
17902,Home Office,Bronx,NY,EE. UU.,10461.0
19249,Home Office,Hamilton,OH,EE. UU.,45011.0
16519,Home Office,Wyandotte,MI,EE. UU.,48192.0
16532,Home Office,Brooklyn,NY,EE. UU.,11213.0
15845,Home Office,Philadelphia,PA,EE. UU.,19148.0
15899,Home Office,Greensboro,NC,EE. UU.,27410.0
15842,Home Office,El Paso,TX,EE. UU.,79927.0
20428,Home Office,Aurora,CO,EE. UU.,80012.0
15967,Home Office,Aurora,CO,EE. UU.,80012.0
20659,Home Office,Waipahu,HI,EE. UU.,96797.0
18380,Home Office,Loveland,OH,EE. UU.,45140.0
16005,Home Office,West Jordan,UT,EE. UU.,84084.0
15482,Home Office,Hyattsville,MD,EE. UU.,20783.0
15366,Home Office,Perth Amboy,NJ,EE. UU.,8861.0
15383,Home Office,Hayward,CA,EE. UU.,94544.0
17613,Home Office,Mchenry,IL,EE. UU.,60050.0
17552,Home Office,York,PA,EE. UU.,17404.0
17560,Home Office,Peabody,MA,EE. UU.,1960.0
16241,Home Office,Quincy,MA,EE. UU.,2169.0
16133,Home Office,Ypsilanti,MI,EE. UU.,48197.0
19846,Home Office,Newark,DE,EE. UU.,19711.0
16238,Home Office,Miami,FL,EE. UU.,33157.0
16182,Home Office,Kent,WA,EE. UU.,98031.0
17867,Home Office,Roswell,GA,EE. UU.,30075.0
20235,Home Office,Harlingen,TX,EE. UU.,78550.0
18922,Home Office,Waukegan,IL,EE. UU.,60085.0
19873,Home Office,Ann Arbor,MI,EE. UU.,48103.0
15166,Home Office,Brooklyn,NY,EE. UU.,11201.0
16156,Home Office,Los Angeles,CA,EE. UU.,90065.0
19976,Home Office,Carlisle,PA,EE. UU.,17013.0
19975,Home Office,Huntington Beach,CA,EE. UU.,92646.0
20262,Home Office,Seattle,WA,EE. UU.,98115.0
18098,Home Office,Lansdale,PA,EE. UU.,19446.0
20730,Home Office,Hialeah,FL,EE. UU.,33015.0
20635,Home Office,Dorchester Center,MA,EE. UU.,2124.0
20670,Home Office,Paramount,CA,EE. UU.,90723.0
17609,Home Office,Citrus Heights,CA,EE. UU.,95610.0
17545,Home Office,Apopka,FL,EE. UU.,32703.0
15156,Home Office,Ypsilanti,MI,EE. UU.,48197.0
18587,Home Office,Las Vegas,NV,EE. UU.,89103.0
18956,Home Office,Fullerton,CA,EE. UU.,92833.0
19848,Home Office,Detroit,MI,EE. UU.,48213.0
12275,Home Office,Modesto,CA,EE. UU.,95355.0
7154,Home Office,Chicago,IL,EE. UU.,60622.0
3779,Home Office,Madera,CA,EE. UU.,93638.0
13506,Consumer,Caguas,PR,Puerto Rico,725.0
14498,Consumer,Caguas,PR,Puerto Rico,725.0
14160,Consumer,Caguas,PR,Puerto Rico,725.0
14268,Consumer,Caguas,PR,Puerto Rico,725.0
14840,Consumer,Caguas,PR,Puerto Rico,725.0
493,Consumer,Caguas,PR,Puerto Rico,725.0
12460,Consumer,Caguas,PR,Puerto Rico,725.0
12459,Consumer,San Juan,PR,Puerto Rico,921.0
14941,Consumer,Caguas,PR,Puerto Rico,725.0
18149,Consumer,Caguas,PR,Puerto Rico,725.0
16439,Consumer,Caguas,PR,Puerto Rico,725.0
16618,Consumer,Caguas,PR,Puerto Rico,725.0
18812,Consumer,Caguas,PR,Puerto Rico,725.0
16037,Consumer,Caguas,PR,Puerto Rico,725.0
17639,Consumer,Caguas,PR,Puerto Rico,725.0
15336,Consumer,Caguas,PR,Puerto Rico,725.0
15630,Consumer,Caguas,PR,Puerto Rico,725.0
20061,Consumer,Caguas,PR,Puerto Rico,725.0
20347,Consumer,Caguas,PR,Puerto Rico,725.0
18907,Consumer,Caguas,PR,Puerto Rico,725.0
17076,Consumer,Caguas,PR,Puerto Rico,725.0
18995,Consumer,Caguas,PR,Puerto Rico,725.0
17884,Consumer,Caguas,PR,Puerto Rico,725.0
17120,Consumer,Caguas,PR,Puerto Rico,725.0
13502,Consumer,Caguas,PR,Puerto Rico,725.0
13061,Consumer,Caguas,PR,Puerto Rico,725.0
12720,Consumer,Caguas,PR,Puerto Rico,725.0
16557,Consumer,Caguas,PR,Puerto Rico,725.0
19273,Consumer,Caguas,PR,Puerto Rico,725.0
18846,Consumer,Caguas,PR,Puerto Rico,725.0
14647,Consumer,Caguas,PR,Puerto Rico,725.0
13340,Consumer,Caguas,PR,Puerto Rico,725.0
14641,Consumer,Caguas,PR,Puerto Rico,725.0
13999,Consumer,Caguas,PR,Puerto Rico,725.0
13889,Consumer,Caguas,PR,Puerto Rico,725.0
13853,Consumer,Caguas,PR,Puerto Rico,725.0
18247,Consumer,Caguas,PR,Puerto Rico,725.0
19196,Consumer,Caguas,PR,Puerto Rico,725.0
19212,Consumer,Caguas,PR,Puerto Rico,725.0
16547,Consumer,Caguas,PR,Puerto Rico,725.0
15908,Consumer,Caguas,PR,Puerto Rico,725.0
18481,Consumer,Caguas,PR,Puerto Rico,725.0
15949,Consumer,Caguas,PR,Puerto Rico,725.0
18390,Consumer,Caguas,PR,Puerto Rico,725.0
20571,Consumer,Caguas,PR,Puerto Rico,725.0
15929,Consumer,Caguas,PR,Puerto Rico,725.0
18513,Consumer,Caguas,PR,Puerto Rico,725.0
17377,Consumer,Caguas,PR,Puerto Rico,725.0
17427,Consumer,Caguas,PR,Puerto Rico,725.0
15588,Consumer,Caguas,PR,Puerto Rico,725.0
18695,Consumer,Caguas,PR,Puerto Rico,725.0
15407,Consumer,Caguas,PR,Puerto Rico,725.0
17599,Consumer,Caguas,PR,Puerto Rico,725.0
18981,Consumer,Caguas,PR,Puerto Rico,725.0
20185,Consumer,Caguas,PR,Puerto Rico,725.0
17849,Consumer,Caguas,PR,Puerto Rico,725.0
19836,Consumer,Caguas,PR,Puerto Rico,725.0
16279,Consumer,Caguas,PR,Puerto Rico,725.0
13004,Consumer,Caguas,PR,Puerto Rico,725.0
14346,Consumer,Caguas,PR,Puerto Rico,725.0
14238,Consumer,Caguas,PR,Puerto Rico,725.0
14328,Consumer,Caguas,PR,Puerto Rico,725.0
14539,Consumer,Caguas,PR,Puerto Rico,725.0
14464,Consumer,Caguas,PR,Puerto Rico,725.0
13522,Consumer,Caguas,PR,Puerto Rico,725.0
13143,Consumer,Caguas,PR,Puerto Rico,725.0
14158,Consumer,Caguas,PR,Puerto Rico,725.0
14390,Consumer,Caguas,PR,Puerto Rico,725.0
14101,Consumer,Caguas,PR,Puerto Rico,725.0
13513,Consumer,Caguas,PR,Puerto Rico,725.0
13027,Consumer,Caguas,PR,Puerto Rico,725.0
14436,Consumer,Caguas,PR,Puerto Rico,725.0
13730,Consumer,Caguas,PR,Puerto Rico,725.0
13637,Consumer,Caguas,PR,Puerto Rico,725.0
13582,Consumer,Caguas,PR,Puerto Rico,725.0
14030,Consumer,Guaynabo,PR,Puerto Rico,969.0
14831,Consumer,Caguas,PR,Puerto Rico,725.0
14902,Consumer,Caguas,PR,Puerto Rico,725.0
13809,Consumer,Caguas,PR,Puerto Rico,725.0
12650,Consumer,Caguas,PR,Puerto Rico,725.0
12646,Consumer,Caguas,PR,Puerto Rico,725.0
12447,Consumer,Caguas,PR,Puerto Rico,725.0
12497,Consumer,Caguas,PR,Puerto Rico,725.0
12568,Consumer,Caguas,PR,Puerto Rico,725.0
12729,Consumer,Caguas,PR,Puerto Rico,725.0
12691,Consumer,Caguas,PR,Puerto Rico,725.0
12492,Consumer,Caguas,PR,Puerto Rico,725.0
12850,Consumer,Caguas,PR,Puerto Rico,725.0
12848,Consumer,Caguas,PR,Puerto Rico,725.0
14974,Consumer,Caguas,PR,Puerto Rico,725.0
15008,Consumer,Caguas,PR,Puerto Rico,725.0
14971,Consumer,Caguas,PR,Puerto Rico,725.0
12870,Consumer,Caguas,PR,Puerto Rico,725.0
14982,Consumer,Caguas,PR,Puerto Rico,725.0
7909,Consumer,Caguas,PR,Puerto Rico,725.0
1047,Consumer,Caguas,PR,Puerto Rico,725.0
18117,Consumer,Caguas,PR,Puerto Rico,725.0
18170,Consumer,Caguas,PR,Puerto Rico,725.0
18201,Consumer,Caguas,PR,Puerto Rico,725.0
18141,Consumer,Caguas,PR,Puerto Rico,725.0
18103,Consumer,Caguas,PR,Puerto Rico,725.0
19063,Consumer,Caguas,PR,Puerto Rico,725.0
19203,Consumer,Caguas,PR,Puerto Rico,725.0
16417,Consumer,Caguas,PR,Puerto Rico,725.0
19075,Consumer,Caguas,PR,Puerto Rico,725.0
15761,Consumer,Caguas,PR,Puerto Rico,725.0
15743,Consumer,Caguas,PR,Puerto Rico,725.0
18759,Consumer,Caguas,PR,Puerto Rico,725.0
15722,Consumer,Caguas,PR,Puerto Rico,725.0
18829,Consumer,Caguas,PR,Puerto Rico,725.0
17362,Consumer,Caguas,PR,Puerto Rico,725.0
17941,Consumer,Caguas,PR,Puerto Rico,725.0
17307,Consumer,Caguas,PR,Puerto Rico,725.0
20713,Consumer,Caguas,PR,Puerto Rico,725.0
18333,Consumer,Caguas,PR,Puerto Rico,725.0
8329,Consumer,Caguas,PR,Puerto Rico,725.0
18405,Consumer,Caguas,PR,Puerto Rico,725.0
18440,Consumer,Caguas,PR,Puerto Rico,725.0
17339,Consumer,Caguas,PR,Puerto Rico,725.0
18295,Consumer,Caguas,PR,Puerto Rico,725.0
17374,Consumer,Caguas,PR,Puerto Rico,725.0
18026,Consumer,Caguas,PR,Puerto Rico,725.0
16032,Consumer,Caguas,PR,Puerto Rico,725.0
18472,Consumer,Caguas,PR,Puerto Rico,725.0
18024,Consumer,Caguas,PR,Puerto Rico,725.0
20398,Consumer,Caguas,PR,Puerto Rico,725.0
17278,Consumer,Caguas,PR,Puerto Rico,725.0
20647,Consumer,Caguas,PR,Puerto Rico,725.0
20431,Consumer,Caguas,PR,Puerto Rico,725.0
15934,Consumer,Caguas,PR,Puerto Rico,725.0
15358,Consumer,Caguas,PR,Puerto Rico,725.0
15370,Consumer,Caguas,PR,Puerto Rico,725.0
9929,Consumer,Caguas,PR,Puerto Rico,725.0
15622,Consumer,Caguas,PR,Puerto Rico,725.0
18711,Consumer,Caguas,PR,Puerto Rico,725.0
15296,Consumer,Caguas,PR,Puerto Rico,725.0
15559,Consumer,Caguas,PR,Puerto Rico,725.0
15666,Consumer,Caguas,PR,Puerto Rico,725.0
15576,Consumer,Caguas,PR,Puerto Rico,725.0
17557,Consumer,Caguas,PR,Puerto Rico,725.0
17584,Consumer,Caguas,PR,Puerto Rico,725.0
17565,Consumer,Caguas,PR,Puerto Rico,725.0
19020,Consumer,Guayama,PR,Puerto Rico,784.0
18539,Consumer,Caguas,PR,Puerto Rico,725.0
15159,Consumer,Caguas,PR,Puerto Rico,725.0
15266,Consumer,Caguas,PR,Puerto Rico,725.0
20042,Consumer,Caguas,PR,Puerto Rico,725.0
20077,Consumer,Caguas,PR,Puerto Rico,725.0
16145,Consumer,Caguas,PR,Puerto Rico,725.0
20074,Consumer,Caguas,PR,Puerto Rico,725.0
20344,Consumer,Caguas,PR,Puerto Rico,725.0
17072,Consumer,Caguas,PR,Puerto Rico,725.0
15149,Consumer,Caguas,PR,Puerto Rico,725.0
18617,Consumer,Caguas,PR,Puerto Rico,725.0
20085,Consumer,Caguas,PR,Puerto Rico,725.0
18543,Consumer,Caguas,PR,Puerto Rico,725.0
20228,Consumer,Caguas,PR,Puerto Rico,725.0
8213,Consumer,Caguas,PR,Puerto Rico,725.0
3657,Consumer,Caguas,PR,Puerto Rico,725.0
13473,Consumer,Caguas,PR,Puerto Rico,725.0
13201,Consumer,Caguas,PR,Puerto Rico,725.0
13326,Consumer,Caguas,PR,Puerto Rico,725.0
13342,Consumer,Caguas,PR,Puerto Rico,725.0
13465,Consumer,Caguas,PR,Puerto Rico,725.0
13373,Consumer,Caguas,PR,Puerto Rico,725.0
14265,Consumer,Caguas,PR,Puerto Rico,725.0
14491,Consumer,Caguas,PR,Puerto Rico,725.0
13315,Consumer,Caguas,PR,Puerto Rico,725.0
13313,Consumer,Caguas,PR,Puerto Rico,725.0
14505,Consumer,Caguas,PR,Puerto Rico,725.0
14887,Consumer,Caguas,PR,Puerto Rico,725.0
14793,Consumer,Caguas,PR,Puerto Rico,725.0
13936,Consumer,Caguas,PR,Puerto Rico,725.0
14810,Consumer,Caguas,PR,Puerto Rico,725.0
14042,Consumer,Caguas,PR,Puerto Rico,725.0
12739,Consumer,Caguas,PR,Puerto Rico,725.0
12666,Consumer,Caguas,PR,Puerto Rico,725.0
12683,Consumer,Caguas,PR,Puerto Rico,725.0
12693,Consumer,Humacao,PR,Puerto Rico,791.0
12958,Consumer,Caguas,PR,Puerto Rico,725.0
12956,Consumer,Caguas,PR,Puerto Rico,725.0
12899,Consumer,Caguas,PR,Puerto Rico,725.0
15020,Consumer,Caguas,PR,Puerto Rico,725.0
15018,Consumer,Caguas,PR,Puerto Rico,725.0
13212,Consumer,Caguas,PR,Puerto Rico,725.0
6647,Consumer,Caguas,PR,Puerto Rico,725.0
14943,Consumer,Caguas,PR,Puerto Rico,725.0
7014,Consumer,Caguas,PR,Puerto Rico,725.0
18164,Consumer,Caguas,PR,Puerto Rico,725.0
18180,Consumer,Caguas,PR,Puerto Rico,725.0
19141,Consumer,Caguas,PR,Puerto Rico,725.0
16497,Consumer,Caguas,PR,Puerto Rico,725.0
19083,Consumer,Caguas,PR,Puerto Rico,725.0
19168,Consumer,Caguas,PR,Puerto Rico,725.0
16509,Consumer,Caguas,PR,Puerto Rico,725.0
16507,Consumer,Caguas,PR,Puerto Rico,725.0
19110,Consumer,Caguas,PR,Puerto Rico,725.0
19216,Consumer,Caguas,PR,Puerto Rico,725.0
18755,Consumer,Caguas,PR,Puerto Rico,725.0
15734,Consumer,Caguas,PR,Puerto Rico,725.0
15912,Consumer,Caguas,PR,Puerto Rico,725.0
18763,Consumer,Caguas,PR,Puerto Rico,725.0
18757,Consumer,Caguas,PR,Puerto Rico,725.0
18444,Consumer,Caguas,PR,Puerto Rico,725.0
18372,Consumer,Rio Grande,PR,Puerto Rico,745.0
17957,Consumer,Caguas,PR,Puerto Rico,725.0
17268,Consumer,Caguas,PR,Puerto Rico,725.0
18311,Consumer,Caguas,PR,Puerto Rico,725.0
20453,Consumer,Caguas,PR,Puerto Rico,725.0
20632,Consumer,Caguas,PR,Puerto Rico,725.0
20596,Consumer,Caguas,PR,Puerto Rico,725.0
17384,Consumer,Caguas,PR,Puerto Rico,725.0
17723,Consumer,Caguas,PR,Puerto Rico,725.0
17382,Consumer,Caguas,PR,Puerto Rico,725.0
17436,Consumer,Caguas,PR,Puerto Rico,725.0
15305,Consumer,Caguas,PR,Puerto Rico,725.0
18682,Consumer,Caguas,PR,Puerto Rico,725.0
18644,Consumer,Caguas,PR,Puerto Rico,725.0
15499,Consumer,Caguas,PR,Puerto Rico,725.0
15404,Consumer,Caguas,PR,Puerto Rico,725.0
15294,Consumer,Caguas,PR,Puerto Rico,725.0
18707,Consumer,Caguas,PR,Puerto Rico,725.0
15578,Consumer,Caguas,PR,Puerto Rico,725.0
20189,Consumer,Caguas,PR,Puerto Rico,725.0
20080,Consumer,Caguas,PR,Puerto Rico,725.0
17871,Consumer,Caguas,PR,Puerto Rico,725.0
20006,Consumer,Caguas,PR,Puerto Rico,725.0
16148,Consumer,Caguas,PR,Puerto Rico,725.0
17041,Consumer,Caguas,PR,Puerto Rico,725.0
19031,Consumer,Caguas,PR,Puerto Rico,725.0
17885,Consumer,Carolina,PR,Puerto Rico,983.0
15185,Consumer,Caguas,PR,Puerto Rico,725.0
17178,Consumer,Caguas,PR,Puerto Rico,725.0
19995,Consumer,Caguas,PR,Puerto Rico,725.0
20264,Consumer,Vega Baja,PR,Puerto Rico,693.0
19166,Consumer,Caguas,PR,Puerto Rico,725.0
18808,Consumer,Caguas,PR,Puerto Rico,725.0
20684,Consumer,Caguas,PR,Puerto Rico,725.0
17982,Consumer,Caguas,PR,Puerto Rico,725.0
15352,Consumer,Caguas,PR,Puerto Rico,725.0
16319,Consumer,Caguas,PR,Puerto Rico,725.0
16335,Consumer,Caguas,PR,Puerto Rico,725.0
4525,Consumer,Caguas,PR,Puerto Rico,725.0
14537,Consumer,Caguas,PR,Puerto Rico,725.0
14615,Consumer,Caguas,PR,Puerto Rico,725.0
13660,Consumer,Caguas,PR,Puerto Rico,725.0
12786,Consumer,Caguas,PR,Puerto Rico,725.0
13956,Consumer,Caguas,PR,Puerto Rico,725.0
14808,Consumer,Caguas,PR,Puerto Rico,725.0
12718,Consumer,Caguas,PR,Puerto Rico,725.0
12588,Consumer,Caguas,PR,Puerto Rico,725.0
12584,Consumer,Caguas,PR,Puerto Rico,725.0
14999,Consumer,Caguas,PR,Puerto Rico,725.0
12604,Consumer,Caguas,PR,Puerto Rico,725.0
18263,Consumer,Caguas,PR,Puerto Rico,725.0
19098,Consumer,Caguas,PR,Puerto Rico,725.0
19276,Consumer,Caguas,PR,Puerto Rico,725.0
15727,Consumer,Caguas,PR,Puerto Rico,725.0
18847,Consumer,Toa Alta,PR,Puerto Rico,953.0
18012,Consumer,Caguas,PR,Puerto Rico,725.0
15943,Consumer,Caguas,PR,Puerto Rico,725.0
17657,Consumer,Caguas,PR,Puerto Rico,725.0
17675,Consumer,Caguas,PR,Puerto Rico,725.0
17315,Consumer,Caguas,PR,Puerto Rico,725.0
15643,Consumer,Caguas,PR,Puerto Rico,725.0
17529,Consumer,Caguas,PR,Puerto Rico,725.0
20094,Consumer,Caguas,PR,Puerto Rico,725.0
19913,Consumer,Caguas,PR,Puerto Rico,725.0
20092,Consumer,Caguas,PR,Puerto Rico,725.0
19890,Consumer,Caguas,PR,Puerto Rico,725.0
15271,Consumer,Caguas,PR,Puerto Rico,725.0
20008,Consumer,Caguas,PR,Puerto Rico,725.0
12466,Home Office,Caguas,PR,Puerto Rico,725.0
14626,Home Office,Caguas,PR,Puerto Rico,725.0
13071,Home Office,Caguas,PR,Puerto Rico,725.0
14586,Home Office,Caguas,PR,Puerto Rico,725.0
14656,Home Office,Caguas,PR,Puerto Rico,725.0
13078,Home Office,Caguas,PR,Puerto Rico,725.0
13536,Home Office,Caguas,PR,Puerto Rico,725.0
13871,Home Office,Caguas,PR,Puerto Rico,725.0
1642,Home Office,Caguas,PR,Puerto Rico,725.0
12724,Home Office,San Juan,PR,Puerto Rico,921.0
18218,Home Office,Caguas,PR,Puerto Rico,725.0
16495,Home Office,Caguas,PR,Puerto Rico,725.0
16132,Home Office,Caguas,PR,Puerto Rico,725.0
17894,Home Office,Caguas,PR,Puerto Rico,725.0
19046,Home Office,Caguas,PR,Puerto Rico,725.0
15875,Home Office,Caguas,PR,Puerto Rico,725.0
17288,Home Office,Caguas,PR,Puerto Rico,725.0
17465,Home Office,Caguas,PR,Puerto Rico,725.0
18412,Home Office,Caguas,PR,Puerto Rico,725.0
17206,Home Office,Caguas,PR,Puerto Rico,725.0
18586,Home Office,Caguas,PR,Puerto Rico,725.0
16322,Home Office,Caguas,PR,Puerto Rico,725.0
18579,Home Office,Caguas,PR,Puerto Rico,725.0
16244,Home Office,Caguas,PR,Puerto Rico,725.0
2677,Home Office,Caguas,PR,Puerto Rico,725.0
